image_id,image_path,text_desc,weight,color,season,taste,shape,label,id
IMG_0722.JPG,https://drive.google.com/file/d/1vg-GsRAI8E7BrHr3k1ZrvEeIYQ-WRBUq/view?usp=drivesdk,A medium item distinguishable by its purple hue and round form.,166,Yellow,Year Round,Crisp,Round,onion,1
IMG_0723.JPG,https://drive.google.com/file/d/1uvMn74zXTj3kx2YlTwMqsiAtJK60Eb6X/view?usp=drivesdk,A medium globe-shaped item with a layered earthy surface.,166,Orange,Summer,Earthy,Round,onion,2
IMG_0724.JPG,https://drive.google.com/file/d/1nRx_42wjuH0L4P3zbd4uMWyDQ5vy7flO/view?usp=drivesdk,A medium organic matter distinguishable by its brownish hue and round form.,166,Orange,Spring,Juicy,Round,onion,3
IMG_0725.JPG,https://drive.google.com/file/d/1Jaf-VjidhZJTQMWpqM6scosIqNDTv6JB/view?usp=drivesdk,This produce is orb-like and features a smooth appearance.,159,Orange,Autumn,Juicy,Long,onion,4
IMG_0726.JPG,https://drive.google.com/file/d/1wK2STOXlXYLoLAkODFdYP9zU9IeUVrxt/view?usp=drivesdk,A white item with a orb-like silhouette.,159,Orange,Summer,Juicy,Oval,onion,5
IMG_0727.JPG,https://drive.google.com/file/d/1fbX2XeV0js-nq4CARG22IGMpEQkWRc5H/view?usp=drivesdk,This object is orb-like and features a shiny appearance.,159,Orange,Summer,Juicy,Irregular,onion,6
IMG_0728.JPG,https://drive.google.com/file/d/1A2ANhVP2nnQVCMi6-nplWfYtlWTmw1DH/view?usp=drivesdk,A medium item distinguishable by its purple hue and globe-shaped form.,159,Orange,Year Round,Earthy,Oval,onion,7
IMG_0729.JPG,https://drive.google.com/file/d/1hF6cH6U1DjvTht5ZLK0FJynLVUcg1BO6/view?usp=drivesdk,A small globe-shaped specimen with a layered tan surface.,237,Yellow,Summer,Sharp,Round,onion,8
IMG_0730.JPG,https://drive.google.com/file/d/1ScJsZDuxMPP1qvJpip2VgaiGJbIzpYlE/view?usp=drivesdk,A medium organic matter distinguishable by its white hue and spherical form.,237,Orange,Autumn,Crisp,Asymmetric,onion,9
IMG_0731.JPG,https://drive.google.com/file/d/1a9v_TnrucTbdJL8uIHXtAuQXLwHzOPby/view?usp=drivesdk,This specimen is spherical and features a smooth appearance.,237,Yellow,Spring,Mild,Cylindrical,onion,10
IMG_0732.JPG,https://drive.google.com/file/d/14n0hhEUJbfnCMI3cyxfaF2d3eI4SpzRg/view?usp=drivesdk,A medium produce distinguishable by its beige hue and spherical form.,237,Yellow,Autumn,Mild,Globular,onion,11
IMG_0733.JPG,https://drive.google.com/file/d/1nzl32uKO5WbXgsCRumR8xyCnHH5LMUO8/view?usp=drivesdk,This organic matter is spherical and features a polished appearance.,96,Orange,Summer,Earthy,Conical,onion,12
IMG_0734.JPG,https://drive.google.com/file/d/1hBiJxUH08hBx4scOAn3Z2sPl5xilT4bC/view?usp=drivesdk,A small round produce with a thin beige surface.,96,Orange,Year Round,Crisp,Globular,onion,13
IMG_0735.JPG,https://drive.google.com/file/d/12JUR4LV4XX-GZ6e-M4sXwrfMwQwpgX4D/view?usp=drivesdk,A white organic matter with a orb-like silhouette.,96,Orange,Summer,Sharp,Round,onion,14
IMG_0736.JPG,https://drive.google.com/file/d/1npemNgl-0OySllBzG5WA697KvCrbsZyQ/view?usp=drivesdk,This organic matter is circular and features a sleek appearance.,96,Yellow,Autumn,Mild,Globular,onion,15
IMG_0737.JPG,https://drive.google.com/file/d/1khBj5HtGrcxiq-0UQHtY4C2JEqtNz_XD/view?usp=drivesdk,A medium sample distinguishable by its pale hue and round form.,152,Brown,Summer,Crisp,Irregular,onion,16
IMG_0738.JPG,https://drive.google.com/file/d/1_j-gct4BMnoybgShaDQATbrQZRtG68Iu/view?usp=drivesdk,A medium specimen distinguishable by its tan hue and orb-like form.,152,Brown,Summer,Crisp,Long,onion,17
IMG_0739.JPG,https://drive.google.com/file/d/1OcGWz3kaIeBNhIMHl4lk_17BThcIjott/view?usp=drivesdk,A small round specimen with a dry white surface.,152,Orange,Spring,Earthy,Flattened,onion,18
IMG_0740.JPG,https://drive.google.com/file/d/1HD8oeALq7csTf3P6A6PYq_y2sfnhIBkx/view?usp=drivesdk,A purple produce with a spherical silhouette.,152,Orange,Year Round,Earthy,Round,onion,19
IMG_0741.JPG,https://drive.google.com/file/d/1b_uKVxzPPEgiQarVrPS-jaXA08fy5Ghy/view?usp=drivesdk,A beige organic matter with a spherical silhouette.,174,Brown,Autumn,Juicy,Long,onion,20
IMG_0742.JPG,https://drive.google.com/file/d/18cibItKxy_ePiN11FIpeHDBqmwWar1cU/view?usp=drivesdk,A beige item with a spherical silhouette.,174,Brown,Autumn,Sharp,Irregular,onion,21
IMG_0743.JPG,https://drive.google.com/file/d/1byN_eECU7rW5mv6rCTCf_s8_TQA5YY6T/view?usp=drivesdk,A medium globe-shaped organic matter with a polished tan surface.,174,Brown,Summer,Juicy,Long,onion,22
IMG_0744.JPG,https://drive.google.com/file/d/1W6JtmxDW_7SozYb5Jdu3UHBpASuLhT6c/view?usp=drivesdk,A medium item distinguishable by its purple hue and globe-shaped form.,174,Brown,Year Round,Earthy,Asymmetric,onion,23
IMG_0745.JPG,https://drive.google.com/file/d/140P7jw3EtFnAZNRybti0EaVAmieT9mB-/view?usp=drivesdk,A small produce distinguishable by its purple hue and round form.,100,Brown,Summer,Sharp,Flattened,onion,24
IMG_0746.JPG,https://drive.google.com/file/d/1RCm7_vB_UYoGYr2GPVP3ekyr4YH8fp6_/view?usp=drivesdk,A white specimen with a round silhouette.,100,Brown,Spring,Mild,Round,onion,25
IMG_0747.JPG,https://drive.google.com/file/d/1aTktc3vAe34Uf7ztPiWHoLspvoe8awBW/view?usp=drivesdk,A medium organic matter distinguishable by its purple hue and round form.,100,Brown,Year Round,Juicy,Cylindrical,onion,26
IMG_0748.JPG,https://drive.google.com/file/d/1ucxQQGYDxWGdRWPwhu5ZKDvzUZKh19Rm/view?usp=drivesdk,A white sample with a circular silhouette.,100,Brown,Summer,Crisp,Irregular,onion,27
IMG_0749.JPG,https://drive.google.com/file/d/1AM02Si2aKz88ChwQgpzNO_0QAxT_rUFY/view?usp=drivesdk,A small spherical organic matter with a papery pale surface.,174,Brown,Summer,Earthy,Oval,onion,28
IMG_0750.JPG,https://drive.google.com/file/d/1aiwpzUuO311qnHD0G8TVA_IOXADpiIvO/view?usp=drivesdk,A small round sample with a glossy earthy surface.,174,Orange,Autumn,Savory,Irregular,onion,29
IMG_0751.JPG,https://drive.google.com/file/d/1ap_RZ05KVUN4DWhXrTjtuW-ed6wDGmXd/view?usp=drivesdk,This organic matter is spherical and features a thin appearance.,174,Orange,Year Round,Earthy,Cylindrical,onion,30
IMG_0752.JPG,https://drive.google.com/file/d/1ogtJOJHAKaEyO63_a5rkdTdlZMxauuFv/view?usp=drivesdk,This produce is globe-shaped and features a smooth appearance.,174,Yellow,Autumn,Savory,Flattened,onion,31
IMG_0753.JPG,https://drive.google.com/file/d/1mRi-LgKkOTdPYqS4KtHvySjei_vofLBY/view?usp=drivesdk,A medium round item with a dry pale surface.,217,Orange,Year Round,Sharp,Round,onion,32
IMG_0754.JPG,https://drive.google.com/file/d/112K8VH1cE8CwdSPVYuQEy-WRutQcl-zb/view?usp=drivesdk,A small produce distinguishable by its brownish hue and round form.,217,Orange,Autumn,Crisp,Globular,onion,33
IMG_0755.JPG,https://drive.google.com/file/d/1N-H2kbgmIyE3dmfE2vnt5wVlooMJDfLL/view?usp=drivesdk,An organic specimen that feels dry to the touch and looks spherical.,217,Orange,Spring,Savory,Cylindrical,onion,34
IMG_0756.JPG,https://drive.google.com/file/d/1lll1C4BhbBXtQGA_vlmLMmgMxjS2lTMp/view?usp=drivesdk,An organic object that feels flaky to the touch and looks round.,217,Brown,Autumn,Juicy,Conical,onion,35
IMG_0757.JPG,https://drive.google.com/file/d/1de80lI5SkFNaE0zh8UyGoVutUSqot-NI/view?usp=drivesdk,A small circular sample with a layered white surface.,200,Purple,Summer,Juicy,Long,onion,36
IMG_0758.JPG,https://drive.google.com/file/d/1rM4YdZV0MrEUN9Jj-W60CFqXn1YIv6k-/view?usp=drivesdk,An organic sample that feels smooth to the touch and looks spherical.,200,Dark Red,Summer,Mild,Globular,onion,37
IMG_0759.JPG,https://drive.google.com/file/d/1kdaVO9Y7SRhPDwzjnSYsxGcIAKzwuRQ-/view?usp=drivesdk,This produce is orb-like and features a papery appearance.,200,Dark Red,Year Round,Earthy,Irregular,onion,38
IMG_0760.JPG,https://drive.google.com/file/d/1J3jFHU7m4huxmHibOI5ww9ZnpwBnj9z6/view?usp=drivesdk,This item is orb-like and features a papery appearance.,200,Dark Red,Year Round,Crisp,Globular,onion,39
IMG_0761.JPG,https://drive.google.com/file/d/1RljO9zIeBoKzWlM_3N0slwDcOlbHIpwj/view?usp=drivesdk,A medium organic matter distinguishable by its brownish hue and circular form.,151,Dark Red,Year Round,Mild,Oval,onion,40
IMG_0762.JPG,https://drive.google.com/file/d/1xEe_4DZrgIXirXtsB4YQ8TyhnoxMTYXS/view?usp=drivesdk,A small produce distinguishable by its white hue and orb-like form.,151,Red,Autumn,Sharp,Long,onion,41
IMG_0763.JPG,https://drive.google.com/file/d/1KWF7f7q0DFkT7XiX5rKkQO3Iz7kYSNb2/view?usp=drivesdk,A small round object with a flaky earthy surface.,151,Dark Red,Year Round,Earthy,Cylindrical,onion,42
IMG_0764.JPG,https://drive.google.com/file/d/1fq1iYp52ODxVXMF_i_urTSBL01DyIS1f/view?usp=drivesdk,A medium orb-like object with a sleek purple surface.,151,Dark Red,Spring,Earthy,Flattened,onion,43
IMG_0765.JPG,https://drive.google.com/file/d/1otX2AmnNeF2ABr_hPucv6_LfJCtVxZcX/view?usp=drivesdk,A small object distinguishable by its white hue and orb-like form.,133,Dark Red,Spring,Earthy,Cylindrical,onion,44
IMG_0766.JPG,https://drive.google.com/file/d/1u1hAo9J7LhZlKgErFj2wp-UIf-Y26nVe/view?usp=drivesdk,A medium organic matter distinguishable by its tan hue and circular form.,133,Purple,Autumn,Juicy,Globular,onion,45
IMG_0771.JPG,https://drive.google.com/file/d/1ArpML3Q1Rs3v_FyzMqyQKxFd1plP321V/view?usp=drivesdk,An organic object that feels flaky to the touch and looks circular.,133,Purple,Spring,Earthy,Globular,onion,46
IMG_0772.JPG,https://drive.google.com/file/d/1vu2lL-EaBWI4LH_FuBL9VB_-IyBEf3GS/view?usp=drivesdk,A white item with a spherical silhouette.,133,Dark Red,Spring,Juicy,Oval,onion,47
IMG_0773.JPG,https://drive.google.com/file/d/10t_oiAvJnyLOyUqTXN1CClAh59DiFDG5/view?usp=drivesdk,A medium spherical specimen with a polished white surface.,134,Yellow,Autumn,Crisp,Asymmetric,onion,48
IMG_0774.JPG,https://drive.google.com/file/d/1vswdGeRpbkw9Qk18zRjsmyzD-R88Tbzf/view?usp=drivesdk,A medium globe-shaped item with a thin beige surface.,134,Yellow,Year Round,Juicy,Flattened,onion,49
IMG_0775.JPG,https://drive.google.com/file/d/1e_UFyA0nnA9uPya5qoWCkvA06ghql4Fe/view?usp=drivesdk,A tan object with a globe-shaped silhouette.,134,Yellow,Summer,Crisp,Conical,onion,50
IMG_0776.JPG,https://drive.google.com/file/d/1GG3YzekhYoX1turZohcUzLyLoZmezrqG/view?usp=drivesdk,This item is spherical and features a papery appearance.,134,Yellow,Summer,Sharp,Globular,onion,51
IMG_0778.JPG,https://drive.google.com/file/d/1WLMJZAEyH9MMWbf0bssjQnu-9goYFccI/view?usp=drivesdk,An organic specimen that feels smooth to the touch and looks round.,194,Yellow,Summer,Juicy,Irregular,onion,52
IMG_0779.JPG,https://drive.google.com/file/d/1PufRrIC-tyCGaNXAWNZ4nJXU_dlwmahd/view?usp=drivesdk,A medium produce distinguishable by its tan hue and orb-like form.,194,Yellow,Year Round,Savory,Asymmetric,onion,53
IMG_0783.JPG,https://drive.google.com/file/d/127ElU2OIur97AwT9tgEEJTdipB6V3ZTH/view?usp=drivesdk,A purple sample with a round silhouette.,126,Yellow,Year Round,Earthy,Round,onion,54
IMG_0784.JPG,https://drive.google.com/file/d/1yB_8qZpv1LxrlVyNCZOkNl0SVQOtZP-F/view?usp=drivesdk,An organic sample that feels layered to the touch and looks round.,126,Yellow,Year Round,Mild,Conical,onion,55
IMG_0785.JPG,https://drive.google.com/file/d/1VN5Js69FTW1Sy856oK4GXtyJDDLsEG39/view?usp=drivesdk,A small sample distinguishable by its tan hue and spherical form.,144,Yellow,Autumn,Mild,Globular,onion,56
IMG_0786.JPG,https://drive.google.com/file/d/1mH9p6PxoRg4Kuy5hmxuTZcjFOuXmkGQS/view?usp=drivesdk,A medium produce distinguishable by its pale hue and globe-shaped form.,144,Yellow,Spring,Savory,Round,onion,57
IMG_0787.JPG,https://drive.google.com/file/d/1L-9yc9uTM5SEpPpIm7wz6sy6QaDGCzVl/view?usp=drivesdk,An organic sample that feels sleek to the touch and looks round.,144,Yellow,Autumn,Earthy,Round,onion,58
IMG_0788.JPG,https://drive.google.com/file/d/1aU00WbIPgKKPdEl_kRvGRDobZnVREqJu/view?usp=drivesdk,A medium object distinguishable by its earthy hue and circular form.,144,Yellow,Autumn,Earthy,Round,onion,59
IMG_0789.JPG,https://drive.google.com/file/d/1j7BqcuMQhCRHv3kqKKyxhMieXwLJAKJL/view?usp=drivesdk,A chunky organic matter distinguishable by its pale hue and curved form.,455,Brown,Winter,Starchy,Long,potato,60
IMG_0790.JPG,https://drive.google.com/file/d/1VGwGsamUCNeBLz6-T1Y58mdb6o9Pb5Z6/view?usp=drivesdk,A chunky object distinguishable by its brownish hue and orb-like form.,455,Brown,Autumn,Earthy,Cylindrical,potato,61
IMG_0791.JPG,https://drive.google.com/file/d/1dOMvJ-N1nlukfOcFXoxvnywy1yYcXLd7/view?usp=drivesdk,This object is oblong and features a matte appearance.,455,Brown,Winter,Earthy,Oval,potato,62
IMG_0792.JPG,https://drive.google.com/file/d/1BX3Io5ujp3WkkXqRZ0hsc9O-bmpavGjM/view?usp=drivesdk,A pale produce with a spherical silhouette.,455,Brown,Winter,Savory,Cylindrical,potato,63
IMG_0793.JPG,https://drive.google.com/file/d/1qCzgVi5GjsSdJ6BPIji3gYDxYdFcscDI/view?usp=drivesdk,A chunky oblong sample with a uneven beige surface.,455,Brown,Autumn,Earthy,Round,potato,64
IMG_0794.JPG,https://drive.google.com/file/d/1KVkOmTYAuy8cJNp5m21uFACiuq27Eew-/view?usp=drivesdk,A variable circular produce with a textured tan surface.,455,Brown,Winter,Earthy,Asymmetric,potato,65
IMG_0806.JPG,https://drive.google.com/file/d/1SJLmZgqNiQRKEx7c3_2aMQVBoRO8dzDx/view?usp=drivesdk,A medium spherical organic matter with a dusty earthy surface.,322,Brown,Year Round,Earthy,Irregular,potato,66
IMG_0807.JPG,https://drive.google.com/file/d/1TVGfOn9DhyFxbvX9XGFK5xJPdd3Cb0rQ/view?usp=drivesdk,An organic produce that feels rough to the touch and looks curved.,322,Yellow,Autumn,Mild,Globular,potato,67
IMG_0808.JPG,https://drive.google.com/file/d/1_Tun8xHewR0aO2lBUvEqyxaGUz6-5UBA/view?usp=drivesdk,A medium produce distinguishable by its tan hue and circular form.,322,Orange,Winter,Earthy,Curved,potato,68
IMG_0809.JPG,https://drive.google.com/file/d/1VuGbYtO1x0Zbqp19JWfYjMSGzOUQwcOa/view?usp=drivesdk,A earthy item with a oblong silhouette.,322,Orange,Winter,Savory,Flattened,potato,69
IMG_0811.JPG,https://drive.google.com/file/d/12c9Cx7SMYfNNVUi7J5aUY5XsjrHpqXPA/view?usp=drivesdk,A pale object with a elongated silhouette.,322,Brown,Year Round,Starchy,Curved,potato,70
IMG_0812.JPG,https://drive.google.com/file/d/1ilP1txXynn2mQrcBqkSiOsk1Y9gMsD1P/view?usp=drivesdk,A medium globe-shaped sample with a matte pale surface.,322,Yellow,Autumn,Starchy,Round,potato,71
IMG_0813.JPG,https://drive.google.com/file/d/18jlLJ-gCTH73sf77Z_TRHt2aUD-00OCP/view?usp=drivesdk,A tan item with a oval silhouette.,232,Brown,Year Round,Starchy,Irregular,potato,72
IMG_0814.JPG,https://drive.google.com/file/d/1N5UiXI7L_SEvdK7JJrHdoFIz4xsmoU1y/view?usp=drivesdk,A chunky globe-shaped organic matter with a rough pale surface.,232,Brown,Winter,Starchy,Oval,potato,73
IMG_0815.JPG,https://drive.google.com/file/d/18G-9MKRPb84Vhz5JCnXhN7hZrPN6OAsk/view?usp=drivesdk,A beige sample with a elongated silhouette.,232,Orange,Autumn,Starchy,Curved,potato,74
IMG_0817.JPG,https://drive.google.com/file/d/1OrtErb50nQ8tdlG4g4dcQJ-6I2JQBeOS/view?usp=drivesdk,An organic organic matter that feels bumpy to the touch and looks orb-like.,232,Brown,Autumn,Savory,Cylindrical,potato,75
IMG_0818.JPG,https://drive.google.com/file/d/1uEHvl11dXQNrZrlumNEpahCB55STunZq/view?usp=drivesdk,A chunky round produce with a dusty tan surface.,232,Brown,Winter,Earthy,Cylindrical,potato,76
IMG_0820.JPG,https://drive.google.com/file/d/1uL8gB0yNLnEjTNBPmg3UI82RbBKSLpqm/view?usp=drivesdk,A medium globe-shaped item with a sleek warm-colored surface.,107,Green,Autumn,Crisp,Conical,apple,77
IMG_0821.JPG,https://drive.google.com/file/d/1Q-yytgsTtzCRXkE4_8FPlyBnKZRlo5Jj/view?usp=drivesdk,A green item with a orb-like silhouette.,107,Green,Winter,Juicy,Small-Round,apple,78
IMG_0822.JPG,https://drive.google.com/file/d/1CoakwA4pqZB_hLWrXxSJIVnCC5C9AtIx/view?usp=drivesdk,A palm-sized item distinguishable by its sunset-colored hue and globe-shaped form.,107,Green,Autumn,Tart,Oval,apple,79
IMG_0823.JPG,https://drive.google.com/file/d/1JUpE3ozWsxyHJW9hAYKMPS-LCwh6DSGT/view?usp=drivesdk,An organic object that feels smooth to the touch and looks round.,107,Green,Year Round,Fruity,Globular,apple,80
IMG_0824.JPG,https://drive.google.com/file/d/1j4fuldLGbvUssDhFOYv1gd9vyVBQKMLq/view?usp=drivesdk,A medium specimen distinguishable by its golden hue and orb-like form.,107,Green,Year Round,Crisp,Round,apple,81
IMG_0828.JPG,https://drive.google.com/file/d/1_D48mQMXac_fKahd9dXSaz9KcNR-Dy4l/view?usp=drivesdk,A medium organic matter distinguishable by its sunset-colored hue and circular form.,85,Orange,Autumn,Sharp,Flattened,apple,82
IMG_0829.JPG,https://drive.google.com/file/d/1YZGDJHhhY3beXGhQxzc9kc96FGbmWJdF/view?usp=drivesdk,A orange-hued produce with a circular silhouette.,85,Yellow,Winter,Fruity,Round,apple,83
IMG_0830.JPG,https://drive.google.com/file/d/197Q8xsezZ35ZFSqTbIeStHs4AVO7NSXD/view?usp=drivesdk,A medium orb-like object with a smooth golden surface.,96,Red,Autumn,Crisp,Round,apple,84
IMG_0831.JPG,https://drive.google.com/file/d/1lY3ziltH7Nnv8pUfwT2bAUSjm1yw38Vw/view?usp=drivesdk,An organic organic matter that feels glossy to the touch and looks round.,96,Yellow,Winter,Sweet,Small-Round,apple,85
IMG_0832.JPG,https://drive.google.com/file/d/1WgHTUPguN9KqdVLrRv5Om6T6HLOog9M4/view?usp=drivesdk,This sample is globe-shaped and features a shiny appearance.,96,Yellow,Autumn,Sharp,Globular,apple,86
IMG_0833.JPG,https://drive.google.com/file/d/1UlTtO566h0K2mlcfeiHOkAaZXeRKdSGM/view?usp=drivesdk,A medium circular organic matter with a glossy red surface.,96,Yellow,Winter,Tart,Asymmetric,apple,87
IMG_0834.JPG,https://drive.google.com/file/d/1xrGG7x33DDR6rY1rGtTSWte4a0L-Ws_H/view?usp=drivesdk,A palm-sized sample distinguishable by its reddish hue and spherical form.,96,Yellow,Year Round,Crisp,Globular,apple,88
IMG_0835.JPG,https://drive.google.com/file/d/1hJUObPBH7HnVVevw5io-4PVVg-UpGjwF/view?usp=drivesdk,A warm-colored organic matter with a spherical silhouette.,206,Red,Winter,Fruity,Irregular,apple,89
IMG_0836.JPG,https://drive.google.com/file/d/1dStXaXhCybuoBgWw4ulvYrj62gT-IhuQ/view?usp=drivesdk,A medium spherical organic matter with a polished warm-colored surface.,206,Red,Autumn,Sweet,Irregular,apple,90
IMG_0837.JPG,https://drive.google.com/file/d/1aoExqcNTtBqW7dJb7IYNoILP6lCom198/view?usp=drivesdk,This item is spherical and features a glossy appearance.,206,Red,Autumn,Juicy,Flattened,apple,91
IMG_0838.JPG,https://drive.google.com/file/d/1qiK6n9yLpExXUdMmBHiGCNjzTKvzsYUF/view?usp=drivesdk,A medium round organic matter with a glossy warm-colored surface.,206,Red,Autumn,Juicy,Flattened,apple,92
IMG_0839.JPG,https://drive.google.com/file/d/1jfpDjg2NKNCawFDf2XbQnzj2FwAsfogO/view?usp=drivesdk,A medium produce distinguishable by its green hue and spherical form.,206,Red,Year Round,Sharp,Conical,apple,93
IMG_0840.JPG,https://drive.google.com/file/d/1fhr55SO9iOy26wfW9kXZrTU_v5qte7Ey/view?usp=drivesdk,This sample is orb-like and features a smooth appearance.,233,Dark Red,Winter,Crisp,Flattened,apple,94
IMG_0841.JPG,https://drive.google.com/file/d/1fjbjIEURfu8iQP_duHFVGXChMV7VkYa5/view?usp=drivesdk,This object is globe-shaped and features a sleek appearance.,233,Red,Winter,Tart,Small-Round,apple,95
IMG_0842.JPG,https://drive.google.com/file/d/1Ga5rhSQLAObqUPUZV-c8_cwzJg3WPqu0/view?usp=drivesdk,An organic organic matter that feels shiny to the touch and looks spherical.,233,Dark Red,Winter,Sweet,Asymmetric,apple,96
IMG_0843.JPG,https://drive.google.com/file/d/1UVBwq9Kc12RQPMUZts2tSReHCOS5PLcn/view?usp=drivesdk,A medium item distinguishable by its orange-hued hue and circular form.,233,Red,Autumn,Juicy,Asymmetric,apple,97
IMG_0844.JPG,https://drive.google.com/file/d/1XI_gtqRyFmLXunIw2qA3sSC4UZNy_-UE/view?usp=drivesdk,A reddish sample with a spherical silhouette.,233,Red,Winter,Crisp,Conical,apple,98
IMG_0845.JPG,https://drive.google.com/file/d/1EmtlwZz7ZhUQ_N4RFE5QJFTQ9XMtXDx1/view?usp=drivesdk,A sunset-colored sample with a orb-like silhouette.,240,Red,Winter,Fruity,Flattened,apple,99
IMG_0846.JPG,https://drive.google.com/file/d/1ho0k4ea4RJgTOOAOvDc3E_BAj7_t9VPn/view?usp=drivesdk,This organic matter is round and features a sleek appearance.,240,Red,Winter,Sharp,Flattened,apple,100
IMG_0847.JPG,https://drive.google.com/file/d/1dD6cqLe3GFIVW1veLmP7LRLB2Q0SO9hy/view?usp=drivesdk,This item is spherical and features a smooth appearance.,240,Red,Winter,Juicy,Round,apple,101
IMG_0848.JPG,https://drive.google.com/file/d/1WbIr9HTwoj9vlX0j7VwrCQpu0MBtSst9/view?usp=drivesdk,A medium globe-shaped item with a smooth golden surface.,240,Red,Year Round,Tart,Irregular,apple,102
IMG_0849.JPG,https://drive.google.com/file/d/1qk9k2BAwarUxNuUkIP9TmKtgktAqdK4J/view?usp=drivesdk,This organic matter is circular and features a sleek appearance.,240,Red,Year Round,Crisp,Oval,apple,103
IMG_0850.JPG,https://drive.google.com/file/d/1GveAPhYF77rNne-_JaU2AFrNYCKLoObv/view?usp=drivesdk,This organic matter is circular and features a polished appearance.,212,Red,Year Round,Crisp,Irregular,apple,104
IMG_0851.JPG,https://drive.google.com/file/d/1K-dH9dDagxNdj2WBDTrjUDHzpLzDnY_r/view?usp=drivesdk,A palm-sized globe-shaped specimen with a smooth reddish surface.,212,Red,Autumn,Sweet,Small-Round,apple,105
IMG_0852.JPG,https://drive.google.com/file/d/1N1KW36KxREbeONngkqbWu8H906tDWwpR/view?usp=drivesdk,An organic sample that feels smooth to the touch and looks round.,212,Red,Year Round,Tart,Conical,apple,106
IMG_0854.JPG,https://drive.google.com/file/d/1JdwszBs9i6dFLve1BI5_a_g52RpLOB-8/view?usp=drivesdk,This specimen is spherical and features a smooth appearance.,212,Red,Winter,Crisp,Irregular,apple,107
IMG_0855.JPG,https://drive.google.com/file/d/1Y9KJFTK376qDIn9JuATgv-c0skRHr_T8/view?usp=drivesdk,This produce is globe-shaped and features a shiny appearance.,212,Red,Winter,Sweet,Globular,apple,108
IMG_0856.JPG,https://drive.google.com/file/d/1p577I2TgQL4SmLtmlqawFTkmXSEWap-A/view?usp=drivesdk,An organic organic matter that feels sleek to the touch and looks circular.,198,Orange,Year Round,Juicy,Round,apple,109
IMG_0857.JPG,https://drive.google.com/file/d/1l0Tn2IqsQM1uGawVxqLdkiJl-3oXn_6T/view?usp=drivesdk,This sample is spherical and features a smooth appearance.,198,Red,Winter,Sharp,Conical,apple,110
IMG_0858.JPG,https://drive.google.com/file/d/1O1sH1fNBYG0RycOjMRO-G6bb4n6NdScv/view?usp=drivesdk,A medium spherical produce with a shiny golden surface.,198,Red,Winter,Fruity,Irregular,apple,111
IMG_0859.JPG,https://drive.google.com/file/d/13xkNNLnC6Kuw8z5qen0ArJ4VD-I4oXKx/view?usp=drivesdk,A medium item distinguishable by its red hue and circular form.,198,Red,Year Round,Crisp,Round,apple,112
IMG_0860.JPG,https://drive.google.com/file/d/1-bOgLylilaF6e_a5d9DK2R4p_IIXi76P/view?usp=drivesdk,This sample is spherical and features a shiny appearance.,198,Red,Year Round,Crisp,Conical,apple,113
IMG_0861.JPG,https://drive.google.com/file/d/1EcUOnHu4KF4q7yU1FG0IMmW58wi7Hzw8/view?usp=drivesdk,This specimen is oval and features a sleek appearance.,198,Yellow,Spring,Earthy,Cylindrical,banana,114
IMG_0862.JPG,https://drive.google.com/file/d/1GvROS8ChmlWsQXyhhcU1-INrYJXLKhxI/view?usp=drivesdk,A yellowish specimen with a lengthy silhouette.,198,Yellow,Summer,Sweet,Cylindrical,banana,115
IMG_0863.JPG,https://drive.google.com/file/d/1SaMyTjMJ0-gpJcqqRsI8tn8PbTFptpoc/view?usp=drivesdk,A long item distinguishable by its bright hue and lengthy form.,198,Yellow,Year Round,Sweet,Curved,banana,116
IMG_0864.JPG,https://drive.google.com/file/d/1QdDV5rQ_HX1FY-dNm3Tbe9xrHDJr2s2k/view?usp=drivesdk,An organic sample that feels smooth to the touch and looks lengthy.,198,Yellow,Summer,Sweet,Long,banana,117
IMG_0865.JPG,https://drive.google.com/file/d/1i792u_XEzoPf5F4N4APY2d90OR8gpzKy/view?usp=drivesdk,An organic produce that feels polished to the touch and looks elongated.,198,Yellow,Summer,Starchy,Long,banana,118
IMG_0866.JPG,https://drive.google.com/file/d/1ZsmWnlUJtftch1rlbsOlMBFcnp6SewGj/view?usp=drivesdk,This item is elongated and features a glossy appearance.,198,Yellow,Year Round,Mild,Asymmetric,banana,119
IMG_0867.JPG,https://drive.google.com/file/d/1X0Sso12gzvAhP1lu2uj7t_JKOi3rC0-g/view?usp=drivesdk,This sample is oval and features a sleek appearance.,198,Yellow,Spring,Mild,Asymmetric,banana,120
IMG_0868.JPG,https://drive.google.com/file/d/1uXYHifE_MZJJoXBiK6cwRFInue9R7WAR/view?usp=drivesdk,A medium oblong specimen with a smooth pale yellow surface.,198,Yellow,Spring,Sweet,Cylindrical,banana,121
IMG_0869.JPG,https://drive.google.com/file/d/1Hp7cL7PYKsQXiGT8vcoNb--S3FB35nme/view?usp=drivesdk,A long sample distinguishable by its pale yellow hue and lengthy form.,198,Yellow,Summer,Sweet,Cylindrical,banana,122
IMG_0870.JPG,https://drive.google.com/file/d/19QoMZ2T1lgTnfJJyfBWOjLY3SNI_PAIi/view?usp=drivesdk,A medium oblong specimen with a glossy pale yellow surface.,198,Yellow,Spring,Starchy,Asymmetric,banana,123
IMG_0871.JPG,https://drive.google.com/file/d/193LPprwpAPKvUVc2o5bE48YziP5ioBmf/view?usp=drivesdk,A bright organic matter with a curved silhouette.,193,Yellow,Spring,Sweet,Cylindrical,banana,124
IMG_0872.JPG,https://drive.google.com/file/d/1E4zEHmDUQU9KQdpUQ4vkV2PSTIPWSiU6/view?usp=drivesdk,A long sample distinguishable by its golden hue and lengthy form.,193,Yellow,Spring,Earthy,Long,banana,125
IMG_0873.JPG,https://drive.google.com/file/d/1XZ0oHqUss86mbxFYeMvZV5pWrywiufAj/view?usp=drivesdk,This specimen is elongated and features a polished appearance.,193,Yellow,Summer,Sweet,Curved,banana,126
IMG_0874.JPG,https://drive.google.com/file/d/1WNVTs5YZAGXZUg4Vx8rTrqq_kJxOKIEN/view?usp=drivesdk,A medium sample distinguishable by its golden hue and elongated form.,193,Yellow,Year Round,Starchy,Cylindrical,banana,127
IMG_0934.JPG,https://drive.google.com/file/d/1gYcR6_GynOSEymsJuDjrGILlZx0F0Yrz/view?usp=drivesdk,A medium organic matter distinguishable by its red hue and globe-shaped form.,253,Red,Year Round,Sharp,Small-Round,apple,128
IMG_0935.JPG,https://drive.google.com/file/d/17SvTTb7nVY-0fre2J2L1x_7I0OzUA3bR/view?usp=drivesdk,A medium sample distinguishable by its sunset-colored hue and circular form.,253,Dark Red,Winter,Sweet,Round,apple,129
IMG_0936.JPG,https://drive.google.com/file/d/1ZAKdygKXrSsEb6PNLBl76De6aYqXjP4w/view?usp=drivesdk,A palm-sized globe-shaped organic matter with a glossy green surface.,253,Dark Red,Year Round,Juicy,Flattened,apple,130
IMG_0937.JPG,https://drive.google.com/file/d/19sWRcR2dOBzCFyLumJcIrx4TyEMnimOa/view?usp=drivesdk,A medium orb-like sample with a glossy warm-colored surface.,232,Red,Year Round,Juicy,Irregular,apple,131
IMG_0938.JPG,https://drive.google.com/file/d/1E-76ugoU2XVuHVWMRDu63q74Iibu0jEr/view?usp=drivesdk,A green item with a globe-shaped silhouette.,232,Red,Year Round,Fruity,Asymmetric,apple,132
IMG_0939.JPG,https://drive.google.com/file/d/1ubfnaC60H3uFuip1ld81uLRxucX1h5cA/view?usp=drivesdk,A reddish sample with a orb-like silhouette.,232,Red,Winter,Juicy,Asymmetric,apple,133
IMG_0940.JPG,https://drive.google.com/file/d/1I8yy2W725GIZpL1aQ3jT0zuxHUU71K78/view?usp=drivesdk,A small produce distinguishable by its reddish hue and flattened form.,154,Orange,Winter,Sharp,Small-Round,mandarin,134
IMG_0941.JPG,https://drive.google.com/file/d/13zw3THFxMSqsrgRORNt7JAkCGIbGmFuk/view?usp=drivesdk,This item is globe-shaped and features a bumpy appearance.,154,Orange,Winter,Juicy,Small-Round,mandarin,135
IMG_0942.JPG,https://drive.google.com/file/d/15lV7hhvUqXbUgCDwXKTSwK82H9sT4OsB/view?usp=drivesdk,This specimen is spherical and features a bumpy appearance.,154,Orange,Winter,Sweet,Flattened,mandarin,136
IMG_0944.JPG,https://drive.google.com/file/d/1TeJ6bLYTj1gKc6ylfuoaS2F4gPSWl7Iu/view?usp=drivesdk,A medium object distinguishable by its golden hue and oval form.,236,Yellow,Spring,Mild,Cylindrical,banana,137
IMG_0945.JPG,https://drive.google.com/file/d/195t_3keDzO1zcY5N-ZCNFfE0fizHam80/view?usp=drivesdk,A golden object with a oval silhouette.,236,Yellow,Summer,Mild,Long,banana,138
IMG_0946.JPG,https://drive.google.com/file/d/1Yjip4h4Xt1Smp4L1wSwoo-MbkNy2jjw9/view?usp=drivesdk,This sample is elongated and features a smooth appearance.,236,Yellow,Year Round,Sweet,Cylindrical,banana,139
IMG_0948.JPG,https://drive.google.com/file/d/1uZvCxlUV4mzwTHpl0eptcSNmOin5V7Wc/view?usp=drivesdk,A medium organic matter distinguishable by its yellowish hue and oval form.,245,Brown,Summer,Earthy,Curved,banana,140
IMG_0949.JPG,https://drive.google.com/file/d/1HrTaED8gAKxwbhcV-CVR2xqOslrWwYdh/view?usp=drivesdk,A medium sample distinguishable by its pale yellow hue and curved form.,245,Yellow,Summer,Mild,Cylindrical,banana,141
IMG_0950.JPG,https://drive.google.com/file/d/15CR-amlGHXawzjzetr-DEMsORhTHQnba/view?usp=drivesdk,A long oblong item with a smooth bright surface.,245,Yellow,Year Round,Sweet,Curved,banana,142
IMG_0953.JPG,https://drive.google.com/file/d/1wEJKL0ytoVKNa1SQu96EOZAur0WYEWhi/view?usp=drivesdk,An organic specimen that feels smooth to the touch and looks oblong.,254,Yellow,Summer,Mild,Long,banana,143
IMG_0961.JPG,https://drive.google.com/file/d/1g8l99FrB0gHsYMZBfGKTPqI3aEV3par4/view?usp=drivesdk,An organic specimen that feels glossy to the touch and looks oval.,254,Yellow,Spring,Mild,Long,banana,144
IMG_0962.JPG,https://drive.google.com/file/d/1G1Y0OpfzTEIsI2p5VmX08rkFYokx5JQA/view?usp=drivesdk,A bright item with a oval silhouette.,254,Yellow,Spring,Mild,Long,banana,145
IMG_0964.JPG,https://drive.google.com/file/d/1E6D3yAhubAnMHBPKM5aZqOcWE3R_lWKU/view?usp=drivesdk,This specimen is lengthy and features a smooth appearance.,254,Yellow,Summer,Starchy,Curved,banana,146
IMG_0972.JPG,https://drive.google.com/file/d/180EdL7oTurB0zgDGOTK1Gx-CSC50F5Z0/view?usp=drivesdk,A golden object with a elongated silhouette.,229,Yellow,Summer,Earthy,Asymmetric,banana,147
IMG_0973.JPG,https://drive.google.com/file/d/1sl3kfa-a5XuqPJNe-k3-5J6WpQlhM8Li/view?usp=drivesdk,This specimen is oblong and features a shiny appearance.,229,Yellow,Spring,Mild,Long,banana,148
IMG_0974.JPG,https://drive.google.com/file/d/1lxes-b0gSZe2hOkzbAk0wpuT5SjJewbb/view?usp=drivesdk,A long item distinguishable by its yellowish hue and oval form.,229,Yellow,Year Round,Mild,Asymmetric,banana,149
IMG_0975.JPG,https://drive.google.com/file/d/1L4hBIzx6_U9nz9b4CyqJXfNJb5CgwyJj/view?usp=drivesdk,A long item distinguishable by its yellowish hue and elongated form.,237,Yellow,Year Round,Sweet,Asymmetric,banana,150
IMG_0979.JPG,https://drive.google.com/file/d/11GgoLt9ZfsZxvGoHssrIjMhywgNJeANP/view?usp=drivesdk,An organic object that feels shiny to the touch and looks elongated.,237,Yellow,Year Round,Sweet,Asymmetric,banana,151
IMG_0980.JPG,https://drive.google.com/file/d/1cbPC1yej6iOt4PMh-1bEqMq117het6hI/view?usp=drivesdk,A golden sample with a oblong silhouette.,237,Yellow,Summer,Earthy,Asymmetric,banana,152
IMG_0981.JPG,https://drive.google.com/file/d/114flc-gq0Pa8TMY7eRx9_Ha1KKkJ4-iV/view?usp=drivesdk,An organic specimen that feels shiny to the touch and looks oblong.,237,Yellow,Spring,Starchy,Cylindrical,banana,153
IMG_0983.JPG,https://drive.google.com/file/d/13S5_KDH8uGLyirpfn8A_VEg9nqW9xMFF/view?usp=drivesdk,An organic produce that feels sleek to the touch and looks elongated.,233,Yellow,Year Round,Sweet,Asymmetric,banana,154
IMG_0984.JPG,https://drive.google.com/file/d/1ZLIkBGjBUDya1EWZfs0qZzW9LdLp7F4_/view?usp=drivesdk,A yellowish organic matter with a elongated silhouette.,233,Yellow,Year Round,Earthy,Asymmetric,banana,155
IMG_0985.JPG,https://drive.google.com/file/d/1lzJu1D1voEOUD2Qbt5HO8QM_ABuZwqjP/view?usp=drivesdk,A yellowish produce with a elongated silhouette.,233,Yellow,Summer,Earthy,Long,banana,156
IMG_0986.JPG,https://drive.google.com/file/d/1NkIhy6Ctm2M4lNszX0hQGxJLNC6Ntq7g/view?usp=drivesdk,A medium elongated produce with a shiny pale yellow surface.,233,Yellow,Spring,Mild,Asymmetric,banana,157
IMG_0987.JPG,https://drive.google.com/file/d/1tCjP_GWcQEVI-Q1BPpfvpVMRO4Y3DQCd/view?usp=drivesdk,A long object distinguishable by its golden hue and oblong form.,178,Yellow,Spring,Sweet,Cylindrical,banana,158
IMG_0988.JPG,https://drive.google.com/file/d/1fXMufZl1v3QhJTC8sa62vAX9QaUlzcY0/view?usp=drivesdk,A medium item distinguishable by its yellowish hue and elongated form.,178,Yellow,Year Round,Earthy,Asymmetric,banana,159
IMG_0989.JPG,https://drive.google.com/file/d/1mYQkaTVF3Qg0XYKHDzDOrOTodu8tRZQ5/view?usp=drivesdk,A yellowish sample with a curved silhouette.,178,Yellow,Spring,Sweet,Cylindrical,banana,160
IMG_0990.JPG,https://drive.google.com/file/d/1QWIfYQ2hTHVOq89cLtW6rcbVPK3FcVlk/view?usp=drivesdk,This item is curved and features a polished appearance.,178,Yellow,Summer,Mild,Long,banana,161
IMG_0991.JPG,https://drive.google.com/file/d/1LThIInlJTau_7su6P-iMIRamZGmQvSCc/view?usp=drivesdk,A medium lengthy sample with a smooth yellowish surface.,204,Yellow,Spring,Sweet,Long,banana,162
IMG_0992.JPG,https://drive.google.com/file/d/1_GumT88rODml6Il8xGnPTAyjA-xR1qzd/view?usp=drivesdk,This sample is elongated and features a sleek appearance.,204,Yellow,Year Round,Sweet,Curved,banana,163
IMG_0993.JPG,https://drive.google.com/file/d/1uA6jhcltEXPkOt_14YXAt5fyRjpOrgTd/view?usp=drivesdk,A medium specimen distinguishable by its golden hue and lengthy form.,204,Yellow,Summer,Sweet,Long,banana,164
IMG_0994.JPG,https://drive.google.com/file/d/1vpnT0dogFNJCQoq8PRFUujAaAb4JV479/view?usp=drivesdk,This organic matter is curved and features a glossy appearance.,204,Yellow,Summer,Sweet,Cylindrical,banana,165
IMG_0995.JPG,https://drive.google.com/file/d/1sbqdwcdo1rDn7CAhM1EgbuAlh1la6_6J/view?usp=drivesdk,A medium specimen distinguishable by its golden hue and curved form.,181,Brown,Summer,Starchy,Curved,banana,166
IMG_0996.JPG,https://drive.google.com/file/d/1Voov728niWN_gZyFkYB5KMsVCajUrwh9/view?usp=drivesdk,A long lengthy specimen with a shiny yellowish surface.,181,Brown,Spring,Mild,Curved,banana,167
IMG_0997.JPG,https://drive.google.com/file/d/1CUfwada1ekOlUtqp5qdOX-x6l7Vt5PR0/view?usp=drivesdk,A golden organic matter with a elongated silhouette.,181,Yellow,Spring,Mild,Asymmetric,banana,168
IMG_0998.JPG,https://drive.google.com/file/d/1Iw8JzHR2Olm9Hnt3ThMENKr2nxgGToqk/view?usp=drivesdk,An organic item that feels polished to the touch and looks oblong.,181,Yellow,Spring,Starchy,Curved,banana,169
IMG_1001.JPG,https://drive.google.com/file/d/1pBlOhHMpuqiZd_NLMjoRz-hfGsM1lIvJ/view?usp=drivesdk,An organic organic matter that feels glossy to the touch and looks curved.,203,Yellow,Year Round,Mild,Asymmetric,banana,170
IMG_1002.JPG,https://drive.google.com/file/d/1L__sBFOBlobNeFeKtXjbcHXr3NcOxILr/view?usp=drivesdk,A medium organic matter distinguishable by its yellowish hue and oblong form.,203,Yellow,Year Round,Starchy,Long,banana,171
IMG_1003.JPG,https://drive.google.com/file/d/1cm0M3maZN0v4b-IE3HKTJ5Om4_CBE0nR/view?usp=drivesdk,A medium elongated produce with a polished golden surface.,203,Yellow,Year Round,Earthy,Curved,banana,172
IMG_1004.JPG,https://drive.google.com/file/d/1-rKszBW51mmjCN0AU_caNY61nr6-VjQF/view?usp=drivesdk,An organic object that feels sleek to the touch and looks elongated.,236,Yellow,Summer,Sweet,Long,banana,173
IMG_1005.JPG,https://drive.google.com/file/d/1NCK3EYXiKoOPl2WJDgiYztKt5BgnHE7I/view?usp=drivesdk,A medium lengthy item with a glossy yellowish surface.,245,Brown,Year Round,Mild,Long,banana,174
IMG_1007.JPG,https://drive.google.com/file/d/109q1Zmmta7vsZEGHUWxB_JMMAnhazsG4/view?usp=drivesdk,A medium oval produce with a matte brownish surface.,186,Brown,Winter,Earthy,Long,potato,175
IMG_1009.JPG,https://drive.google.com/file/d/1V85UKBpvIRSomEd3qFgaNkeauP6RqBeT/view?usp=drivesdk,An organic produce that feels textured to the touch and looks lengthy.,186,Brown,Year Round,Mild,Cylindrical,potato,176
IMG_1010.JPG,https://drive.google.com/file/d/1CZt3ZzBjBV0cS5bqreDmHzbX_HhNkew7/view?usp=drivesdk,An organic sample that feels textured to the touch and looks elongated.,186,Brown,Year Round,Starchy,Long,potato,177
IMG_1011.JPG,https://drive.google.com/file/d/1GdM_6GbDNrCHoOvntnrFwfveR7WUftIg/view?usp=drivesdk,An organic organic matter that feels uneven to the touch and looks lengthy.,213,Brown,Year Round,Mild,Oval,potato,178
IMG_1012.JPG,https://drive.google.com/file/d/1jJTGgJo1qAXUXY9m8MFzHkzvk3RMITZd/view?usp=drivesdk,A chunky orb-like produce with a pitted pale surface.,213,Brown,Autumn,Earthy,Round,potato,179
IMG_1013.JPG,https://drive.google.com/file/d/1hI_0M6V9WNXGj_BGLAP9kQYsADpMEFEe/view?usp=drivesdk,A medium organic matter distinguishable by its tan hue and oblong form.,213,Brown,Winter,Mild,Irregular,potato,180
IMG_1014.JPG,https://drive.google.com/file/d/1cA8wP6WHcXaqNlgKOI2A_wvKaTmHpiQ5/view?usp=drivesdk,A chunky oblong item with a pitted tan surface.,213,Brown,Autumn,Starchy,Oval,potato,181
IMG_1015.JPG,https://drive.google.com/file/d/13_rzityHkOOary74J-hFTfQ6-qtlnkuh/view?usp=drivesdk,A variable spherical specimen with a rough earthy surface.,213,Brown,Year Round,Mild,Asymmetric,potato,182
IMG_1016.JPG,https://drive.google.com/file/d/1fUr-RG01kzzyCRTJQNdJaNn4ARmhIJty/view?usp=drivesdk,A medium spherical sample with a uneven beige surface.,158,Brown,Autumn,Savory,Globular,potato,183
IMG_1017.JPG,https://drive.google.com/file/d/1ydXntsFfLFtWobgYf67B5MKxQVjwjOdD/view?usp=drivesdk,A medium object distinguishable by its pale hue and orb-like form.,158,Brown,Year Round,Savory,Flattened,potato,184
IMG_1018.JPG,https://drive.google.com/file/d/1u0NMd6C7RvNBIe33nrRFZW2Gdix_I2V5/view?usp=drivesdk,A beige item with a globe-shaped silhouette.,158,Brown,Year Round,Savory,Long,potato,185
IMG_1019.JPG,https://drive.google.com/file/d/1vypIBvjd0MNXRRT8kfHz6tRo8ivZqD6o/view?usp=drivesdk,A chunky globe-shaped item with a textured tan surface.,158,Brown,Autumn,Earthy,Round,potato,186
IMG_1020.JPG,https://drive.google.com/file/d/1FSfqgYEYFJ-Dpz0FhKDEgg9-CjEfNQmT/view?usp=drivesdk,An organic organic matter that feels matte to the touch and looks elongated.,158,Brown,Autumn,Savory,Oval,potato,187
IMG_1021.JPG,https://drive.google.com/file/d/1MFvK7RWYi8LLEPpUq1sPF3A0L_0lnj_d/view?usp=drivesdk,An organic specimen that feels pitted to the touch and looks globe-shaped.,121,Brown,Winter,Savory,Cylindrical,potato,188
IMG_1023.JPG,https://drive.google.com/file/d/1IjWqJx4xYrkp5mkceGXwq0oF9eWtplI4/view?usp=drivesdk,This item is elongated and features a pitted appearance.,121,Brown,Winter,Earthy,Globular,potato,189
IMG_1024.JPG,https://drive.google.com/file/d/1ALry1FAMurC3E1-SZBdXee3TmRKMbXMS/view?usp=drivesdk,A medium curved produce with a matte pale surface.,121,Brown,Winter,Starchy,Curved,potato,190
IMG_1025.JPG,https://drive.google.com/file/d/1K6PCRe361kAsrORB9Xy6odp_0Pw-MJkM/view?usp=drivesdk,A tan organic matter with a oblong silhouette.,121,Brown,Autumn,Starchy,Flattened,potato,191
IMG_1026.JPG,https://drive.google.com/file/d/1d7HngULEXGzgLfz8HPmkLK9chADtw_wC/view?usp=drivesdk,This specimen is curved and features a matte appearance.,174,Brown,Winter,Earthy,Flattened,potato,192
IMG_1027.JPG,https://drive.google.com/file/d/1E1oUoHtGoSHbKBHTDUNjAsEIy9ocQX_O/view?usp=drivesdk,This sample is elongated and features a rough appearance.,174,Brown,Autumn,Mild,Round,potato,193
IMG_1028.JPG,https://drive.google.com/file/d/11NLTTpKWmem9dpB0Z4ULsZpSJv6X4psU/view?usp=drivesdk,An organic object that feels pitted to the touch and looks elongated.,174,Brown,Autumn,Starchy,Irregular,potato,194
IMG_1029.JPG,https://drive.google.com/file/d/173mmDfgQwtBmBl4onekZ-wr32OxbCNAV/view?usp=drivesdk,A tan produce with a orb-like silhouette.,174,Brown,Autumn,Earthy,Cylindrical,potato,195
IMG_1030.JPG,https://drive.google.com/file/d/1dMWUS9bDSwbOhMM6WVAjc8u20DvefQN6/view?usp=drivesdk,An organic item that feels uneven to the touch and looks spherical.,174,Brown,Year Round,Savory,Long,potato,196
IMG_1031.JPG,https://drive.google.com/file/d/1DN1bTkSaeKHVZxdFPzXXE-mM81FX_eDN/view?usp=drivesdk,A variable spherical sample with a uneven beige surface.,267,Brown,Winter,Earthy,Flattened,potato,197
IMG_1032.JPG,https://drive.google.com/file/d/1FPdz6UEi66WnTYEZKE70FPOY_TJj3QZn/view?usp=drivesdk,An organic item that feels uneven to the touch and looks spherical.,267,Brown,Winter,Starchy,Globular,potato,198
IMG_1034.JPG,https://drive.google.com/file/d/1mFmHY7UWoMb1LIC7i-4F6-y4guIImD3z/view?usp=drivesdk,A medium globe-shaped produce with a dusty earthy surface.,267,Brown,Winter,Starchy,Asymmetric,potato,199
IMG_1035.JPG,https://drive.google.com/file/d/1K2zikdJZ2Tzzwl-MCARvjhld6xamKrs5/view?usp=drivesdk,This specimen is circular and features a rough appearance.,267,Brown,Winter,Mild,Cylindrical,potato,200
IMG_1036.JPG,https://drive.google.com/file/d/1J3ZQ77uXRi3fC5T4mWOBkalgFx11W5Wp/view?usp=drivesdk,This produce is globe-shaped and features a pitted appearance.,303,Brown,Year Round,Mild,Long,potato,201
IMG_1038.JPG,https://drive.google.com/file/d/1awiQXL6cDDFh7WLDiJoKh0wxXNBtdxaL/view?usp=drivesdk,An organic organic matter that feels textured to the touch and looks oblong.,303,Brown,Autumn,Starchy,Irregular,potato,202
IMG_1039.JPG,https://drive.google.com/file/d/1hZwTB9mZMMvusha_wdRBi2KxF9E2vUyD/view?usp=drivesdk,This sample is oblong and features a dusty appearance.,303,Brown,Autumn,Mild,Oval,potato,203
IMG_1041.JPG,https://drive.google.com/file/d/1I_GXPuOeZU5qoWSgKH7-34Ww8bxOnQ-_/view?usp=drivesdk,This produce is globe-shaped and features a bumpy appearance.,303,Brown,Year Round,Savory,Asymmetric,potato,204
IMG_1042.JPG,https://drive.google.com/file/d/1ZtAlLb0AMOFU30zPA05wAqSe9OpFsSJl/view?usp=drivesdk,A chunky circular specimen with a dusty pale surface.,303,Brown,Year Round,Savory,Round,potato,205
IMG_1043.JPG,https://drive.google.com/file/d/1I4_pkpX6nSZjj_JlHH8HPpL3eOIcCw07/view?usp=drivesdk,A variable oval specimen with a pitted beige surface.,212,Brown,Autumn,Starchy,Long,potato,206
IMG_1044.JPG,https://drive.google.com/file/d/1wX4kYICJw79nIGsb3T-d5ZCvnCjVynL8/view?usp=drivesdk,A earthy produce with a orb-like silhouette.,212,Brown,Year Round,Mild,Cylindrical,potato,207
IMG_1045.JPG,https://drive.google.com/file/d/1A13ImAwOj7TxAg8TamgaO8PkswPuuh7p/view?usp=drivesdk,This organic matter is globe-shaped and features a pitted appearance.,212,Brown,Autumn,Earthy,Flattened,potato,208
IMG_1046.JPG,https://drive.google.com/file/d/1O5Q8gFP2gKbBg3YLfdLVditOxizL_xH1/view?usp=drivesdk,A chunky spherical item with a dusty earthy surface.,212,Brown,Winter,Mild,Curved,potato,209
IMG_1047.JPG,https://drive.google.com/file/d/1FUe4g31GIFWajpShBhDMWU8VhT1joega/view?usp=drivesdk,A variable spherical organic matter with a textured brownish surface.,212,Brown,Autumn,Earthy,Flattened,potato,210
IMG_1048.JPG,https://drive.google.com/file/d/1TAIgyKM_DsVvz98WY_m7JugDpBJpnA55/view?usp=drivesdk,This produce is circular and features a matte appearance.,198,Brown,Autumn,Earthy,Flattened,potato,211
IMG_1050.JPG,https://drive.google.com/file/d/1NRup_GejDUJL3aTDqH8jdav0Dch0oF_W/view?usp=drivesdk,A beige item with a globe-shaped silhouette.,198,Brown,Autumn,Mild,Flattened,potato,212
IMG_1051.JPG,https://drive.google.com/file/d/1M3DRZ24KwmzJxMfy5kU3inS7Uy6nkct2/view?usp=drivesdk,An organic specimen that feels uneven to the touch and looks round.,198,Brown,Autumn,Savory,Oval,potato,213
IMG_1052.JPG,https://drive.google.com/file/d/1JUPClmJchF9b_AGM0PnuBSqKCSiYBgzM/view?usp=drivesdk,A medium object distinguishable by its pale hue and spherical form.,198,Brown,Year Round,Earthy,Asymmetric,potato,214
IMG_1053.JPG,https://drive.google.com/file/d/1OEm4r_tXLhl_-k2H2QF-WZhAm_Icvnlc/view?usp=drivesdk,An organic produce that feels textured to the touch and looks globe-shaped.,198,Brown,Year Round,Earthy,Irregular,potato,215
IMG_1054.JPG,https://drive.google.com/file/d/1tYPZIjWp4SUMTGRNLZX5IIrKKzelf2Cf/view?usp=drivesdk,A chunky sample distinguishable by its pale hue and spherical form.,217,Brown,Autumn,Mild,Flattened,potato,216
IMG_1055.JPG,https://drive.google.com/file/d/1zfCVwYj4j8QEm9b6lZIDO1ZzDZuD8kyP/view?usp=drivesdk,A brownish organic matter with a spherical silhouette.,217,Brown,Autumn,Savory,Globular,potato,217
IMG_1056.JPG,https://drive.google.com/file/d/19cXQe41xqjs2XVnqJ8t2cDPIX78pGvgj/view?usp=drivesdk,An organic sample that feels matte to the touch and looks spherical.,217,Brown,Autumn,Mild,Round,potato,218
IMG_1057.JPG,https://drive.google.com/file/d/1lUTP0YJ7Ip331_yThv7eZi7eMnrEFw8Y/view?usp=drivesdk,A variable item distinguishable by its earthy hue and globe-shaped form.,217,Brown,Year Round,Earthy,Irregular,potato,219
IMG_1058.JPG,https://drive.google.com/file/d/1q-DToxdtlQDrAm3aS02oP4VJ8W0vZYVa/view?usp=drivesdk,A variable lengthy organic matter with a rough pale surface.,217,Brown,Autumn,Earthy,Flattened,potato,220
IMG_1059.JPG,https://drive.google.com/file/d/1HlJDjuZZ4pqAnR-QZIFTKB_3EWyvTwL5/view?usp=drivesdk,An organic produce that feels pitted to the touch and looks globe-shaped.,352,Brown,Winter,Earthy,Oval,potato,221
IMG_1060.JPG,https://drive.google.com/file/d/16bdhsXwZIcAAM_eNxdrPoEwqG54_nCYF/view?usp=drivesdk,A chunky elongated produce with a rough tan surface.,352,Brown,Year Round,Mild,Irregular,potato,222
IMG_1061.JPG,https://drive.google.com/file/d/1ZvC8jrq65lK6qHCtWhkEYhapEOMFRPfX/view?usp=drivesdk,An organic produce that feels dusty to the touch and looks lengthy.,352,Brown,Year Round,Mild,Globular,potato,223
IMG_1062.JPG,https://drive.google.com/file/d/1TlrthOVcPhQFo9ZftOGBY6ZP_dG7E-If/view?usp=drivesdk,This specimen is lengthy and features a uneven appearance.,352,Brown,Year Round,Starchy,Irregular,potato,224
IMG_1063.JPG,https://drive.google.com/file/d/129xi9_5hGc8fx4KEInIGFoCqTpYAptV1/view?usp=drivesdk,This organic matter is oval and features a pitted appearance.,352,Brown,Autumn,Mild,Oval,potato,225
IMG_1064.JPG,https://drive.google.com/file/d/1vYeiHAI0kuxwqlUglgCkQue5v9RMoPsY/view?usp=drivesdk,A small sample distinguishable by its brownish hue and round form.,258,Brown,Autumn,Juicy,Conical,onion,226
IMG_1065.JPG,https://drive.google.com/file/d/1Vx5q_COpZhS1MDbXtCF_W6gH_b4-iGMZ/view?usp=drivesdk,A white sample with a orb-like silhouette.,258,Brown,Year Round,Earthy,Long,onion,227
IMG_1066.JPG,https://drive.google.com/file/d/1PhcDQhy7B9ArBkQDZ0kgnFzox8f7ztt6/view?usp=drivesdk,An organic object that feels sleek to the touch and looks round.,258,Brown,Spring,Mild,Asymmetric,onion,228
IMG_1067.JPG,https://drive.google.com/file/d/1yPFqAArgfXcKm0dUmDehQBFYUOkp8mKH/view?usp=drivesdk,A small specimen distinguishable by its earthy hue and spherical form.,258,Brown,Year Round,Sharp,Long,onion,229
IMG_1068.JPG,https://drive.google.com/file/d/1H6PxveG429RC_JSzB-STYgW34sOpDkzC/view?usp=drivesdk,An organic produce that feels glossy to the touch and looks spherical.,221,Brown,Autumn,Earthy,Flattened,onion,230
IMG_1069.JPG,https://drive.google.com/file/d/1gPqqeNzZ4987mqNEeWU8bInLTuoeJ1rF/view?usp=drivesdk,A pale object with a circular silhouette.,221,Brown,Spring,Crisp,Oval,onion,231
IMG_1070.JPG,https://drive.google.com/file/d/1uvw5pccE7acAWPADhUlO1163xqNtLW2Q/view?usp=drivesdk,This item is spherical and features a dry appearance.,221,Orange,Year Round,Earthy,Flattened,onion,232
IMG_1071.JPG,https://drive.google.com/file/d/19LPseSM1ZiyLQbGXa-1cpVrB_9_-RVi9/view?usp=drivesdk,A small globe-shaped object with a layered white surface.,221,Brown,Autumn,Crisp,Conical,onion,233
IMG_1072.JPG,https://drive.google.com/file/d/1KfTwszeGjT6O9Qs1clf6IlKzYR6wxMm0/view?usp=drivesdk,An organic sample that feels glossy to the touch and looks round.,237,Orange,Autumn,Earthy,Flattened,onion,234
IMG_1073.JPG,https://drive.google.com/file/d/1OOQ8bUJbYWI1RHh_DUhzCR_h2oOH2lBO/view?usp=drivesdk,A medium item distinguishable by its white hue and spherical form.,237,Orange,Summer,Crisp,Asymmetric,onion,235
IMG_1074.JPG,https://drive.google.com/file/d/1RYCpwjzRvspJdrnIdKWPvr1kYz5T6Zfj/view?usp=drivesdk,An organic specimen that feels flaky to the touch and looks circular.,237,Brown,Year Round,Savory,Irregular,onion,236
IMG_1075.JPG,https://drive.google.com/file/d/16lDBBoMh2E7WrY7_oBusDU2uR33WPINB/view?usp=drivesdk,This item is round and features a smooth appearance.,237,Brown,Year Round,Crisp,Round,onion,237
IMG_1076.JPG,https://drive.google.com/file/d/1gsWaIL0x0zHyP02VhpbJ2oTqoAMZXDW_/view?usp=drivesdk,An organic organic matter that feels shiny to the touch and looks orb-like.,171,Brown,Summer,Earthy,Conical,onion,238
IMG_1077.JPG,https://drive.google.com/file/d/1SenGSwlsY7F-1S4CgpVcqw4-Bwg0n-ru/view?usp=drivesdk,An organic organic matter that feels smooth to the touch and looks globe-shaped.,171,Brown,Spring,Crisp,Irregular,onion,239
IMG_1078.JPG,https://drive.google.com/file/d/1KUEm4rYSQKLpgI_Sfy7kBEGNQ-e4NHiy/view?usp=drivesdk,A beige organic matter with a spherical silhouette.,171,Brown,Spring,Crisp,Globular,onion,240
IMG_1080.JPG,https://drive.google.com/file/d/1QS1Zqe6hQdKVl0HWyyn3cDwdtDNhJKU2/view?usp=drivesdk,This sample is round and features a glossy appearance.,171,Brown,Summer,Mild,Cylindrical,onion,241
IMG_1081.JPG,https://drive.google.com/file/d/1E-9paZbuPKAp2XwqW-CfLj6I3j7OH_Mz/view?usp=drivesdk,An organic object that feels thin to the touch and looks spherical.,115,Brown,Autumn,Mild,Conical,onion,242
IMG_1082.JPG,https://drive.google.com/file/d/1k-Asv4r9__J4FHIvKAY66qQy1FXE7Rvp/view?usp=drivesdk,An organic organic matter that feels glossy to the touch and looks round.,115,Orange,Spring,Earthy,Oval,onion,243
IMG_1084.JPG,https://drive.google.com/file/d/1qaUyO8bzHD_AfnOVa9MOepCouQLNEeVx/view?usp=drivesdk,An organic item that feels thin to the touch and looks spherical.,115,Brown,Autumn,Savory,Oval,onion,244
IMG_1085.JPG,https://drive.google.com/file/d/1qVLpXwOvKM1tUQkLBVW3yooEcU4gVv9v/view?usp=drivesdk,An organic specimen that feels polished to the touch and looks globe-shaped.,115,Brown,Summer,Juicy,Oval,onion,245
IMG_1086.JPG,https://drive.google.com/file/d/1OWhtv3AZsVhNBT6MstKGMoazWLhBmQp-/view?usp=drivesdk,A medium sample distinguishable by its beige hue and globe-shaped form.,175,Brown,Spring,Earthy,Asymmetric,onion,246
IMG_1087.JPG,https://drive.google.com/file/d/1oduhrG1Nk78Go74WYVSOEX2qEkat1fyY/view?usp=drivesdk,A medium circular item with a shiny tan surface.,175,Brown,Year Round,Crisp,Asymmetric,onion,247
IMG_1088.JPG,https://drive.google.com/file/d/1wrHOizhq2J3MT8btT5_sdQhWQrKzJXjD/view?usp=drivesdk,This item is orb-like and features a smooth appearance.,175,Brown,Autumn,Sharp,Round,onion,248
IMG_1091.JPG,https://drive.google.com/file/d/10XDWIE1WV7kKgQzDqOWOvtjwuBg5EJlU/view?usp=drivesdk,A palm-sized specimen distinguishable by its sunset-colored hue and spherical form.,68,Brown,Winter,Fruity,Globular,mandarin,249
IMG_1092.JPG,https://drive.google.com/file/d/1NTU4rENyE4Hz6xFxxdhR3wEyLxpQU5UN/view?usp=drivesdk,This sample is spherical and features a bumpy appearance.,68,Orange,Autumn,Sharp,Asymmetric,mandarin,250
IMG_1093.JPG,https://drive.google.com/file/d/1S6lmG1V27HNt7Mn8ghUKJRoRtShpgZ0i/view?usp=drivesdk,A palm-sized item distinguishable by its sunset-colored hue and orb-like form.,68,Orange,Spring,Juicy,Asymmetric,mandarin,251
IMG_1094.JPG,https://drive.google.com/file/d/1Ob98_VyUsqVm9gR4DaAFA9VV2-rZcrLj/view?usp=drivesdk,A sunset-colored object with a round silhouette.,168,Orange,Autumn,Tart,Asymmetric,mandarin,252
IMG_1095.JPG,https://drive.google.com/file/d/1qMCzCdDZr-vMgEUUSvNq1isvSbAc7dJw/view?usp=drivesdk,A golden item with a orb-like silhouette.,168,Orange,Winter,Sweet,Asymmetric,mandarin,253
IMG_1096.JPG,https://drive.google.com/file/d/1WCyg5c48IeWwyZWHWSrU_Zf5YRGrnM4U/view?usp=drivesdk,An organic sample that feels textured to the touch and looks spherical.,168,Yellow,Autumn,Sweet,Asymmetric,mandarin,254
IMG_1097.JPG,https://drive.google.com/file/d/1W8ZRTXtauBqXSKGwcVImwqWrUIC9L0hw/view?usp=drivesdk,A palm-sized round produce with a textured orange surface.,155,Orange,Winter,Sweet,Flattened,mandarin,255
IMG_1098.JPG,https://drive.google.com/file/d/1x7V8m890NzDBNyZGjioqNoOBioL4HBao/view?usp=drivesdk,This produce is round and features a textured appearance.,155,Yellow,Autumn,Sharp,Small-Round,mandarin,256
IMG_1099.JPG,https://drive.google.com/file/d/1gulJWpUcz6xV1kqWw8hDSSyNCjZpH5ve/view?usp=drivesdk,A small orb-like object with a pitted sunset-colored surface.,155,Yellow,Autumn,Juicy,Small-Round,mandarin,257
IMG_1100.JPG,https://drive.google.com/file/d/1t3lO-FzHuPmZMjbzJUnzjwQxow4oaSxJ/view?usp=drivesdk,An organic item that feels rough to the touch and looks circular.,157,Yellow,Autumn,Tart,Small-Round,mandarin,258
IMG_1101.JPG,https://drive.google.com/file/d/1RIiuUzZ8-WsGt315f7J0-Z1LfPiaS052/view?usp=drivesdk,A palm-sized globe-shaped sample with a textured warm-colored surface.,157,Orange,Autumn,Tart,Small-Round,mandarin,259
IMG_1102.JPG,https://drive.google.com/file/d/17OywEOm2LunIBNJ-CddYDL-RdzkDnDNj/view?usp=drivesdk,A sunset-colored item with a spherical silhouette.,157,Yellow,Spring,Tart,Asymmetric,mandarin,260
IMG_1103.JPG,https://drive.google.com/file/d/1tg1VsJ6MUHpmB_Nph-RcyU0RkPQcwqHA/view?usp=drivesdk,A small circular object with a matte golden surface.,130,Yellow,Winter,Fruity,Asymmetric,mandarin,261
IMG_1104.JPG,https://drive.google.com/file/d/1BoVlqMa5lTN4mjk30WUcR2fUI7N6E4NN/view?usp=drivesdk,This object is flattened and features a textured appearance.,130,Yellow,Spring,Sharp,Round,mandarin,262
IMG_1105.JPG,https://drive.google.com/file/d/1zGG2XzBXcPDsd78Ohv-I5jFc8U6Ve5UF/view?usp=drivesdk,An organic object that feels bumpy to the touch and looks orb-like.,130,Yellow,Autumn,Fruity,Round,mandarin,263
IMG_1106.JPG,https://drive.google.com/file/d/1vPZeftAa7DONjAgNC8d14NhkglOQa4ph/view?usp=drivesdk,A small spherical produce with a bumpy reddish surface.,72,Red,Autumn,Tart,Asymmetric,mandarin,264
IMG_1107.JPG,https://drive.google.com/file/d/1V5RHNYcjqVlQ53xGKsDnX4BANe7RB0U2/view?usp=drivesdk,An organic sample that feels matte to the touch and looks orb-like.,72,Orange,Spring,Sharp,Flattened,mandarin,265
IMG_1109.JPG,https://drive.google.com/file/d/1FiUvUsr9Ehlz9STq0z412CtIJydQiYQ4/view?usp=drivesdk,A medium produce distinguishable by its beige hue and elongated form.,352,Brown,Autumn,Savory,Oval,potato,266
IMG_1110.JPG,https://drive.google.com/file/d/19UhLqXGlVTOhBxA40wF48hAvFJqmyOEP/view?usp=drivesdk,A pale organic matter with a lengthy silhouette.,352,Brown,Winter,Mild,Long,potato,267
IMG_1115.JPG,https://drive.google.com/file/d/1nWQBeTJCDWHruZr7VOY8jI5gvQysCTOd/view?usp=drivesdk,A pale produce with a elongated silhouette.,198,Brown,Winter,Mild,Globular,potato,268
IMG_9562.jpg,https://drive.google.com/file/d/1B5J9VieIPypksYdvlX33Xmnb3S0EkjXE/view?usp=drivesdk,A palm-sized spherical sample with a smooth orange-hued surface.,324.8,Red,Year Round,Juicy,Oval,apple,269
IMG_9561.jpg,https://drive.google.com/file/d/1Vz6rn5o6r__xhegpog8ZdOzxumEHC8xh/view?usp=drivesdk,An organic object that feels shiny to the touch and looks round.,89.3,Red,Winter,Fruity,Asymmetric,apple,270
IMG_9563.jpg,https://drive.google.com/file/d/1W1DNkilYwOKu9UcZN17xIaZyLHZkEViO/view?usp=drivesdk,A orange-hued object with a globe-shaped silhouette.,203,Yellow,Year Round,Tart,Small-Round,apple,271
IMG_9584.jpg,https://drive.google.com/file/d/1Wz667QVcPIrdnSD5ejTPv2IVSAo1YhE5/view?usp=drivesdk,A medium organic matter distinguishable by its sunset-colored hue and circular form.,278.4,Yellow,Autumn,Sweet,Conical,apple,272
IMG_9582.jpg,https://drive.google.com/file/d/1ZhmaQyqOcRa-0Act30JK32jB5s8gBehJ/view?usp=drivesdk,A green object with a round silhouette.,173.6,Yellow,Winter,Fruity,Globular,apple,273
IMG_9583.jpg,https://drive.google.com/file/d/1gJH6Cv1htwYutOJmM_IqHSau9aKmOcZR/view?usp=drivesdk,A reddish produce with a spherical silhouette.,148.4,Red,Autumn,Crisp,Asymmetric,apple,274
IMG_9586.jpg,https://drive.google.com/file/d/1BJVAb-KZ0BhCcB67XMqGA5Ebjn7pZNg5/view?usp=drivesdk,A reddish produce with a round silhouette.,187.2,Red,Winter,Crisp,Small-Round,apple,275
IMG_9585.jpg,https://drive.google.com/file/d/1Sb92XGlzTRe3ZbCrR_BQqRwY844aSWHc/view?usp=drivesdk,A palm-sized produce distinguishable by its sunset-colored hue and spherical form.,188.2,Yellow,Autumn,Tart,Flattened,apple,276
IMG_9587.jpg,https://drive.google.com/file/d/1XPkS-RrJvKsMQqrf9Tl24RB5j2SCXxpL/view?usp=drivesdk,A palm-sized spherical specimen with a glossy red surface.,225.8,Yellow,Autumn,Sweet,Flattened,apple,277
IMG_9589.jpg,https://drive.google.com/file/d/1WPuKGCRe6wFKiGeeBCokELmZ3vB03Z7S/view?usp=drivesdk,This item is globe-shaped and features a glossy appearance.,87.8,Red,Autumn,Crisp,Flattened,apple,278
IMG_9588.jpg,https://drive.google.com/file/d/1vn4DVz0mnSKPDaJuKzqSyiCUqOJWLw0-/view?usp=drivesdk,A sunset-colored specimen with a spherical silhouette.,134,Red,Year Round,Sharp,Round,apple,279
IMG_9590.jpg,https://drive.google.com/file/d/1FFZ5Hu_6Gk5KmGpmnSeMpPt0Ff9Wfbor/view?usp=drivesdk,A palm-sized organic matter distinguishable by its golden hue and round form.,268.2,Orange,Autumn,Fruity,Asymmetric,apple,280
IMG_9592.jpg,https://drive.google.com/file/d/1YfszmQrkTwd2hH7bbqzizDNHcrBwz8nS/view?usp=drivesdk,This organic matter is circular and features a shiny appearance.,173.5,Red,Autumn,Sweet,Globular,apple,281
IMG_9591.jpg,https://drive.google.com/file/d/1jtBF34gnMoaQA1LtO3rrUND667fvNrIM/view?usp=drivesdk,This specimen is orb-like and features a glossy appearance.,229.9,Red,Winter,Sharp,Conical,apple,282
IMG_9594.jpg,https://drive.google.com/file/d/19vXDlwomlLymEf1SFc3H9eBd9nX-eQss/view?usp=drivesdk,An organic object that feels smooth to the touch and looks circular.,172.8,Orange,Winter,Fruity,Globular,apple,283
IMG_9593.jpg,https://drive.google.com/file/d/1fKIiOQ84NQ0fz4aEBW3rzZuN2RwCMfmh/view?usp=drivesdk,This item is globe-shaped and features a glossy appearance.,255.9,Red,Autumn,Sharp,Asymmetric,apple,284
IMG_9595.jpg,https://drive.google.com/file/d/1icFO0TjwoREYH9Y6xxzkF56CnCHTZvS3/view?usp=drivesdk,A warm-colored specimen with a circular silhouette.,122.4,Red,Year Round,Tart,Small-Round,apple,285
IMG_9500.jpg,https://drive.google.com/file/d/1184_zgRy8AFADx4NGAZRTR3pNsQdh2ev/view?usp=drivesdk,A reddish specimen with a globe-shaped silhouette.,153.1,Red,Winter,Crisp,Round,apple,286
IMG_9499.jpg,https://drive.google.com/file/d/14eeZxjaXdyBJ5_sNWIXPYIKGtxXfbECg/view?usp=drivesdk,A sunset-colored sample with a globe-shaped silhouette.,129.7,Red,Winter,Fruity,Irregular,apple,287
IMG_9501.jpg,https://drive.google.com/file/d/1HQJePaeaLLoehDuRRIx8oMo3621cKEWA/view?usp=drivesdk,A medium item distinguishable by its orange-hued hue and globe-shaped form.,141.2,Red,Autumn,Sharp,Round,apple,288
IMG_9502.jpg,https://drive.google.com/file/d/1DVOgLRtwgZJQgG5R2qZZpugMIzpCPLer/view?usp=drivesdk,A medium sample distinguishable by its sunset-colored hue and circular form.,152.4,Yellow,Autumn,Juicy,Small-Round,apple,289
IMG_9505.jpg,https://drive.google.com/file/d/1cYqlYOVuC2RxtUI-wevTJ6gtTdkTY2H5/view?usp=drivesdk,This item is spherical and features a sleek appearance.,194.8,Yellow,Year Round,Sharp,Flattened,apple,290
IMG_9504.jpg,https://drive.google.com/file/d/1ruRbXQh5mVgY9ABzHiUn7OE0cCIYeiTb/view?usp=drivesdk,An organic produce that feels smooth to the touch and looks orb-like.,208.1,Yellow,Autumn,Tart,Globular,apple,291
IMG_9506.jpg,https://drive.google.com/file/d/1Gw9M2XdmP_vNnd7_nZbe7ONF6f-0jiNA/view?usp=drivesdk,A medium item distinguishable by its reddish hue and round form.,205.9,Red,Year Round,Tart,Globular,apple,292
IMG_9507.jpg,https://drive.google.com/file/d/1wBc8YHv6cBWqvZ6d4qwsR4WG3QlL8nfj/view?usp=drivesdk,A sunset-colored organic matter with a circular silhouette.,149.9,Yellow,Autumn,Sharp,Small-Round,apple,293
IMG_9508.jpg,https://drive.google.com/file/d/1E5Jhee5WD30BUi4qd_RLG5FgglA3k5Au/view?usp=drivesdk,An organic produce that feels sleek to the touch and looks round.,110.4,Orange,Year Round,Sharp,Asymmetric,apple,294
IMG_9509.jpg,https://drive.google.com/file/d/16RyZ0JtzsIjPtIDNkyBufVQ1nL41JNaX/view?usp=drivesdk,A medium round produce with a sleek red surface.,176.2,Orange,Year Round,Crisp,Globular,apple,295
IMG_9510.jpg,https://drive.google.com/file/d/1V6aIgXNgCNGtolIwdt35UvN6aOG4X7Jf/view?usp=drivesdk,A medium produce distinguishable by its golden hue and spherical form.,140.7,Orange,Autumn,Sharp,Flattened,apple,296
IMG_9512.jpg,https://drive.google.com/file/d/1LN-1ChB9ZaVUUhepF9LpZf_HseATjppr/view?usp=drivesdk,An organic item that feels shiny to the touch and looks round.,25.7,Yellow,Winter,Sweet,Asymmetric,apple,297
IMG_9511.jpg,https://drive.google.com/file/d/1dIhl2j9pF-IhnivAXx2c4osWbYKYjAfQ/view?usp=drivesdk,This item is circular and features a polished appearance.,139.4,Yellow,Autumn,Fruity,Globular,apple,298
IMG_9514.jpg,https://drive.google.com/file/d/1MPdSW_hObYcfuiGPkXBrWBIlwPl3F2AK/view?usp=drivesdk,A sunset-colored specimen with a spherical silhouette.,305.1,Green,Autumn,Sweet,Round,apple,299
IMG_9513.jpg,https://drive.google.com/file/d/1tdSiOpZGStly8YzO8sD1YO386C8qXBOJ/view?usp=drivesdk,A palm-sized specimen distinguishable by its sunset-colored hue and circular form.,109,Green,Autumn,Sharp,Irregular,apple,300
IMG_9515.jpg,https://drive.google.com/file/d/1aVkLQ765UpPjmHCf_LrHk8WWbZ1LTSYD/view?usp=drivesdk,A palm-sized item distinguishable by its sunset-colored hue and orb-like form.,144.8,Green,Year Round,Juicy,Small-Round,apple,301
IMG_9516.jpg,https://drive.google.com/file/d/1c5rV1AA_B0odHed4NuSx62B5ChFFVK9i/view?usp=drivesdk,This produce is orb-like and features a shiny appearance.,109.1,Green,Autumn,Tart,Round,apple,302
IMG_9518.jpg,https://drive.google.com/file/d/1nuacCM6XMubx1Q-GbSOnznuskl_HMK89/view?usp=drivesdk,A palm-sized produce distinguishable by its sunset-colored hue and orb-like form.,141.3,Green,Winter,Sweet,Small-Round,apple,303
IMG_9517.jpg,https://drive.google.com/file/d/1tXF3yhdgFXQObd9o9RLIMkPn1dPdcecU/view?usp=drivesdk,This specimen is globe-shaped and features a shiny appearance.,169.3,Green,Year Round,Crisp,Irregular,apple,304
IMG_9519.jpg,https://drive.google.com/file/d/19UYX422AyMsBAY12YBw8iZzjaaDcepmu/view?usp=drivesdk,An organic produce that feels shiny to the touch and looks circular.,106.5,Green,Autumn,Juicy,Irregular,apple,305
IMG_9520.jpg,https://drive.google.com/file/d/17zyHiCz4FCnXlrHd4nIU6YJonH9tGi1U/view?usp=drivesdk,An organic item that feels shiny to the touch and looks round.,258.3,Yellow,Autumn,Fruity,Oval,apple,306
IMG_9521.jpg,https://drive.google.com/file/d/1va1uZi9wTdpc9sDV4peoAS2mzyEt5FrD/view?usp=drivesdk,A palm-sized object distinguishable by its reddish hue and globe-shaped form.,185.6,Yellow,Year Round,Fruity,Irregular,apple,307
IMG_9523.jpg,https://drive.google.com/file/d/1PARrgBbi43nyP1FUpgP3iyYA0D0Be77I/view?usp=drivesdk,A medium item distinguishable by its green hue and round form.,143.9,Green,Autumn,Sharp,Round,apple,308
IMG_9522.jpg,https://drive.google.com/file/d/1PjLCYLKb1YwvEcPvLwpe_IbuHjme3M6E/view?usp=drivesdk,An organic specimen that feels shiny to the touch and looks circular.,97.7,Green,Autumn,Sharp,Flattened,apple,309
IMG_9524.jpg,https://drive.google.com/file/d/1ST2mv-mMb5EZNQSewXw5Is0nv8PYl5kV/view?usp=drivesdk,A medium round sample with a glossy orange-hued surface.,279.1,Green,Winter,Sharp,Round,apple,310
IMG_9525.jpg,https://drive.google.com/file/d/1r9lg19SmOcMkWs6pQoMOxicOPh-VGyKe/view?usp=drivesdk,An organic specimen that feels smooth to the touch and looks circular.,154.9,Green,Year Round,Crisp,Small-Round,apple,311
IMG_9324.jpg,https://drive.google.com/file/d/1FAGJDPD7SplJCrz5SkMbLv97QAeGMkjG/view?usp=drivesdk,This specimen is round and features a sleek appearance.,164,Yellow,Year Round,Sweet,Small-Round,apple,312
IMG_9326.jpg,https://drive.google.com/file/d/1qtoPjxpdu8vs6cn8dM6gh8JE0mmbzwQG/view?usp=drivesdk,This sample is circular and features a shiny appearance.,175.4,Yellow,Autumn,Tart,Round,apple,313
IMG_9325.jpg,https://drive.google.com/file/d/1t9s65fC_qwbxdtDYT8K8aZTOjbhZTEe4/view?usp=drivesdk,A palm-sized sample distinguishable by its sunset-colored hue and globe-shaped form.,197.2,Yellow,Autumn,Fruity,Globular,apple,314
IMG_9329.jpg,https://drive.google.com/file/d/12J-0MaBbLmcUDBVJzCa386lV7tjg_kxr/view?usp=drivesdk,A medium globe-shaped organic matter with a sleek reddish surface.,197.1,Green,Autumn,Crisp,Asymmetric,apple,315
IMG_9327.jpg,https://drive.google.com/file/d/1QxSIov-EQoNRKxNQy-AxYJX2Yif9_AvF/view?usp=drivesdk,A green sample with a round silhouette.,275.4,Yellow,Year Round,Fruity,Globular,apple,316
IMG_9328.jpg,https://drive.google.com/file/d/1bN8IeR45wCWbh6tWbxfYE6BF7l0xJxuK/view?usp=drivesdk,A medium item distinguishable by its green hue and orb-like form.,39.9,Green,Autumn,Crisp,Flattened,apple,317
IMG_9331.jpg,https://drive.google.com/file/d/1YmqcmIM_BZ5d1aj2t2wTATx67_D7RCtv/view?usp=drivesdk,This produce is spherical and features a smooth appearance.,240.3,Green,Autumn,Fruity,Flattened,apple,318
IMG_9332.jpg,https://drive.google.com/file/d/1tAGv7-0wfPPUxVP0MGIUJ7Im2kxWzxYF/view?usp=drivesdk,A warm-colored item with a orb-like silhouette.,160.7,Green,Autumn,Juicy,Flattened,apple,319
IMG_9330.jpg,https://drive.google.com/file/d/1wBdyFyIXqCKDF0iLMpCIQTCf9vStckZM/view?usp=drivesdk,A medium orb-like object with a glossy sunset-colored surface.,81.5,Green,Year Round,Juicy,Irregular,apple,320
IMG_9334.jpg,https://drive.google.com/file/d/1NcUS35AjilErS0l0dEAU09aaYVOQ-0Px/view?usp=drivesdk,This organic matter is circular and features a sleek appearance.,236.7,Green,Year Round,Crisp,Irregular,apple,321
IMG_9333.jpg,https://drive.google.com/file/d/1TMknf_-EcphYsxp0REre2KWAzBc_zC80/view?usp=drivesdk,An organic sample that feels smooth to the touch and looks globe-shaped.,213,Green,Year Round,Crisp,Asymmetric,apple,322
IMG_9336.jpg,https://drive.google.com/file/d/10QUVMm7sPKVqen1bIFZwlOhHkKPgYhDe/view?usp=drivesdk,An organic item that feels shiny to the touch and looks round.,191.8,Green,Year Round,Crisp,Flattened,apple,323
IMG_9338.jpg,https://drive.google.com/file/d/1WHC40vq57QFfSI4MybVaYkfUxuF5pTxk/view?usp=drivesdk,A medium sample distinguishable by its warm-colored hue and circular form.,103.4,Green,Winter,Sharp,Asymmetric,apple,324
IMG_9335.jpg,https://drive.google.com/file/d/1rf3WVY4Wk3-lvc9Z_wt04aD40-FWBvQd/view?usp=drivesdk,An organic item that feels smooth to the touch and looks orb-like.,176.7,Green,Winter,Juicy,Globular,apple,325
IMG_9596.jpg,https://drive.google.com/file/d/1x7ZI8k5pGHcKRaqXo2s65l7qdBCyPR1h/view?usp=drivesdk,A palm-sized orb-like organic matter with a matte reddish surface.,123.2,Yellow,Winter,Sharp,Round,mandarin,326
IMG_9597.jpg,https://drive.google.com/file/d/1a16ES1tNDVbb4sP0C1wFH5RLtGl7hk-N/view?usp=drivesdk,An organic produce that feels pitted to the touch and looks flattened.,116,Yellow,Autumn,Sweet,Flattened,mandarin,327
IMG_9599.jpg,https://drive.google.com/file/d/1HOmWAuo3gri_FAuGZ_1pBwnC40qVlIN4/view?usp=drivesdk,This object is orb-like and features a pitted appearance.,169.4,Orange,Spring,Fruity,Round,mandarin,328
IMG_9598.jpg,https://drive.google.com/file/d/1Lv76p2y0Ay60ZPWA5VuOF_d90P89_Vha/view?usp=drivesdk,A warm-colored organic matter with a round silhouette.,136.1,Orange,Autumn,Fruity,Asymmetric,mandarin,329
IMG_9600.jpg,https://drive.google.com/file/d/10OtkldseCBgN4Xi1y79wcgYmkLMnRNKb/view?usp=drivesdk,A orange organic matter with a orb-like silhouette.,156.7,Orange,Autumn,Sharp,Round,mandarin,330
IMG_9601.jpg,https://drive.google.com/file/d/1SEI6hRyRWhfwiw8BQjKVzCVhOSiUs9MC/view?usp=drivesdk,This specimen is orb-like and features a matte appearance.,170.6,Yellow,Autumn,Sweet,Globular,mandarin,331
IMG_9602.jpg,https://drive.google.com/file/d/1NOAcb4NL8vBc0nwTjF7wYTnMEOxtZPec/view?usp=drivesdk,A golden produce with a orb-like silhouette.,121.8,Orange,Autumn,Tart,Round,mandarin,332
IMG_9604.jpg,https://drive.google.com/file/d/1-bzLIUrfSWkNmVW_nSLGkSTevkOjtF7h/view?usp=drivesdk,This sample is orb-like and features a bumpy appearance.,155,Orange,Spring,Juicy,Round,mandarin,333
IMG_9603.jpg,https://drive.google.com/file/d/1PR1_ERJm4Aa2jgnzPgAYWw-TpjsRqG5k/view?usp=drivesdk,A small spherical specimen with a uneven orange surface.,164.1,Orange,Autumn,Juicy,Small-Round,mandarin,334
IMG_9605.jpg,https://drive.google.com/file/d/1TV2DkASaQuAXoLKFtdZ_4eDXkcIrYduz/view?usp=drivesdk,A palm-sized organic matter distinguishable by its warm-colored hue and round form.,132.5,Orange,Autumn,Tart,Small-Round,mandarin,335
IMG_9606.jpg,https://drive.google.com/file/d/1WcRrGvYXyZk63jEQISq9zTRjmbPBEgVo/view?usp=drivesdk,This sample is circular and features a uneven appearance.,117.6,Orange,Winter,Tart,Small-Round,mandarin,336
IMG_9608.jpg,https://drive.google.com/file/d/1OliXLQQD2FwlY9Q1loivmugSHESzxawS/view?usp=drivesdk,An organic item that feels bumpy to the touch and looks flattened.,100.6,Orange,Spring,Tart,Globular,mandarin,337
IMG_9607.jpg,https://drive.google.com/file/d/1ykrJFwipCuCQTA4Dj5RO1rrDo9AkcRSU/view?usp=drivesdk,A small produce distinguishable by its orange-hued hue and orb-like form.,123,Yellow,Autumn,Juicy,Round,mandarin,338
IMG_9610.jpg,https://drive.google.com/file/d/1OWDGb2lYrnwSql4zSmZJlNMMOM53ugvv/view?usp=drivesdk,This produce is spherical and features a uneven appearance.,78.6,Yellow,Autumn,Sharp,Small-Round,mandarin,339
IMG_9609.jpg,https://drive.google.com/file/d/1w5yj8WaDI1d5Ipi7ul1ZqFh5acRIM6YI/view?usp=drivesdk,This organic matter is globe-shaped and features a textured appearance.,183.1,Yellow,Spring,Sweet,Globular,mandarin,340
IMG_9611.jpg,https://drive.google.com/file/d/1N8nwCf0l8aAWKwnZD6qJDw62xRq3T82v/view?usp=drivesdk,An organic produce that feels matte to the touch and looks spherical.,102.9,Orange,Autumn,Sharp,Globular,mandarin,341
IMG_9613.jpg,https://drive.google.com/file/d/1L4PlF2RBqYcgbOtOvitewX1XpaxMP_fK/view?usp=drivesdk,A small flattened item with a textured golden surface.,145.3,Orange,Spring,Tart,Flattened,mandarin,342
IMG_9612.jpg,https://drive.google.com/file/d/1wwqyjdk7qBs2-6Lwoedr4Gs8np1R_GAN/view?usp=drivesdk,A palm-sized specimen distinguishable by its reddish hue and orb-like form.,128.4,Red,Winter,Sweet,Round,mandarin,343
IMG_9614.jpg,https://drive.google.com/file/d/1QECGrkzuUTNJjmQwgW-YXuSkL1Ij5rCM/view?usp=drivesdk,A small object distinguishable by its warm-colored hue and spherical form.,167,Yellow,Spring,Tart,Round,mandarin,344
IMG_9615.jpg,https://drive.google.com/file/d/1R_d9hsZx6KZbPViUrSqW_wGmhlNOwQyg/view?usp=drivesdk,A small sample distinguishable by its warm-colored hue and flattened form.,180.5,Yellow,Spring,Sharp,Asymmetric,mandarin,345
IMG_9359.jpg,https://drive.google.com/file/d/14qYDEoVGWr9BV1qp5jYT3zUl0S_-25P8/view?usp=drivesdk,A small round sample with a rough reddish surface.,131.7,Yellow,Winter,Sweet,Small-Round,mandarin,346
IMG_9362.jpg,https://drive.google.com/file/d/1EckyN2Br_akJDmdnp0QVSgsa11e-vNXp/view?usp=drivesdk,A reddish sample with a circular silhouette.,173.5,Yellow,Autumn,Sharp,Asymmetric,mandarin,347
IMG_9360.jpg,https://drive.google.com/file/d/1PrdRnSjLrKKqoWOqA_83VaNZ3WgE-g8y/view?usp=drivesdk,A small specimen distinguishable by its orange hue and globe-shaped form.,153.4,Yellow,Winter,Juicy,Globular,mandarin,348
IMG_9358.jpg,https://drive.google.com/file/d/1cP-oX6xKy2gnGPWxulOe6QOyWoZG0Uue/view?usp=drivesdk,A orange sample with a circular silhouette.,96.8,Yellow,Spring,Sweet,Globular,mandarin,349
IMG_9361.jpg,https://drive.google.com/file/d/1cWEc4GuiRGShNm9_R6kYcktffloeNO2c/view?usp=drivesdk,A small flattened sample with a matte sunset-colored surface.,119.8,Yellow,Spring,Sweet,Flattened,mandarin,350
IMG_9352.jpg,https://drive.google.com/file/d/12kBF25Xatluj17TE0pbJtRrfZ-Q9WJlP/view?usp=drivesdk,A golden produce with a flattened silhouette.,193.8,Yellow,Winter,Sweet,Globular,mandarin,351
IMG_9353.jpg,https://drive.google.com/file/d/17Gz3ZcfVmqZx4ZTJMeWe0NcRtb4J5AOk/view?usp=drivesdk,A palm-sized object distinguishable by its warm-colored hue and round form.,126,Yellow,Autumn,Tart,Asymmetric,mandarin,352
IMG_9357.jpg,https://drive.google.com/file/d/1C_qIjNSrhkZzv67w2PWsRdp40Argijmb/view?usp=drivesdk,A golden produce with a circular silhouette.,115.4,Yellow,Autumn,Tart,Asymmetric,mandarin,353
IMG_9356.jpg,https://drive.google.com/file/d/1WLb_600F__tTzVoWhqyG95mfXw73lK9H/view?usp=drivesdk,A reddish item with a round silhouette.,99,Yellow,Winter,Sweet,Small-Round,mandarin,354
IMG_9355.jpg,https://drive.google.com/file/d/1wFkNQDig3jVeo-l-8nzbkJcrZtWNUVio/view?usp=drivesdk,This sample is circular and features a textured appearance.,95.8,Yellow,Winter,Sweet,Flattened,mandarin,355
IMG_9354.jpg,https://drive.google.com/file/d/1yKkb7qy6I_6WzVjqavHhHIGhtjwMCEsA/view?usp=drivesdk,A palm-sized specimen distinguishable by its sunset-colored hue and round form.,100.6,Yellow,Spring,Tart,Flattened,mandarin,356
IMG_9351.jpg,https://drive.google.com/file/d/15JvBnilhJUd7nZ0EBdYtqEdWW188X7-3/view?usp=drivesdk,A small orb-like object with a pitted golden surface.,147.3,Yellow,Autumn,Tart,Round,mandarin,357
IMG_9348.jpg,https://drive.google.com/file/d/1EwEAQAAFqqwaAkxr0u9XWzKbe8v-sM6t/view?usp=drivesdk,This sample is globe-shaped and features a matte appearance.,115.5,Yellow,Autumn,Sweet,Globular,mandarin,358
IMG_9350.jpg,https://drive.google.com/file/d/1VNb2NGaJN4rveJL8-b17QQE_H1HvUsnq/view?usp=drivesdk,A orange produce with a spherical silhouette.,131.2,Yellow,Spring,Tart,Small-Round,mandarin,359
IMG_9346.jpg,https://drive.google.com/file/d/1blk6LmEJOBKepYXPKpzqj035qAyWDJQS/view?usp=drivesdk,A small object distinguishable by its sunset-colored hue and flattened form.,87.4,Orange,Winter,Juicy,Globular,mandarin,360
IMG_9345.jpg,https://drive.google.com/file/d/1e3Wpn-9X2fZeSxzgSLIwMvj228Qwr81Q/view?usp=drivesdk,This item is spherical and features a textured appearance.,130,Orange,Winter,Sharp,Round,mandarin,361
IMG_9349.jpg,https://drive.google.com/file/d/1krmA1YDa4CXl5oYjaTv_mOLdGy3-KYaC/view?usp=drivesdk,A small specimen distinguishable by its orange hue and round form.,82.1,Yellow,Winter,Juicy,Flattened,mandarin,362
IMG_9322.jpg,https://drive.google.com/file/d/11J9bBM7HbJ6TlTVmwXCc_sccJuSToHcG/view?usp=drivesdk,An organic item that feels matte to the touch and looks orb-like.,157.7,Green,Autumn,Tart,Small-Round,mandarin,363
IMG_9342.jpg,https://drive.google.com/file/d/13e9KoKKCVJlLoWQIAwoYO3yGfkKqvtHx/view?usp=drivesdk,This organic matter is round and features a rough appearance.,114.9,Orange,Autumn,Sharp,Asymmetric,mandarin,364
IMG_9323.jpg,https://drive.google.com/file/d/165xCLsMgXYp8IcIiIq13YzgL5F8e8Utd/view?usp=drivesdk,A sunset-colored sample with a spherical silhouette.,206,Green,Winter,Tart,Flattened,mandarin,365
IMG_9344.jpg,https://drive.google.com/file/d/1RtLnlvDV8ktt4lPiB3LSxErExbil9Va7/view?usp=drivesdk,A small organic matter distinguishable by its warm-colored hue and globe-shaped form.,90.8,Yellow,Winter,Sweet,Flattened,mandarin,366
IMG_9321.jpg,https://drive.google.com/file/d/1YnAy5ZtyhP1Mlt6n9Okf40wTKZnMwQin/view?usp=drivesdk,A small globe-shaped sample with a bumpy orange-hued surface.,154.5,Green,Spring,Tart,Flattened,mandarin,367
IMG_9343.jpg,https://drive.google.com/file/d/1kI-t-uHKLqe3vZX6U-rVKX1opzKncjKJ/view?usp=drivesdk,A palm-sized object distinguishable by its reddish hue and spherical form.,143.6,Yellow,Spring,Sweet,Globular,mandarin,368
IMG_9317.jpg,https://drive.google.com/file/d/1E3mRYlHUqtsA4YGeKTDgo1l6EHAs5Vh_/view?usp=drivesdk,A orange-hued item with a globe-shaped silhouette.,142.5,Yellow,Winter,Juicy,Asymmetric,mandarin,369
IMG_9320.jpg,https://drive.google.com/file/d/1kfVdth4TxF578EJOTT7bQMAnD7w5VPwj/view?usp=drivesdk,A sunset-colored specimen with a round silhouette.,191.6,Yellow,Autumn,Fruity,Small-Round,mandarin,370
IMG_9318.jpg,https://drive.google.com/file/d/1lNk41XO5-TMYnmMfTR56dhLZAbXAYkSU/view?usp=drivesdk,A palm-sized sample distinguishable by its reddish hue and flattened form.,166.6,Yellow,Spring,Fruity,Small-Round,mandarin,371
IMG_9319.jpg,https://drive.google.com/file/d/1tLyWDpSsXypZZEDQJ49Q1HPEhAb7tXzI/view?usp=drivesdk,A palm-sized sample distinguishable by its orange hue and orb-like form.,48,White/Pale,Winter,Juicy,Round,mandarin,372
IMG_9313.jpg,https://drive.google.com/file/d/10PMrE78s2lFINHMwWxyum5o7oNAUY3RO/view?usp=drivesdk,A small globe-shaped item with a pitted golden surface.,163.6,Yellow,Spring,Tart,Flattened,mandarin,373
IMG_9311.jpg,https://drive.google.com/file/d/1U5NvHwCRLrsWO88yyqcmRYnOtOYXOLBI/view?usp=drivesdk,A small produce distinguishable by its reddish hue and globe-shaped form.,126.1,Yellow,Autumn,Juicy,Round,mandarin,374
IMG_9312.jpg,https://drive.google.com/file/d/1YaczXVppq5VGdenTAwNPn8-wz8aRDBWE/view?usp=drivesdk,A warm-colored sample with a flattened silhouette.,148.8,Yellow,Autumn,Tart,Small-Round,mandarin,375
IMG_9316.jpg,https://drive.google.com/file/d/1ZvkZlkEDaSiapy47ITq-UNYjeJuiM89Z/view?usp=drivesdk,A palm-sized item distinguishable by its orange hue and orb-like form.,163.2,Yellow,Winter,Sweet,Round,mandarin,376
IMG_9314.jpg,https://drive.google.com/file/d/1bQizSJNw3xQa73pFn1WeA5n9_vWG8ykY/view?usp=drivesdk,A palm-sized sample distinguishable by its orange-hued hue and globe-shaped form.,119,Yellow,Autumn,Tart,Flattened,mandarin,377
IMG_9315.jpg,https://drive.google.com/file/d/1m1YXY8Bf3zsz84cMhZPtWeYtW-LLbsXT/view?usp=drivesdk,A small round item with a pitted sunset-colored surface.,108.4,Green,Autumn,Tart,Round,mandarin,378
IMG_9306.jpg,https://drive.google.com/file/d/1U4urXJbG6FhOMAIJzR1y6vrDuLESnd6j/view?usp=drivesdk,This item is spherical and features a matte appearance.,86.6,Yellow,Spring,Sweet,Asymmetric,mandarin,379
IMG_9308.jpg,https://drive.google.com/file/d/1WqZXTLEdHZlNsZi0wZkaA8OHc8TxyK9f/view?usp=drivesdk,A palm-sized spherical item with a pitted orange-hued surface.,147.3,Yellow,Autumn,Sharp,Flattened,mandarin,380
IMG_9307.jpg,https://drive.google.com/file/d/1agtpJ0ezLJQPYMd4HKwSjzqqikzjs_Db/view?usp=drivesdk,This item is spherical and features a uneven appearance.,129.5,Yellow,Spring,Sweet,Small-Round,mandarin,381
IMG_9309.jpg,https://drive.google.com/file/d/1cBrKWY5lOXu1ia7zvFLQU209JyyUiyzK/view?usp=drivesdk,An organic object that feels textured to the touch and looks globe-shaped.,108.8,Yellow,Spring,Juicy,Globular,mandarin,382
IMG_9310.jpg,https://drive.google.com/file/d/1uwm1k8mXeKo_DLFIgPVRZ6C4fmaHoLCn/view?usp=drivesdk,A small sample distinguishable by its orange-hued hue and circular form.,61.8,Yellow,Autumn,Fruity,Round,mandarin,383
IMG_9302.jpg,https://drive.google.com/file/d/17UfIH9xIL6OQ7zt4zUSYOkhMzFEWO0Tk/view?usp=drivesdk,An organic specimen that feels bumpy to the touch and looks orb-like.,216.7,Yellow,Autumn,Tart,Small-Round,mandarin,384
IMG_9303.jpg,https://drive.google.com/file/d/1AfnhLhe-VyscjWjChm9qYk-oglmJ127H/view?usp=drivesdk,A small produce distinguishable by its reddish hue and round form.,122.9,Yellow,Autumn,Fruity,Asymmetric,mandarin,385
IMG_9299.jpg,https://drive.google.com/file/d/1BO29tA-vykNh1CxuZ3Xj1raMLBdo7inO/view?usp=drivesdk,An organic organic matter that feels textured to the touch and looks spherical.,126,Yellow,Spring,Juicy,Globular,mandarin,386
IMG_9300.jpg,https://drive.google.com/file/d/1R71PQuxtqmgdXFOQnAYxFUU6HsnHPbCh/view?usp=drivesdk,An organic sample that feels matte to the touch and looks globe-shaped.,171.7,Yellow,Spring,Juicy,Round,mandarin,387
IMG_9301.jpg,https://drive.google.com/file/d/1g2kYeSdpJk37ElAo8KjbnwkEEqu1aGWT/view?usp=drivesdk,A golden item with a round silhouette.,110.5,Yellow,Autumn,Sweet,Globular,mandarin,388
IMG_9305.jpg,https://drive.google.com/file/d/1rZ09QfmQ_bCu728qgiq6L2jmrf9oQJ24/view?usp=drivesdk,This specimen is globe-shaped and features a textured appearance.,136.2,Yellow,Winter,Sweet,Globular,mandarin,389
IMG_9304.jpg,https://drive.google.com/file/d/1zqafobt36xQkEF8qLXbj0aQ88yW_r228/view?usp=drivesdk,A small object distinguishable by its orange-hued hue and round form.,114.2,Yellow,Autumn,Sharp,Globular,mandarin,390
IMG_9297.jpg,https://drive.google.com/file/d/1NbbqMiQousvKj09tTrbyl0OT_fOFdx7w/view?usp=drivesdk,A palm-sized specimen distinguishable by its warm-colored hue and spherical form.,205.9,Yellow,Winter,Sharp,Asymmetric,mandarin,391
IMG_9296.jpg,https://drive.google.com/file/d/1Oe1vTgaML0ASHNHIeHf64iBQQ9_TIf0f/view?usp=drivesdk,A palm-sized item distinguishable by its golden hue and circular form.,151.5,Yellow,Winter,Sharp,Flattened,mandarin,392
IMG_9295.jpg,https://drive.google.com/file/d/1OoJPjTPxP5VUIkUxVwEQJVG6z4f_8GD2/view?usp=drivesdk,A orange-hued specimen with a orb-like silhouette.,159.7,Yellow,Autumn,Tart,Small-Round,mandarin,393
IMG_9294.jpg,https://drive.google.com/file/d/1VVAkBiMLzZtycERcNPbwWMJRBAY9f_nV/view?usp=drivesdk,This sample is globe-shaped and features a bumpy appearance.,133.2,Yellow,Spring,Sharp,Flattened,mandarin,394
IMG_9298.jpg,https://drive.google.com/file/d/1mMJEX-bGb5UaRJ3_XQ3fbWwwUWHofTQR/view?usp=drivesdk,This object is globe-shaped and features a pitted appearance.,102,Yellow,Spring,Fruity,Asymmetric,mandarin,395
IMG_9291.jpg,https://drive.google.com/file/d/162o0AcThEBr2t9gZy5B-Ft6PjWhHYTPF/view?usp=drivesdk,An organic produce that feels textured to the touch and looks round.,168.2,Yellow,Spring,Sharp,Round,mandarin,396
IMG_9131.jpg,https://drive.google.com/file/d/18FlG8ZHjNb2PZhu1zIymr91Tinfx3s-D/view?usp=drivesdk,This sample is circular and features a bumpy appearance.,183.7,Yellow,Spring,Sharp,Round,mandarin,397
IMG_9292.jpg,https://drive.google.com/file/d/1Lei4xolvIxmMR-iyx9MTF1Wk9uxuMIum/view?usp=drivesdk,A palm-sized organic matter distinguishable by its reddish hue and orb-like form.,125.5,Yellow,Winter,Sweet,Flattened,mandarin,398
IMG_9129.jpg,https://drive.google.com/file/d/1i-00h4SlfgkITbQpZJ-9utmIwytnA7Fi/view?usp=drivesdk,A small produce distinguishable by its warm-colored hue and spherical form.,88.6,Yellow,Autumn,Sweet,Globular,mandarin,399
IMG_9130.jpg,https://drive.google.com/file/d/1tnqTaTcZAGmF0sve7FP0hWk-TQ3VgePf/view?usp=drivesdk,A golden sample with a orb-like silhouette.,156.6,Yellow,Winter,Juicy,Flattened,mandarin,400
IMG_9293.jpg,https://drive.google.com/file/d/1wUW0BvIz4iOv031erjpTbTgtZgRaZZmb/view?usp=drivesdk,A golden specimen with a round silhouette.,67.1,Yellow,Winter,Sharp,Asymmetric,mandarin,401
IMG_9125.jpg,https://drive.google.com/file/d/14PKEuWxznpQiMWVau-jJ7ZGwFhlTzkGo/view?usp=drivesdk,A palm-sized circular produce with a pitted golden surface.,94.1,Yellow,Spring,Sweet,Globular,mandarin,402
IMG_9128.jpg,https://drive.google.com/file/d/19z3uRQg_ZNWgyRTZ1fL_OE3jLEXhoL3J/view?usp=drivesdk,An organic object that feels bumpy to the touch and looks circular.,150.1,Yellow,Spring,Sharp,Globular,mandarin,403
IMG_9127.jpg,https://drive.google.com/file/d/1KaWDAG6X6vqxJSUeNC6M2daKZZTLa4mI/view?usp=drivesdk,A palm-sized flattened organic matter with a textured orange-hued surface.,63.4,Yellow,Spring,Juicy,Flattened,mandarin,404
IMG_9126.jpg,https://drive.google.com/file/d/1gQamcy8bIfbqee3DtupqFz1--OQS64ff/view?usp=drivesdk,A palm-sized organic matter distinguishable by its orange-hued hue and spherical form.,126.8,Yellow,Autumn,Tart,Flattened,mandarin,405
IMG_9641.jpg,https://drive.google.com/file/d/1OAxxczuSkXfeHtkSLRHR5UX1nsFLgdm7/view?usp=drivesdk,A pale yellow specimen with a oval silhouette.,215.2,Yellow,Year Round,Starchy,Long,banana,406
IMG_9640.jpg,https://drive.google.com/file/d/1Ty3GQ1hNRIwAS2udbqqsbqgTGBL8HvAv/view?usp=drivesdk,This sample is curved and features a shiny appearance.,223.7,Yellow,Year Round,Sweet,Asymmetric,banana,407
IMG_9639.jpg,https://drive.google.com/file/d/1wqhkylcE915_T72aJ23uYnOjWLFDxcI1/view?usp=drivesdk,A medium organic matter distinguishable by its golden hue and curved form.,221.5,Yellow,Spring,Mild,Cylindrical,banana,408
IMG_9644.jpg,https://drive.google.com/file/d/15xfm-5dgSRjAyIllvhziugoeWJykOrzG/view?usp=drivesdk,This specimen is lengthy and features a polished appearance.,226.5,Yellow,Summer,Mild,Cylindrical,banana,409
IMG_9642.jpg,https://drive.google.com/file/d/1N7Y9jwgOMmbkm6sYiuI3qtNIJL9HKXSE/view?usp=drivesdk,A long curved specimen with a sleek golden surface.,209.3,Yellow,Year Round,Earthy,Curved,banana,410
IMG_9645.jpg,https://drive.google.com/file/d/1b-5uluSVskmwGcWfMofOGj4b2IXAqdAJ/view?usp=drivesdk,An organic item that feels sleek to the touch and looks elongated.,167.7,Yellow,Spring,Starchy,Long,banana,411
IMG_9643.jpg,https://drive.google.com/file/d/1dSZugXxBLhftj37RUBNOgCQNq-hGP4ZD/view?usp=drivesdk,An organic specimen that feels glossy to the touch and looks oval.,228.4,Yellow,Year Round,Mild,Long,banana,412
IMG_9647.jpg,https://drive.google.com/file/d/1HnAIVZDiFMfBCMYosnW94QFM_0V7dQ16/view?usp=drivesdk,A golden item with a lengthy silhouette.,238.2,Yellow,Spring,Sweet,Long,banana,413
IMG_9646.jpg,https://drive.google.com/file/d/1ZMJp_IHfAPg_pIB_IyCkgeMrXbAg9TSX/view?usp=drivesdk,A yellowish specimen with a oval silhouette.,178.5,Yellow,Spring,Starchy,Curved,banana,414
IMG_9648.jpg,https://drive.google.com/file/d/1srYLj42ShIzFavNNw_UJtWzOZ59XWVgU/view?usp=drivesdk,A long object distinguishable by its bright hue and lengthy form.,203.3,Yellow,Spring,Mild,Long,banana,415
IMG_9650.jpg,https://drive.google.com/file/d/1P-O9jhINsUqe5QDkkD8eDxA_5d1qqKwo/view?usp=drivesdk,This sample is elongated and features a smooth appearance.,215.6,Yellow,Year Round,Mild,Curved,banana,416
IMG_9651.jpg,https://drive.google.com/file/d/1TibhIrZbfGC1pHrZOnMzT90sM48PlUYW/view?usp=drivesdk,A long elongated organic matter with a shiny yellowish surface.,248.9,Yellow,Year Round,Sweet,Long,banana,417
IMG_9649.jpg,https://drive.google.com/file/d/1XHvIYXKg7oh85ZH4NmDpYzVpmSpZmgip/view?usp=drivesdk,An organic sample that feels polished to the touch and looks elongated.,170.2,Yellow,Year Round,Starchy,Curved,banana,418
IMG_9652.jpg,https://drive.google.com/file/d/1n3ZL82njje6Uhd6JrTaJIdkPn2CbxUBE/view?usp=drivesdk,This specimen is elongated and features a glossy appearance.,184.7,Yellow,Spring,Sweet,Asymmetric,banana,419
IMG_9654.jpg,https://drive.google.com/file/d/1f7ejLENW3MOzIfLCbN49ofFKhUY4a25O/view?usp=drivesdk,A bright item with a oblong silhouette.,171.3,Yellow,Year Round,Mild,Curved,banana,420
IMG_9653.jpg,https://drive.google.com/file/d/1iCILFa1CS_x4xw9RZSoMk5Jb11nvpWMO/view?usp=drivesdk,A medium sample distinguishable by its yellowish hue and curved form.,234.3,Yellow,Spring,Earthy,Cylindrical,banana,421
IMG_9564.jpg,https://drive.google.com/file/d/1Ahq6OSDF24CIOX8TX0ZqXSozfMig6GGd/view?usp=drivesdk,An organic produce that feels sleek to the touch and looks lengthy.,170.6,Yellow,Year Round,Sweet,Asymmetric,banana,422
IMG_9565.jpg,https://drive.google.com/file/d/19OqfSNFVFNmhsYPzMkcbyi7epfInEpZb/view?usp=drivesdk,A yellowish organic matter with a oval silhouette.,212.3,Yellow,Year Round,Earthy,Long,banana,423
IMG_9567.jpg,https://drive.google.com/file/d/1wdzZKb2YdZ9RWos_7oLwUSiSmMGKd9t_/view?usp=drivesdk,A bright sample with a elongated silhouette.,239.5,Yellow,Year Round,Earthy,Cylindrical,banana,424
IMG_9568.jpg,https://drive.google.com/file/d/16YJZmKhPJPf7dS_fQuLSkNSrKZakNaWk/view?usp=drivesdk,An organic object that feels smooth to the touch and looks curved.,200.7,Yellow,Summer,Mild,Asymmetric,banana,425
IMG_9569.jpg,https://drive.google.com/file/d/1f3js9xJEeAXbqrjzQ36y8o3nqJHraU_f/view?usp=drivesdk,A yellowish sample with a lengthy silhouette.,216.1,Yellow,Year Round,Mild,Asymmetric,banana,426
IMG_9570.jpg,https://drive.google.com/file/d/1k5jfjYPT5_Lkn6KEcMKw3h48sHC_5ovc/view?usp=drivesdk,A golden sample with a curved silhouette.,224.8,Yellow,Spring,Starchy,Asymmetric,banana,427
IMG_9572.jpg,https://drive.google.com/file/d/18ptO80SRVQaWZXYcKYEo1ADU0DqIiyGH/view?usp=drivesdk,A medium sample distinguishable by its pale yellow hue and curved form.,220,Yellow,Year Round,Earthy,Curved,banana,428
IMG_9571.jpg,https://drive.google.com/file/d/1O8N7L198cFGayHH9CWW4EIzd0irV6Lyk/view?usp=drivesdk,A long sample distinguishable by its bright hue and curved form.,197.4,Yellow,Spring,Mild,Asymmetric,banana,429
IMG_9573.jpg,https://drive.google.com/file/d/1TrdkESgzoannCMzpHgwSoe979tsQBAym/view?usp=drivesdk,A medium item distinguishable by its golden hue and oblong form.,204.3,Yellow,Year Round,Mild,Cylindrical,banana,430
IMG_9574.jpg,https://drive.google.com/file/d/1HfRGgOF5_xJqPFA6xHnFH8jHn6tH5nwZ/view?usp=drivesdk,A medium produce distinguishable by its yellowish hue and oval form.,222.1,Yellow,Spring,Earthy,Cylindrical,banana,431
IMG_9575.jpg,https://drive.google.com/file/d/1uBYsOBzbF4rZGg74lxI5GvnTfhrEqDpN/view?usp=drivesdk,A medium lengthy specimen with a polished golden surface.,202.3,Yellow,Year Round,Mild,Cylindrical,banana,432
IMG_9576.jpg,https://drive.google.com/file/d/1wjaxoMw2MGe5xRRlG2nLyceLiHoAEbT_/view?usp=drivesdk,A long oblong specimen with a glossy golden surface.,190.8,Yellow,Summer,Sweet,Asymmetric,banana,433
IMG_9577.jpg,https://drive.google.com/file/d/1i_yPicnlStugiEfHaRmTJsuJQelGYdeY/view?usp=drivesdk,A yellowish object with a oval silhouette.,199,Yellow,Spring,Earthy,Curved,banana,434
IMG_9578.jpg,https://drive.google.com/file/d/1kn9eZsT13RJ5oX2SmqdwMFbILknta3Xp/view?usp=drivesdk,A medium curved produce with a smooth golden surface.,223.2,Yellow,Year Round,Starchy,Long,banana,435
IMG_9579.jpg,https://drive.google.com/file/d/16L_oe4vA7yJjawQg-jP9eP4h0ARqC6NK/view?usp=drivesdk,A yellowish object with a curved silhouette.,190.7,Yellow,Year Round,Starchy,Curved,banana,436
IMG_9580.jpg,https://drive.google.com/file/d/1J26cgU2V0APYzsG5593F-tamAiOV2Xw6/view?usp=drivesdk,An organic organic matter that feels glossy to the touch and looks elongated.,193.8,Yellow,Year Round,Sweet,Cylindrical,banana,437
IMG_9581.jpg,https://drive.google.com/file/d/1rCbTh3AWRWjcd9L_yJPNOPNAwL-3iQpT/view?usp=drivesdk,A long item distinguishable by its pale yellow hue and oval form.,210,Yellow,Summer,Starchy,Curved,banana,438
IMG_9469.jpg,https://drive.google.com/file/d/1mSKUPVsdW_T-Qg7FpaGSLuYaENizfCTN/view?usp=drivesdk,An organic object that feels sleek to the touch and looks lengthy.,220.9,Yellow,Summer,Starchy,Cylindrical,banana,439
IMG_9471.jpg,https://drive.google.com/file/d/1VOFh-XkspZv9U17E1EG2pnBCd4j5n4rj/view?usp=drivesdk,A medium produce distinguishable by its bright hue and oblong form.,239.6,Yellow,Year Round,Earthy,Long,banana,440
IMG_9526.jpg,https://drive.google.com/file/d/1h2xt_Je9nqflI4mPBLCXRUUKhhNSzovD/view?usp=drivesdk,An organic sample that feels polished to the touch and looks oblong.,227.5,Yellow,Summer,Sweet,Asymmetric,banana,441
IMG_9472.jpg,https://drive.google.com/file/d/1mO2jSjdkoTS7KjQ25GOn8zH4N-uQFUOv/view?usp=drivesdk,A yellowish item with a oval silhouette.,223.6,Yellow,Spring,Sweet,Asymmetric,banana,442
IMG_9541.jpg,https://drive.google.com/file/d/17zhi_JhOjl1uHVwxFuQ3sMAO4R1gWBQC/view?usp=drivesdk,An organic object that feels uneven to the touch and looks curved.,162.4,Orange,Winter,Earthy,Oval,potato,443
IMG_9542.jpg,https://drive.google.com/file/d/1khhD-IXwwzr8GWmLnDYxXFUr1MrElmmB/view?usp=drivesdk,A pale specimen with a circular silhouette.,379.4,Brown,Year Round,Mild,Round,potato,444
IMG_9543.jpg,https://drive.google.com/file/d/1xvEh-dk5uBczAi_lnm6tnzmjFzP6WKj1/view?usp=drivesdk,A chunky sample distinguishable by its brownish hue and lengthy form.,302.8,Brown,Winter,Savory,Asymmetric,potato,445
IMG_9544.jpg,https://drive.google.com/file/d/17tw_vV0E684AiTYZ93JpeVKPSqwOsqwY/view?usp=drivesdk,A medium organic matter distinguishable by its pale hue and oval form.,231.4,Brown,Year Round,Starchy,Curved,potato,446
IMG_9545.jpg,https://drive.google.com/file/d/1ByyEyzRv7-7WYbxXvcQvFe0uW5BHAyxX/view?usp=drivesdk,A tan specimen with a oblong silhouette.,309.2,Brown,Winter,Mild,Long,potato,447
IMG_9546.jpg,https://drive.google.com/file/d/1bKbJ-tQq-KjV17g7Y-67ghoqkSZ9PBbX/view?usp=drivesdk,A variable organic matter distinguishable by its beige hue and curved form.,350.7,Brown,Autumn,Starchy,Globular,potato,448
IMG_9548.jpg,https://drive.google.com/file/d/1VgulRt4MKwHPHHgojPGxx87BbORCL_8w/view?usp=drivesdk,This item is elongated and features a uneven appearance.,340.8,Orange,Year Round,Mild,Irregular,potato,449
IMG_9547.jpg,https://drive.google.com/file/d/1zoEjkGj4QMTwgxYNKetDwFO-ZeH7O0i6/view?usp=drivesdk,This item is curved and features a textured appearance.,268.2,Brown,Year Round,Starchy,Flattened,potato,450
IMG_9550.jpg,https://drive.google.com/file/d/1WMQGn8D7ZSKPuMA0J_p_wae3hOyuLPgD/view?usp=drivesdk,An organic sample that feels dusty to the touch and looks globe-shaped.,291.5,Brown,Autumn,Starchy,Asymmetric,potato,451
IMG_9549.jpg,https://drive.google.com/file/d/1sir8SOfMWCF5CUvCSIR6_QPR358VoWhM/view?usp=drivesdk,This organic matter is oval and features a dusty appearance.,122.3,Brown,Autumn,Earthy,Cylindrical,potato,452
IMG_9551.jpg,https://drive.google.com/file/d/1Jaha7y1U6rJVFWhP6VxNqJuG3lzlZqhN/view?usp=drivesdk,A beige organic matter with a spherical silhouette.,370,Yellow,Year Round,Earthy,Curved,potato,453
IMG_9553.jpg,https://drive.google.com/file/d/1MGzOBlR8X4r7gEHrbhOnLdjnqOBznpGA/view?usp=drivesdk,This produce is oval and features a dusty appearance.,375,Brown,Winter,Savory,Flattened,potato,454
IMG_9552.jpg,https://drive.google.com/file/d/1ZIp4JMpZ0ouwcyUnbwiZ7i8I-mXx0tNG/view?usp=drivesdk,A variable lengthy item with a textured pale surface.,237.4,Brown,Autumn,Earthy,Cylindrical,potato,455
IMG_9554.jpg,https://drive.google.com/file/d/1iwAjW9IbjuEBdjPLCf9HkiI9kzg88Zo-/view?usp=drivesdk,A pale specimen with a elongated silhouette.,359,Brown,Winter,Mild,Flattened,potato,456
IMG_9556.jpg,https://drive.google.com/file/d/1r8IkIrs1vQgcyNdO-1i4MswQNq4UQQvm/view?usp=drivesdk,This organic matter is orb-like and features a uneven appearance.,316.2,Brown,Year Round,Savory,Cylindrical,potato,457
IMG_9555.jpg,https://drive.google.com/file/d/1wr77eAZNTqo7u_si9B6gNRTNWSkgE09V/view?usp=drivesdk,This organic matter is elongated and features a pitted appearance.,400.5,Brown,Autumn,Starchy,Oval,potato,458
IMG_9558.jpg,https://drive.google.com/file/d/1Dnq_Oc_SwnryA69q3a1e4nE8whozBmlN/view?usp=drivesdk,This organic matter is orb-like and features a pitted appearance.,321.3,Brown,Year Round,Mild,Cylindrical,potato,459
IMG_9557.jpg,https://drive.google.com/file/d/1kpzlF1m8b83Srp_RoCp34un72jPfaLf3/view?usp=drivesdk,A earthy sample with a oval silhouette.,185.1,Brown,Autumn,Mild,Flattened,potato,460
IMG_9560.jpg,https://drive.google.com/file/d/17gqo_ncqGpuYTV3PIKhCNpXq5ZUQ6kJ8/view?usp=drivesdk,A variable circular produce with a rough earthy surface.,186.3,Brown,Autumn,Mild,Oval,potato,461
IMG_9559.jpg,https://drive.google.com/file/d/1HUAqDM0eyvizt8SsfNu3u08MiXDJwraG/view?usp=drivesdk,An organic organic matter that feels uneven to the touch and looks oval.,327.7,Brown,Winter,Mild,Round,potato,462
IMG_9474.jpg,https://drive.google.com/file/d/1TP3kGl50GPq-XSBtT_jb54Mhb2HTCN-p/view?usp=drivesdk,A brownish specimen with a globe-shaped silhouette.,223.3,Orange,Autumn,Savory,Long,potato,463
IMG_9473.jpg,https://drive.google.com/file/d/1_yA6uuavNTW6p_UAzp8I_thCc1I5wzvR/view?usp=drivesdk,A chunky sample distinguishable by its beige hue and oblong form.,318.6,Orange,Autumn,Savory,Flattened,potato,464
IMG_9475.jpg,https://drive.google.com/file/d/1LT8XwPwv212X5oi4DBPEtexHTW5yJ510/view?usp=drivesdk,A variable curved specimen with a textured tan surface.,276.3,Yellow,Autumn,Savory,Globular,potato,465
IMG_9476.jpg,https://drive.google.com/file/d/1Xote6FkIgvIWgQm6Q3ru8zazIa59ifrk/view?usp=drivesdk,An organic organic matter that feels matte to the touch and looks curved.,190.8,Orange,Autumn,Starchy,Oval,potato,466
IMG_9477.jpg,https://drive.google.com/file/d/1pSUHuOcbdQl6gQsrI1VTlbvsg--DCKJI/view?usp=drivesdk,An organic specimen that feels uneven to the touch and looks spherical.,277.1,Orange,Autumn,Earthy,Globular,potato,467
IMG_9478.jpg,https://drive.google.com/file/d/1FBU4feMYCeEjIJ0LheporXTRm9gfsKoz/view?usp=drivesdk,A variable item distinguishable by its tan hue and lengthy form.,114.3,Brown,Winter,Earthy,Round,potato,468
IMG_9479.jpg,https://drive.google.com/file/d/1KNSXmE_UFgLKbjOAgLgoBNr69mitR4aq/view?usp=drivesdk,An organic sample that feels uneven to the touch and looks circular.,372.5,Orange,Winter,Earthy,Flattened,potato,469
IMG_9480.jpg,https://drive.google.com/file/d/1n-Aro3qOnVC9WhwxGFVKPI9CTR4FwCfu/view?usp=drivesdk,A variable spherical organic matter with a textured earthy surface.,265.8,Orange,Autumn,Savory,Curved,potato,470
IMG_9481.jpg,https://drive.google.com/file/d/1jYpCguf0fVcnkhWAN1hBaGUEpZsyD5Gc/view?usp=drivesdk,A medium circular object with a polished earthy surface.,192.7,Yellow,Summer,Mild,Conical,onion,471
IMG_9482.jpg,https://drive.google.com/file/d/1kwKpxRT55Puyaq0PFeFVRTvWuc6ZZM98/view?usp=drivesdk,This sample is round and features a shiny appearance.,185.9,Orange,Autumn,Earthy,Asymmetric,onion,472
IMG_9483.jpg,https://drive.google.com/file/d/12_yzABLKPX-QB0gb6zhDAbIVD--kFxS9/view?usp=drivesdk,A medium circular specimen with a layered beige surface.,140,Yellow,Spring,Savory,Oval,onion,473
IMG_9484.jpg,https://drive.google.com/file/d/1eqdgpcZSKapDQMuxFmF8nU2ofNnZ9aH-/view?usp=drivesdk,A tan organic matter with a globe-shaped silhouette.,175.9,Yellow,Year Round,Crisp,Round,onion,474
IMG_9485.jpg,https://drive.google.com/file/d/1AU-rUt1Inv68UrtBDtjD1BkzsIMmRVQC/view?usp=drivesdk,A small object distinguishable by its beige hue and circular form.,237.5,Orange,Summer,Savory,Round,onion,475
IMG_9486.jpg,https://drive.google.com/file/d/1TOXKdz9owJbOsYJ_h8Lq-7yBVS53t4uT/view?usp=drivesdk,An organic produce that feels flaky to the touch and looks globe-shaped.,195.1,Brown,Autumn,Juicy,Globular,onion,476
IMG_9487.jpg,https://drive.google.com/file/d/1zFAZgn9pcDe4hRebPWCywvxVUqYSyTE0/view?usp=drivesdk,A white sample with a round silhouette.,159,Brown,Year Round,Earthy,Irregular,onion,477
IMG_9489.jpg,https://drive.google.com/file/d/1i4SA8FaF_NeCftOcRrvFYhAlC1ubgRrB/view?usp=drivesdk,A small object distinguishable by its earthy hue and orb-like form.,229.6,Brown,Summer,Crisp,Globular,onion,478
IMG_9488.jpg,https://drive.google.com/file/d/1rrwI_jxKbxi-dQ2K3FGGdpYO4P-rSZ-S/view?usp=drivesdk,A small circular object with a sleek purple surface.,160.5,Yellow,Summer,Crisp,Asymmetric,onion,479
IMG_9491.jpg,https://drive.google.com/file/d/1Qo88draJ3bMiyn7jF7yk-xcjvtKe5SAg/view?usp=drivesdk,A small sample distinguishable by its white hue and round form.,147.8,Brown,Year Round,Sharp,Irregular,onion,480
IMG_9490.jpg,https://drive.google.com/file/d/1g1Tr6Gc32Du53BJgFQmc1mBxJXsPmK0-/view?usp=drivesdk,A purple sample with a orb-like silhouette.,154.4,Orange,Autumn,Earthy,Oval,onion,481
IMG_9492.jpg,https://drive.google.com/file/d/1JiC19EjVYPh2KCdlNcVxO8NWAUw5Lfj2/view?usp=drivesdk,This organic matter is spherical and features a sleek appearance.,211.4,Brown,Summer,Crisp,Asymmetric,onion,482
IMG_9493.jpg,https://drive.google.com/file/d/1mIwv0FtgUVgP_VghVFb8vvh9EFfOGj3j/view?usp=drivesdk,An organic organic matter that feels flaky to the touch and looks circular.,184.2,Yellow,Year Round,Savory,Round,onion,483
IMG_9494.jpg,https://drive.google.com/file/d/1O8YGCg2SHX_ZRxccGjlvVzaw7cj0LL6P/view?usp=drivesdk,An organic produce that feels layered to the touch and looks spherical.,141.7,Brown,Spring,Sharp,Asymmetric,onion,484
IMG_9496.jpg,https://drive.google.com/file/d/1-3JpDfYSBOL2COl0w7WlwO6sH-x2L5wE/view?usp=drivesdk,A beige organic matter with a spherical silhouette.,184,Brown,Year Round,Sharp,Globular,onion,485
IMG_9495.jpg,https://drive.google.com/file/d/1Sy0hRvge_d7vjCOo4HIXyJQLo9LnXo3e/view?usp=drivesdk,A white produce with a round silhouette.,233,Orange,Spring,Sharp,Globular,onion,486
IMG_9497.jpg,https://drive.google.com/file/d/1PD42_ly016MDZZmBNoW4zbyGIryW9Be7/view?usp=drivesdk,A small circular specimen with a flaky earthy surface.,246.5,Brown,Summer,Savory,Long,onion,487
IMG_9498.jpg,https://drive.google.com/file/d/1StR57Nu0jyWr1eampAp_JPpS5WTjKE1z/view?usp=drivesdk,This specimen is globe-shaped and features a smooth appearance.,127.9,Orange,Summer,Sharp,Flattened,onion,488
ComfyUI_00295_.png,https://drive.google.com/file/d/11e7_bY2vLb8RLM8tqjOkdmI4zpfVHiI1/view?usp=drivesdk,This sample is circular and features a glossy appearance.,195.6,Red,Year Round,Juicy,Globular,apple,489
ComfyUI_00301_.png,https://drive.google.com/file/d/13ZefSvykyyHDa9g4gzDpcvDGM7GooI7-/view?usp=drivesdk,This produce is circular and features a glossy appearance.,244.1,Red,Year Round,Tart,Oval,apple,490
ComfyUI_00303_.png,https://drive.google.com/file/d/17JJbHtkOAFF8vWaD6HBPJjKsHiPtOxT5/view?usp=drivesdk,A medium spherical sample with a shiny warm-colored surface.,180.8,Red,Winter,Sweet,Oval,apple,491
ComfyUI_00296_.png,https://drive.google.com/file/d/1BENRnZ1Cd5tLQdadgHkutNNX_ZmAHauS/view?usp=drivesdk,A green item with a globe-shaped silhouette.,161.5,Orange,Year Round,Fruity,Globular,apple,492
ComfyUI_00300_.png,https://drive.google.com/file/d/1HxbmwVjfSLwbX0dotDohXngAkukviCkf/view?usp=drivesdk,A palm-sized globe-shaped object with a shiny green surface.,236.3,Red,Year Round,Fruity,Conical,apple,493
ComfyUI_00298_.png,https://drive.google.com/file/d/1NNTJEA_JsN20ceT2ay0GB85vDcuYJLGY/view?usp=drivesdk,An organic specimen that feels polished to the touch and looks circular.,156.4,Red,Winter,Sharp,Globular,apple,494
ComfyUI_00299_.png,https://drive.google.com/file/d/1SAMGUaLAX05N5YI42vYac-ZtEi_j6O7u/view?usp=drivesdk,A medium item distinguishable by its red hue and orb-like form.,247.7,Red,Autumn,Sweet,Asymmetric,apple,495
ComfyUI_00302_.png,https://drive.google.com/file/d/1WiEdn7bc1kbC7UpHGN62tCIukLWkSXC8/view?usp=drivesdk,An organic produce that feels sleek to the touch and looks orb-like.,171.8,Red,Autumn,Sharp,Flattened,apple,496
ComfyUI_00281_.png,https://drive.google.com/file/d/181i5PS_4qJUsLSpFLC6v_2kO3C0rttn9/view?usp=drivesdk,A palm-sized spherical specimen with a glossy orange-hued surface.,161.5,Green,Winter,Sweet,Oval,apple,497
ComfyUI_00286_.png,https://drive.google.com/file/d/1GrLG3aWJvD_sRjHVJFy7NUHswpz6xwsS/view?usp=drivesdk,A medium spherical sample with a smooth warm-colored surface.,181,Green,Autumn,Juicy,Irregular,apple,498
ComfyUI_00290_.png,https://drive.google.com/file/d/1UzVEXMiP972IAaOH1Uxi9M0_dDVPsKa4/view?usp=drivesdk,An organic produce that feels sleek to the touch and looks round.,199.3,Yellow,Winter,Tart,Irregular,apple,499
ComfyUI_00294_.png,https://drive.google.com/file/d/1Wn96PtwIxwrxqcuEbjS0t5Pu-brVSlcE/view?usp=drivesdk,This sample is circular and features a smooth appearance.,229.2,Orange,Year Round,Tart,Irregular,apple,500
ComfyUI_00291_.png,https://drive.google.com/file/d/1clhNLussgUDO-L5BbHDQs01IFXq4I52S/view?usp=drivesdk,A medium organic matter distinguishable by its green hue and orb-like form.,125.3,Red,Winter,Sweet,Globular,apple,501
ComfyUI_00289_.png,https://drive.google.com/file/d/1fmPk4fnm1hEmEIyKTPDduvH4tJMTcR8K/view?usp=drivesdk,A reddish specimen with a spherical silhouette.,115.4,Green,Winter,Juicy,Flattened,apple,502
ComfyUI_00293_.png,https://drive.google.com/file/d/1xdevtbf821J8VkD-exb5nC5ep5euYJug/view?usp=drivesdk,A medium circular produce with a shiny golden surface.,93.4,Red,Year Round,Crisp,Small-Round,apple,503
ComfyUI_00278_.png,https://drive.google.com/file/d/16sp60NQhPZ4EDgEdFCB8rYUoUKd8bEBI/view?usp=drivesdk,A red sample with a globe-shaped silhouette.,126,Green,Winter,Tart,Round,apple,504
ComfyUI_00277_.png,https://drive.google.com/file/d/1BeAKDWCWfo12I44u7YFs4moblEAZvB_G/view?usp=drivesdk,This produce is spherical and features a shiny appearance.,184.4,Green,Autumn,Juicy,Irregular,apple,505
ComfyUI_00273_.png,https://drive.google.com/file/d/1JrUKDyGU9vODMXfxuBhPwSGiiG4jmb9Y/view?usp=drivesdk,An organic organic matter that feels smooth to the touch and looks globe-shaped.,168.5,Red,Year Round,Sharp,Irregular,apple,506
ComfyUI_00274_.png,https://drive.google.com/file/d/1Q4tMCTGak-SpujnJjP_lSzWUqwSRCYJT/view?usp=drivesdk,A green object with a round silhouette.,123.1,Red,Winter,Sharp,Irregular,apple,507
ComfyUI_00265_.png,https://drive.google.com/file/d/1Y1BflAlQQkKOEpeC0gUGYWU8ifHabmvO/view?usp=drivesdk,A red object with a spherical silhouette.,207.7,Red,Autumn,Sharp,Oval,apple,508
ComfyUI_00271_.png,https://drive.google.com/file/d/1omVatLM_0PJ9omDcIT-AyIE1yZOxBZJs/view?usp=drivesdk,This sample is orb-like and features a polished appearance.,141.5,Orange,Autumn,Sharp,Small-Round,apple,509
ComfyUI_00272_.png,https://drive.google.com/file/d/1t05k-aJKaBPpzEIZgqOuw1DSgtarUTGF/view?usp=drivesdk,An organic item that feels shiny to the touch and looks round.,227.8,Red,Autumn,Juicy,Oval,apple,510
ComfyUI_00264_.png,https://drive.google.com/file/d/1vwHOSnunrK-goLpdRKiGxrzayiADGR2H/view?usp=drivesdk,An organic object that feels sleek to the touch and looks orb-like.,177.2,Red,Winter,Sweet,Oval,apple,511
ComfyUI_00260_.png,https://drive.google.com/file/d/1Eg7nZeC33ax6oT7FXWzoU56q_I28nlNJ/view?usp=drivesdk,This specimen is orb-like and features a smooth appearance.,80.9,Green,Winter,Sweet,Flattened,apple,512
ComfyUI_00263_.png,https://drive.google.com/file/d/1IITingYe15RKpasVYYaVFIzZZvNMWK72/view?usp=drivesdk,A reddish object with a round silhouette.,242.8,Green,Winter,Crisp,Small-Round,apple,513
ComfyUI_00262_.png,https://drive.google.com/file/d/1Pot2wCB7HABj7j6mAvy_ty3VQvHJkASz/view?usp=drivesdk,A medium circular item with a shiny orange-hued surface.,238.9,Green,Winter,Juicy,Round,apple,514
ComfyUI_00257_.png,https://drive.google.com/file/d/1_O-YZe2bfHTuOvRamGDQbxaI_R9NzZzY/view?usp=drivesdk,A medium circular item with a shiny sunset-colored surface.,142.3,Green,Year Round,Sweet,Asymmetric,apple,515
ComfyUI_00258_.png,https://drive.google.com/file/d/1a-BVMj2gpQdbf7uuLQcIppPQzRR0PWlK/view?usp=drivesdk,This object is globe-shaped and features a polished appearance.,163.7,Green,Autumn,Fruity,Asymmetric,apple,516
ComfyUI_00259_.png,https://drive.google.com/file/d/1bNrdMl4R9sylc7HtJP4SjJmIs2uVF5Ib/view?usp=drivesdk,A reddish organic matter with a spherical silhouette.,196.7,Green,Year Round,Juicy,Flattened,apple,517
ComfyUI_00253_.png,https://drive.google.com/file/d/1gp6-xFLUXJneWKz_1eVkVgkamiikt14S/view?usp=drivesdk,A medium sample distinguishable by its red hue and circular form.,166.6,Green,Year Round,Juicy,Conical,apple,518
ComfyUI_00249_.png,https://drive.google.com/file/d/1ktaodJTaekBcFyknxA8_faO7LCtlGuqF/view?usp=drivesdk,A warm-colored sample with a orb-like silhouette.,234.5,Red,Winter,Fruity,Small-Round,apple,519
ComfyUI_00252_.png,https://drive.google.com/file/d/1zM7UkjDJF00jR8ts0Csnf32plxrZ8sSz/view?usp=drivesdk,A medium item distinguishable by its golden hue and circular form.,193.4,Yellow,Year Round,Tart,Round,apple,520
ComfyUI_00235_.png,https://drive.google.com/file/d/1-fjIuzmaDjmuLyIlvoUYEqb6-_up9qhG/view?usp=drivesdk,A sunset-colored sample with a circular silhouette.,158.7,Red,Winter,Fruity,Flattened,apple,521
ComfyUI_00243_.png,https://drive.google.com/file/d/154-NC8vddboZhkTqBMDkOF3qRXeaKFXT/view?usp=drivesdk,A medium object distinguishable by its sunset-colored hue and orb-like form.,137,Red,Year Round,Crisp,Flattened,apple,522
ComfyUI_00241_.png,https://drive.google.com/file/d/1613DFq_7wytnRIhcMW3vIYhF6m92D0eI/view?usp=drivesdk,An organic produce that feels smooth to the touch and looks orb-like.,245.6,Red,Winter,Sweet,Irregular,apple,523
ComfyUI_00247_.png,https://drive.google.com/file/d/16JmYgV-bPDl8aPFlsKzTfLdsNmNjXV4w/view?usp=drivesdk,A red produce with a circular silhouette.,139.2,Red,Winter,Juicy,Conical,apple,524
ComfyUI_00240_.png,https://drive.google.com/file/d/1BwcR5xdZ1_5OjZhRzqunJ5f2E38PycqX/view?usp=drivesdk,This specimen is spherical and features a smooth appearance.,142,Red,Year Round,Juicy,Irregular,apple,525
ComfyUI_00244_.png,https://drive.google.com/file/d/1JSIJxRIMibrC2q8VhApMGPXgY-pBdHSM/view?usp=drivesdk,A palm-sized object distinguishable by its golden hue and orb-like form.,122.1,Red,Winter,Tart,Globular,apple,526
ComfyUI_00236_.png,https://drive.google.com/file/d/1VEEZcBv6QP1Pblkrn4LpvikFC1q0ENrj/view?usp=drivesdk,A palm-sized orb-like specimen with a glossy sunset-colored surface.,291.1,Red,Year Round,Fruity,Oval,apple,527
ComfyUI_00238_.png,https://drive.google.com/file/d/1e3H5r7pKuOGmqu_fnum7HJHn2jCVfTCm/view?usp=drivesdk,A palm-sized object distinguishable by its red hue and spherical form.,271.2,Red,Year Round,Juicy,Round,apple,528
ComfyUI_00234_.png,https://drive.google.com/file/d/1pUc1gLWAaYoiLkpuQQq29lXNlC-o1yc3/view?usp=drivesdk,This item is round and features a glossy appearance.,176.6,Red,Autumn,Sweet,Conical,apple,529
ComfyUI_00225_.png,https://drive.google.com/file/d/177Fx2wjP4NavqO119Moi8gbj1jU5gH8-/view?usp=drivesdk,This specimen is spherical and features a glossy appearance.,200.9,Red,Autumn,Crisp,Irregular,apple,530
ComfyUI_00217_.png,https://drive.google.com/file/d/1W1A74qw8oFcB0fRfg5ZdekefPkDQsnmn/view?usp=drivesdk,A palm-sized orb-like object with a sleek green surface.,103.7,Green,Autumn,Fruity,Flattened,apple,531
ComfyUI_00218_.png,https://drive.google.com/file/d/1YqWhSH8kDuzRsP6YvYmCPr05c-RADiy2/view?usp=drivesdk,A reddish sample with a circular silhouette.,151,Red,Autumn,Juicy,Globular,apple,532
ComfyUI_00221_.png,https://drive.google.com/file/d/1i-hKliEW_omcc8El0CQVzaohUmKR1XuI/view?usp=drivesdk,This produce is round and features a polished appearance.,340.2,Yellow,Year Round,Tart,Flattened,apple,533
ComfyUI_00219_.png,https://drive.google.com/file/d/1oJ4j295a8gDz5hANsMQEVplFpxA11YaM/view?usp=drivesdk,This specimen is orb-like and features a sleek appearance.,271.8,Green,Year Round,Tart,Round,apple,534
ComfyUI_00223_.png,https://drive.google.com/file/d/1pjD9FHKP_AVDmCjHLz-pj5J7BeOo1bZX/view?usp=drivesdk,An organic sample that feels shiny to the touch and looks spherical.,73,Yellow,Winter,Fruity,Flattened,apple,535
ComfyUI_00226_.png,https://drive.google.com/file/d/1ytZI60XUgYwNjOj5ACOjiQSJK0OqCqFp/view?usp=drivesdk,A palm-sized circular object with a smooth sunset-colored surface.,212.7,Red,Year Round,Sharp,Irregular,apple,536
ComfyUI_00211_.png,https://drive.google.com/file/d/1YgVwWq6g5Jez6w5pqxGhpQJs--7mxwAX/view?usp=drivesdk,A sunset-colored produce with a globe-shaped silhouette.,139.7,Red,Year Round,Tart,Flattened,apple,537
ComfyUI_00210_.png,https://drive.google.com/file/d/1ewiGHbTvxRz8ql05FDdU679foJTzYwkK/view?usp=drivesdk,An organic item that feels polished to the touch and looks globe-shaped.,171.5,Red,Autumn,Juicy,Irregular,apple,538
ComfyUI_00209_.png,https://drive.google.com/file/d/1vvS7rPqe9JuKHfFEMx7AqrDOGs3dier-/view?usp=drivesdk,A medium sample distinguishable by its green hue and circular form.,228.6,Red,Autumn,Juicy,Asymmetric,apple,539
ComfyUI_00212_.png,https://drive.google.com/file/d/1w9JVduM8EP0MrBcMLglKxanDHrltNj4Q/view?usp=drivesdk,A palm-sized spherical item with a polished orange-hued surface.,211.4,Red,Year Round,Fruity,Asymmetric,apple,540
ComfyUI_00194_.png,https://drive.google.com/file/d/184zYrQk-1mBRCo_XBIpp-nx1rnKz7RMb/view?usp=drivesdk,A palm-sized sample distinguishable by its sunset-colored hue and spherical form.,277.9,Green,Winter,Sweet,Small-Round,apple,541
ComfyUI_00200_.png,https://drive.google.com/file/d/18y3QaL_8dYMrQsGAkQChYf63vc53RAU0/view?usp=drivesdk,A green object with a orb-like silhouette.,88.9,Red,Year Round,Tart,Conical,apple,542
ComfyUI_00203_.png,https://drive.google.com/file/d/1Av_0N76E_2OnPeexHPc7Uj_7UJLLqXdl/view?usp=drivesdk,A medium orb-like produce with a glossy warm-colored surface.,142.2,Red,Year Round,Tart,Globular,apple,543
ComfyUI_00207_.png,https://drive.google.com/file/d/1BIvy9rw2FdErFwXqP18ZW4UKpGdiTnEW/view?usp=drivesdk,A palm-sized organic matter distinguishable by its green hue and orb-like form.,119.2,Red,Year Round,Sharp,Round,apple,544
ComfyUI_00204_.png,https://drive.google.com/file/d/1H66iEU1JFs_FjByEQVay9cT04-szCH7o/view?usp=drivesdk,This specimen is orb-like and features a glossy appearance.,250.3,Red,Year Round,Sweet,Flattened,apple,545
ComfyUI_00205_.png,https://drive.google.com/file/d/1KEwpQgpp2ya89hC4sWq1mRbeI-MKqoal/view?usp=drivesdk,A green item with a orb-like silhouette.,198.1,Red,Autumn,Fruity,Globular,apple,546
ComfyUI_00198_.png,https://drive.google.com/file/d/1M3xftFmPvXia05Y3QrnH3GyKs6p-ItdW/view?usp=drivesdk,A sunset-colored item with a orb-like silhouette.,241.5,Red,Winter,Crisp,Flattened,apple,547
ComfyUI_00208_.png,https://drive.google.com/file/d/1QJ3b4Dpkju_uFnCn7GthIUwTolrIKS1j/view?usp=drivesdk,A palm-sized item distinguishable by its reddish hue and spherical form.,107,Red,Year Round,Tart,Small-Round,apple,548
ComfyUI_00197_.png,https://drive.google.com/file/d/1W4ym4ymOVVtm8raTTmHfPkmT7_v5C6b1/view?usp=drivesdk,An organic organic matter that feels glossy to the touch and looks globe-shaped.,194.6,Red,Year Round,Fruity,Flattened,apple,549
ComfyUI_00206_.png,https://drive.google.com/file/d/1WeOIywqcn7wa7fKvmGGuDfFcp5f3J6jE/view?usp=drivesdk,A palm-sized sample distinguishable by its orange-hued hue and orb-like form.,226.6,White/Pale,Year Round,Juicy,Asymmetric,apple,550
ComfyUI_00195_.png,https://drive.google.com/file/d/1c4HyHeCdMgbeUfVqotcS4cbfE5Dagoki/view?usp=drivesdk,A medium item distinguishable by its warm-colored hue and orb-like form.,37.7,Green,Winter,Sharp,Small-Round,apple,551
ComfyUI_00199_.png,https://drive.google.com/file/d/1gz7JkMlAJqc083AQROlUBPmEqrd2Onjh/view?usp=drivesdk,An organic sample that feels shiny to the touch and looks orb-like.,287.7,Red,Winter,Tart,Oval,apple,552
ComfyUI_00190_.png,https://drive.google.com/file/d/17SO6MQahwbiXbM0gIVN5GAbdgjp9l3O6/view?usp=drivesdk,This specimen is circular and features a shiny appearance.,218.9,Green,Winter,Juicy,Conical,apple,553
ComfyUI_00189_.png,https://drive.google.com/file/d/1CMTE2nZXVDZVOWOrnmJbhbpjH2lc9Ioe/view?usp=drivesdk,A red specimen with a spherical silhouette.,118.6,Green,Year Round,Sharp,Round,apple,554
ComfyUI_00180_.png,https://drive.google.com/file/d/1HbJSFzOmOjeGME8_HCSUNdfGtYW_R6KO/view?usp=drivesdk,An organic sample that feels polished to the touch and looks globe-shaped.,97.4,Red,Winter,Fruity,Round,apple,555
ComfyUI_00181_.png,https://drive.google.com/file/d/1KP-DJ_LAWdl8r4Q6nJ9FXrsS89gfF62J/view?usp=drivesdk,A palm-sized circular specimen with a sleek orange-hued surface.,185.9,Red,Year Round,Juicy,Globular,apple,556
ComfyUI_00183_.png,https://drive.google.com/file/d/1MUSEnUmZanaMWBGMlDYAFk8iaiS5Ant3/view?usp=drivesdk,A palm-sized spherical organic matter with a smooth warm-colored surface.,139.8,Green,Autumn,Crisp,Conical,apple,557
ComfyUI_00191_.png,https://drive.google.com/file/d/1PyLe5oZSZ-BO5HCqgXYJcau2dk5b_Q4K/view?usp=drivesdk,A medium produce distinguishable by its orange-hued hue and orb-like form.,245.5,Green,Year Round,Sharp,Conical,apple,558
ComfyUI_00188_.png,https://drive.google.com/file/d/1WeXb1PLnRGkcXWetPfhJo9MYxycztw2_/view?usp=drivesdk,A palm-sized produce distinguishable by its warm-colored hue and globe-shaped form.,194.3,Green,Autumn,Fruity,Small-Round,apple,559
ComfyUI_00186_.png,https://drive.google.com/file/d/1cG64D7jDPLlzCs4ZLQFw3H3ygzVKEGRG/view?usp=drivesdk,This item is orb-like and features a sleek appearance.,152.5,Green,Year Round,Sweet,Oval,apple,560
ComfyUI_00182_.png,https://drive.google.com/file/d/1igzdidVTW23kBgDh4PY4HZ7XVGCa_fxL/view?usp=drivesdk,A medium item distinguishable by its sunset-colored hue and round form.,148,Red,Autumn,Tart,Small-Round,apple,561
ComfyUI_00185_.png,https://drive.google.com/file/d/1lrD1iyq_2RtyRmgXc3zYbh2qinX2uIJO/view?usp=drivesdk,This produce is spherical and features a glossy appearance.,156.9,Green,Year Round,Tart,Irregular,apple,562
ComfyUI_00192_.png,https://drive.google.com/file/d/1vDzlD6Ka8J0BFYmR9RYqvvgOGsTycIUB/view?usp=drivesdk,A orange-hued object with a circular silhouette.,162.8,Green,Winter,Juicy,Round,apple,563
ComfyUI_00178_.png,https://drive.google.com/file/d/1ylQiShJuNNjxKuFqONK4pbmz8H5DyiC7/view?usp=drivesdk,A medium globe-shaped produce with a sleek golden surface.,196.1,Red,Autumn,Crisp,Flattened,apple,564
ComfyUI_00172_.png,https://drive.google.com/file/d/13SylbbjXrcnUiFJ7MkF8Zpinrst40O2K/view?usp=drivesdk,This specimen is orb-like and features a sleek appearance.,179.3,Red,Autumn,Tart,Oval,apple,565
ComfyUI_00166_.png,https://drive.google.com/file/d/17agevZxUP-QqUs1YWhpf62J42KSsgvy5/view?usp=drivesdk,This organic matter is round and features a glossy appearance.,152.8,Green,Year Round,Juicy,Asymmetric,apple,566
ComfyUI_00164_.png,https://drive.google.com/file/d/1F-MZXYDnz6ZlIh3WBGkXKz9p3RjF0dn8/view?usp=drivesdk,A medium organic matter distinguishable by its warm-colored hue and round form.,131.7,Green,Winter,Sharp,Irregular,apple,567
ComfyUI_00165_.png,https://drive.google.com/file/d/1SLEVxvii39HIYucaYdzdcXA8X91gnvTE/view?usp=drivesdk,A sunset-colored item with a globe-shaped silhouette.,188.3,Green,Winter,Crisp,Small-Round,apple,568
ComfyUI_00177_.png,https://drive.google.com/file/d/1WlZSrMczDirQQeGYdb_3ro9OTI4cO6QF/view?usp=drivesdk,An organic sample that feels smooth to the touch and looks orb-like.,187.9,Red,Autumn,Sweet,Flattened,apple,569
ComfyUI_00168_.png,https://drive.google.com/file/d/1mJd19WwSIbUmsyD8TIFUZqUuEBp4Flsw/view?usp=drivesdk,A reddish produce with a round silhouette.,199.9,Green,Winter,Juicy,Irregular,apple,570
ComfyUI_00171_.png,https://drive.google.com/file/d/1oFEkaW6dsuDzTZDIRigMYuMTpzn5H68Y/view?usp=drivesdk,A green specimen with a round silhouette.,121.2,Red,Year Round,Crisp,Irregular,apple,571
ComfyUI_00176_.png,https://drive.google.com/file/d/1rTcCbynQMkhO_CN44UXBpMis0-6nwv6d/view?usp=drivesdk,A palm-sized object distinguishable by its sunset-colored hue and orb-like form.,116.2,Red,Winter,Tart,Flattened,apple,572
ComfyUI_00173_.png,https://drive.google.com/file/d/1tspXH_8FTneL1L3MBiOg8a1VUAtssgh7/view?usp=drivesdk,A sunset-colored object with a orb-like silhouette.,201.8,Red,Autumn,Juicy,Round,apple,573
ComfyUI_00170_.png,https://drive.google.com/file/d/1yTTJ2JkhxJEQZeXftR-6VTiXDknvBxHI/view?usp=drivesdk,An organic object that feels sleek to the touch and looks orb-like.,175.4,Dark Red,Year Round,Sweet,Small-Round,apple,574
ComfyUI_00153_.png,https://drive.google.com/file/d/1-O5JprLlWrsmRIP3uDzEsgX2rUwceY6E/view?usp=drivesdk,An organic specimen that feels glossy to the touch and looks globe-shaped.,234.5,Red,Year Round,Sweet,Small-Round,apple,575
ComfyUI_00152_.png,https://drive.google.com/file/d/12V2TUK19TNqqTCkRUANYeXSpFeCcdbCj/view?usp=drivesdk,A palm-sized specimen distinguishable by its orange-hued hue and round form.,209,Red,Year Round,Tart,Asymmetric,apple,576
ComfyUI_00158_.png,https://drive.google.com/file/d/14nj3JHTnEJW8leyYirou2WJE_pKfLdCF/view?usp=drivesdk,An organic organic matter that feels shiny to the touch and looks circular.,215,Red,Year Round,Sweet,Conical,apple,577
ComfyUI_00160_.png,https://drive.google.com/file/d/1A89TnCWFNbTgLsohv_tT5fezLfl7yqG3/view?usp=drivesdk,This specimen is globe-shaped and features a glossy appearance.,185.5,Green,Autumn,Crisp,Conical,apple,578
ComfyUI_00162_.png,https://drive.google.com/file/d/1RcIaIUrBZ9GJgrEDh8hRYQUKvIXyRHcr/view?usp=drivesdk,A green specimen with a spherical silhouette.,234.9,Green,Year Round,Crisp,Small-Round,apple,579
ComfyUI_00161_.png,https://drive.google.com/file/d/1ZzpS1UI5a5lrPLEct9VaJGxo306fgsb6/view?usp=drivesdk,An organic item that feels smooth to the touch and looks circular.,162.8,Green,Autumn,Tart,Globular,apple,580
ComfyUI_00154_.png,https://drive.google.com/file/d/1_qMpxEIynuTb4JZEFMtp6UvkBsQ255IC/view?usp=drivesdk,A medium object distinguishable by its green hue and globe-shaped form.,161.7,Dark Red,Winter,Fruity,Irregular,apple,581
ComfyUI_00163_.png,https://drive.google.com/file/d/1aMe4PqgA57-Lxbu2Smmq7DI0pEZt5pPo/view?usp=drivesdk,A sunset-colored item with a round silhouette.,238.3,Green,Winter,Sharp,Asymmetric,apple,582
ComfyUI_00148_.png,https://drive.google.com/file/d/1fYVX_iBFErKgUMdSyS7Hf_jhXMwmbwwX/view?usp=drivesdk,A medium circular produce with a sleek reddish surface.,194.1,Red,Year Round,Sharp,Flattened,apple,583
ComfyUI_00151_.png,https://drive.google.com/file/d/1pgIYQtIcqOYUy6IATPQn7__Xz5dGZa_q/view?usp=drivesdk,A medium item distinguishable by its warm-colored hue and spherical form.,246.7,Red,Autumn,Fruity,Oval,apple,584
ComfyUI_00149_.png,https://drive.google.com/file/d/1qFN_4aSXk3PT_ErozYgCDi4uL6BZOg9_/view?usp=drivesdk,An organic specimen that feels sleek to the touch and looks orb-like.,217.4,Red,Year Round,Sharp,Asymmetric,apple,585
ComfyUI_00150_.png,https://drive.google.com/file/d/1w4W7n0utnFmQKARiKlZiwhde5iKtls4v/view?usp=drivesdk,A sunset-colored specimen with a spherical silhouette.,257,Red,Winter,Juicy,Asymmetric,apple,586
ComfyUI_00155_.png,https://drive.google.com/file/d/1wRtfdIeDVr5qHKrwSjhRHSK2_pUJnB_6/view?usp=drivesdk,This organic matter is orb-like and features a sleek appearance.,272.6,Red,Winter,Sharp,Flattened,apple,587
ComfyUI_00159_.png,https://drive.google.com/file/d/1xs8wpYt9XdI-cvCRmhrcE3be45ZD-KPj/view?usp=drivesdk,A golden item with a orb-like silhouette.,156.8,Yellow,Winter,Tart,Flattened,apple,588
ComfyUI_00157_.png,https://drive.google.com/file/d/1DaQA22kZV5tDWbsFmebFJemZMtOD__UQ/view?usp=drivesdk,This item is round and features a glossy appearance.,212.3,Brown,Winter,Juicy,Flattened,apple,589
ComfyUI_00144_.png,https://drive.google.com/file/d/1FPGwDcrmj_ZZCrEXJ0qi8_f9B7-vOqvB/view?usp=drivesdk,A green item with a round silhouette.,137.1,Red,Autumn,Crisp,Asymmetric,apple,590
ComfyUI_00140_.png,https://drive.google.com/file/d/1GzRCdJQFT5g_B2q79vyb5dd__R3KdwEK/view?usp=drivesdk,A palm-sized specimen distinguishable by its green hue and spherical form.,297.2,Red,Autumn,Sweet,Round,apple,591
ComfyUI_00138_.png,https://drive.google.com/file/d/1HzzcaU3yfy_XlUa6wyL_TBMZLXR7vC07/view?usp=drivesdk,This sample is round and features a polished appearance.,146.4,Dark Red,Autumn,Sharp,Conical,apple,592
ComfyUI_00141_.png,https://drive.google.com/file/d/1QEb54OQt581SGBGdD2N56C_btx5wzs0L/view?usp=drivesdk,A golden sample with a spherical silhouette.,113.6,Red,Autumn,Sweet,Asymmetric,apple,593
ComfyUI_00147_.png,https://drive.google.com/file/d/1UjqbxJxtVqKWbnrZUwG8DGfZhnnVqbNJ/view?usp=drivesdk,An organic specimen that feels smooth to the touch and looks orb-like.,105.6,Dark Red,Autumn,Crisp,Irregular,apple,594
ComfyUI_00142_.png,https://drive.google.com/file/d/1YpyeXG-afZbulapAX1VZ3xbVzpajlNXE/view?usp=drivesdk,An organic item that feels shiny to the touch and looks orb-like.,236,Red,Winter,Tart,Conical,apple,595
ComfyUI_00145_.png,https://drive.google.com/file/d/1bJ3yYGEKQosgfJxcHBJw9mFPvlSCfqJ9/view?usp=drivesdk,A medium organic matter distinguishable by its green hue and spherical form.,184.7,Red,Winter,Sharp,Irregular,apple,596
ComfyUI_00143_.png,https://drive.google.com/file/d/1hiU37z2y8dw_Jnk0vIs2n6_NGCDyeBMR/view?usp=drivesdk,A medium organic matter distinguishable by its golden hue and orb-like form.,220.6,Red,Winter,Sharp,Small-Round,apple,597
ComfyUI_00136_.png,https://drive.google.com/file/d/1irY41Bsocevl_feyeixc42GRs_O2vIbR/view?usp=drivesdk,A medium item distinguishable by its red hue and orb-like form.,195.4,Dark Red,Winter,Sharp,Conical,apple,598
ComfyUI_00139_.png,https://drive.google.com/file/d/1rFYeyQQ6LLJ5Sseza3BiakTNnsKWIJLn/view?usp=drivesdk,This object is spherical and features a shiny appearance.,125.2,Red,Autumn,Juicy,Irregular,apple,599
ComfyUI_00135_.png,https://drive.google.com/file/d/1rkGKnohP2ClJIQStV2FVVY5HovzrdY7H/view?usp=drivesdk,A palm-sized organic matter distinguishable by its warm-colored hue and orb-like form.,138.4,Red,Winter,Juicy,Irregular,apple,600
ComfyUI_00146_.png,https://drive.google.com/file/d/1vJDICplLJRoikwFx9QANafxfO-vE0OqV/view?usp=drivesdk,An organic specimen that feels shiny to the touch and looks circular.,117,Red,Autumn,Sweet,Small-Round,apple,601
ComfyUI_00127_.png,https://drive.google.com/file/d/17TH1yN2MN3cGTKf51Qc6LjsCj6jdKX1R/view?usp=drivesdk,A medium orb-like produce with a shiny reddish surface.,192.1,Red,Autumn,Sharp,Irregular,apple,602
ComfyUI_00123_.png,https://drive.google.com/file/d/19dOaQDuShb9v7iINhSzVC0aJkLSbDau9/view?usp=drivesdk,This organic matter is round and features a smooth appearance.,211.4,Green,Winter,Sharp,Small-Round,apple,603
ComfyUI_00132_.png,https://drive.google.com/file/d/1B1K_1DxQvHagZtB_fJE3E6MaJqtxzjPC/view?usp=drivesdk,An organic organic matter that feels glossy to the touch and looks circular.,162.2,Red,Autumn,Juicy,Small-Round,apple,604
ComfyUI_00129_.png,https://drive.google.com/file/d/1B7PLcCkq0mlmHP8JIngTVBA1MITle390/view?usp=drivesdk,An organic organic matter that feels sleek to the touch and looks round.,125,Orange,Autumn,Crisp,Irregular,apple,605
ComfyUI_00126_.png,https://drive.google.com/file/d/1D3zkqjz9EH55I0CMBjtl8mlzMG6cS71K/view?usp=drivesdk,An organic produce that feels polished to the touch and looks orb-like.,216.7,Red,Winter,Sharp,Conical,apple,606
ComfyUI_00124_.png,https://drive.google.com/file/d/1J2BRazYhdKe5Ywxm1nFDaVUUZ8ovYNqN/view?usp=drivesdk,A medium round sample with a glossy red surface.,114.6,Red,Winter,Sweet,Asymmetric,apple,607
ComfyUI_00130_.png,https://drive.google.com/file/d/1KCJ0Og8AZxz-i9WDY-KwBE379F-IQHsF/view?usp=drivesdk,A red produce with a orb-like silhouette.,93.1,Brown,Autumn,Tart,Conical,apple,608
ComfyUI_00128_.png,https://drive.google.com/file/d/1_qytkHUDrb62wHOJZzssmfA97vOcAUDw/view?usp=drivesdk,An organic organic matter that feels polished to the touch and looks round.,218.1,Brown,Year Round,Tart,Globular,apple,609
ComfyUI_00125_.png,https://drive.google.com/file/d/1_zy9SAVo9ot4OcjuE10Reu9Cbbe1Solz/view?usp=drivesdk,A orange-hued organic matter with a spherical silhouette.,126.1,Orange,Autumn,Sharp,Round,apple,610
ComfyUI_00119_.png,https://drive.google.com/file/d/1igEvxSZweP2Bfo1oDsc3LvMT8TRhooXW/view?usp=drivesdk,This object is round and features a sleek appearance.,160,Green,Year Round,Crisp,Flattened,apple,611
ComfyUI_00133_.png,https://drive.google.com/file/d/1kNyqy4ES5B6pUcnHaI58QId5zCBfD_Jr/view?usp=drivesdk,This produce is globe-shaped and features a polished appearance.,275.6,Red,Year Round,Juicy,Globular,apple,612
ComfyUI_00131_.png,https://drive.google.com/file/d/1oNgxJPJH02g8nRSdcse33wDk897zPoaC/view?usp=drivesdk,A warm-colored sample with a globe-shaped silhouette.,106.6,Red,Autumn,Juicy,Globular,apple,613
ComfyUI_00121_.png,https://drive.google.com/file/d/1vyI764YZD5p7uotlfvBHdHi2wFha510y/view?usp=drivesdk,A palm-sized spherical produce with a polished warm-colored surface.,110.3,Green,Year Round,Sweet,Oval,apple,614
ComfyUI_00120_.png,https://drive.google.com/file/d/1wDItRmujiGiOHwxLTHR4VH_fZ9s3gbJR/view?usp=drivesdk,A orange-hued specimen with a spherical silhouette.,238.4,Green,Winter,Sweet,Oval,apple,615
ComfyUI_00111_.png,https://drive.google.com/file/d/1F5rbLUzATYMh90F0MO00eULr2ZA17lsg/view?usp=drivesdk,A warm-colored specimen with a globe-shaped silhouette.,180.4,Yellow,Year Round,Tart,Flattened,apple,616
ComfyUI_00113_.png,https://drive.google.com/file/d/1P72OcIwdRS8lTADrwvWArficAXyLcZ_a/view?usp=drivesdk,A palm-sized spherical item with a smooth reddish surface.,172.3,Yellow,Autumn,Sweet,Flattened,apple,617
ComfyUI_00114_.png,https://drive.google.com/file/d/1U-NNpF6MODqWhDXMfAfb3mgZ11KaP3--/view?usp=drivesdk,A red organic matter with a round silhouette.,195.7,Yellow,Autumn,Juicy,Conical,apple,618
ComfyUI_00112_.png,https://drive.google.com/file/d/1d6mFgf1dxsLRskAvTBFl4mSr-V3vkg07/view?usp=drivesdk,A orange-hued object with a orb-like silhouette.,274.8,Yellow,Winter,Sharp,Asymmetric,apple,619
ComfyUI_00117_.png,https://drive.google.com/file/d/1dzQfXV2-7EPhu-lLFOQ_8SHMKT9Ppr2v/view?usp=drivesdk,An organic sample that feels polished to the touch and looks round.,144.2,Orange,Year Round,Crisp,Globular,apple,620
ComfyUI_00107_.png,https://drive.google.com/file/d/1j_LpAzewXdjQRmAgehLAqzQmAxsB9f5N/view?usp=drivesdk,A medium object distinguishable by its reddish hue and spherical form.,113.4,Yellow,Winter,Crisp,Flattened,apple,621
ComfyUI_00108_.png,https://drive.google.com/file/d/1lT11QF7hoY-pCwfuc0cCOPyzDLCNn7rg/view?usp=drivesdk,A medium circular specimen with a glossy orange-hued surface.,99.3,Yellow,Autumn,Sweet,Asymmetric,apple,622
ComfyUI_00110_.png,https://drive.google.com/file/d/1nPp6HHwT0EW4ImVGzFXy23oDlFyU6lLW/view?usp=drivesdk,A orange-hued produce with a orb-like silhouette.,155.1,Yellow,Winter,Fruity,Irregular,apple,623
ComfyUI_00115_.png,https://drive.google.com/file/d/1sMbvAsXPxZDDffxqjn76-0d1M0kK4CZQ/view?usp=drivesdk,A red item with a round silhouette.,158.3,Yellow,Year Round,Crisp,Asymmetric,apple,624
ComfyUI_00105_.png,https://drive.google.com/file/d/10oCkU-Y-odehjctEeb_EPF5iEjpD8jK0/view?usp=drivesdk,A warm-colored produce with a spherical silhouette.,141.8,Yellow,Winter,Juicy,Irregular,apple,625
ComfyUI_00098_.png,https://drive.google.com/file/d/13SJ9Z_Dfn_L5wiubE9YAWlUnsD1Deyjc/view?usp=drivesdk,An organic item that feels sleek to the touch and looks orb-like.,168.8,Yellow,Year Round,Juicy,Small-Round,apple,626
ComfyUI_00101_.png,https://drive.google.com/file/d/1ELipUNhj03DwV5-V6wzqGRxBClw5SEy0/view?usp=drivesdk,A golden item with a spherical silhouette.,169.7,Green,Autumn,Juicy,Globular,apple,627
ComfyUI_00096_.png,https://drive.google.com/file/d/1GN3Gtqrdoz31iRb80AM6_bEcuCTISuuh/view?usp=drivesdk,A palm-sized circular produce with a shiny warm-colored surface.,171.4,Green,Winter,Fruity,Asymmetric,apple,628
ComfyUI_00094_.png,https://drive.google.com/file/d/1GqrNbV4kxXn3Cvn7P9gckNlAriVe1BoB/view?usp=drivesdk,A palm-sized spherical object with a glossy golden surface.,202.2,Yellow,Year Round,Fruity,Asymmetric,apple,629
ComfyUI_00106_.png,https://drive.google.com/file/d/1JAlis27nHU2hm8v4ZmaE3x2mI63cUTJt/view?usp=drivesdk,An organic sample that feels smooth to the touch and looks orb-like.,143.1,Yellow,Winter,Crisp,Small-Round,apple,630
ComfyUI_00099_.png,https://drive.google.com/file/d/1RQMuD3BgsV8BgGEkDPAKouRBeQmwg_de/view?usp=drivesdk,A red object with a round silhouette.,127.4,Green,Year Round,Sweet,Asymmetric,apple,631
ComfyUI_00103_.png,https://drive.google.com/file/d/1fHmKA5PyCUlTUUHhGSje3ro1bOLqXpvA/view?usp=drivesdk,A reddish produce with a circular silhouette.,136.9,Yellow,Autumn,Crisp,Round,apple,632
ComfyUI_00097_.png,https://drive.google.com/file/d/1ltJGOyN5P98aCHjGJhf5gtmRLU9suqF9/view?usp=drivesdk,A medium organic matter distinguishable by its reddish hue and globe-shaped form.,172.8,Yellow,Autumn,Juicy,Flattened,apple,633
ComfyUI_00095_.png,https://drive.google.com/file/d/1z5PySlnuB3o_AicvDH1w6fVMf2WuRZaX/view?usp=drivesdk,A palm-sized orb-like produce with a polished sunset-colored surface.,155.2,Green,Autumn,Tart,Globular,apple,634
ComfyUI_00102_.png,https://drive.google.com/file/d/1zQqA-MejwkciUFGn6f-CkIpqGjHHHK_G/view?usp=drivesdk,A palm-sized specimen distinguishable by its green hue and orb-like form.,69.8,Yellow,Year Round,Tart,Oval,apple,635
ComfyUI_00079_.png,https://drive.google.com/file/d/1-D7TejFeBlin5ZHZIrU3W5TYLW8gduNg/view?usp=drivesdk,This object is globe-shaped and features a glossy appearance.,153.9,Yellow,Winter,Crisp,Flattened,apple,636
ComfyUI_00087_.png,https://drive.google.com/file/d/15EI7A5tOfLd52tExZW4e-JYroWSurSrt/view?usp=drivesdk,This specimen is globe-shaped and features a glossy appearance.,227,White/Pale,Autumn,Sharp,Oval,apple,637
ComfyUI_00091_.png,https://drive.google.com/file/d/1ANNAHDyUTWQEnxdTITcUYc-d_q-MoUSF/view?usp=drivesdk,A reddish sample with a round silhouette.,288.9,Yellow,Autumn,Fruity,Small-Round,apple,638
ComfyUI_00089_.png,https://drive.google.com/file/d/1DHOxhD2b9eGRl5Nqq4MTb7Sm-BMmslAw/view?usp=drivesdk,This object is spherical and features a shiny appearance.,152.4,Yellow,Year Round,Sweet,Asymmetric,apple,639
ComfyUI_00082_.png,https://drive.google.com/file/d/1GL1qIpA1QEOHlYaPHLoJPcTV1r4Xpzk5/view?usp=drivesdk,A palm-sized organic matter distinguishable by its green hue and spherical form.,136.4,Yellow,Autumn,Sharp,Asymmetric,apple,640
ComfyUI_00080_.png,https://drive.google.com/file/d/1Vxo_thpUg_sNy_-YRuxALAzAlegbbylw/view?usp=drivesdk,A palm-sized produce distinguishable by its orange-hued hue and orb-like form.,274,Yellow,Autumn,Sweet,Oval,apple,641
ComfyUI_00078_.png,https://drive.google.com/file/d/1i9Yc4gP83FrkEK5VdDd--j7Y7BSXR9I1/view?usp=drivesdk,A medium orb-like object with a sleek orange-hued surface.,181.3,Red,Winter,Crisp,Globular,apple,642
ComfyUI_00085_.png,https://drive.google.com/file/d/1p9P1_5Asjr46gn4QGS4kIEkj9Lrx3JZE/view?usp=drivesdk,An organic produce that feels polished to the touch and looks globe-shaped.,146.1,Yellow,Autumn,Sweet,Round,apple,643
ComfyUI_00086_.png,https://drive.google.com/file/d/1wRVsqWyVqjSn3WI9mAeJuAoZtJ_E1eit/view?usp=drivesdk,A palm-sized specimen distinguishable by its green hue and circular form.,237.7,Orange,Year Round,Tart,Conical,apple,644
ComfyUI_00083_.png,https://drive.google.com/file/d/1zc3hwQbUAgw8FfZLPZTf5lupwnpMuzR2/view?usp=drivesdk,A palm-sized orb-like sample with a sleek green surface.,153.1,Yellow,Year Round,Juicy,Globular,apple,645
ComfyUI_00073_.png,https://drive.google.com/file/d/10HDxIaqK4I8WFxgfxMayZH_C4iTsp0Al/view?usp=drivesdk,This sample is circular and features a shiny appearance.,152.9,Brown,Winter,Fruity,Irregular,apple,646
ComfyUI_00070_.png,https://drive.google.com/file/d/17v5OfP2D5kuhphxBJ0p1DYgkKlFn59-d/view?usp=drivesdk,A palm-sized organic matter distinguishable by its golden hue and orb-like form.,204,Yellow,Year Round,Fruity,Asymmetric,apple,647
ComfyUI_00074_.png,https://drive.google.com/file/d/181O0_dZatef-cEg1zLPHoPIMRSBU-zvu/view?usp=drivesdk,This item is orb-like and features a polished appearance.,124.5,White/Pale,Year Round,Sharp,Irregular,apple,648
ComfyUI_00068_.png,https://drive.google.com/file/d/1G85dY_-BRrLGXy2gCps7XkW0KzMoJAyd/view?usp=drivesdk,A medium spherical produce with a glossy sunset-colored surface.,160.1,Yellow,Autumn,Juicy,Asymmetric,apple,649
ComfyUI_00067_.png,https://drive.google.com/file/d/1IqnbJKBTJyv14ICGiI2kcl541aQ34yHY/view?usp=drivesdk,A reddish produce with a globe-shaped silhouette.,180.3,Yellow,Year Round,Sweet,Irregular,apple,650
ComfyUI_00072_.png,https://drive.google.com/file/d/1KzE7bAjIR7hZpqg-Q-UUMIXM5gtEvNYR/view?usp=drivesdk,This produce is round and features a smooth appearance.,134.2,Yellow,Autumn,Juicy,Round,apple,651
ComfyUI_00064_.png,https://drive.google.com/file/d/1VcN8yAukrLrK3BmU6uwj7b5ep6Fri2np/view?usp=drivesdk,An organic sample that feels sleek to the touch and looks spherical.,168.3,White/Pale,Year Round,Juicy,Round,apple,652
ComfyUI_00076_.png,https://drive.google.com/file/d/1aPbtocubVj9rNn6JRcjtsCFU3KjcOccb/view?usp=drivesdk,This item is spherical and features a shiny appearance.,210.1,Orange,Winter,Juicy,Asymmetric,apple,653
ComfyUI_00077_.png,https://drive.google.com/file/d/1gvRwLkL7paVOU0tmb0fLFi0pfuAS8gsz/view?usp=drivesdk,This object is globe-shaped and features a shiny appearance.,299.2,Red,Winter,Tart,Flattened,apple,654
ComfyUI_00065_.png,https://drive.google.com/file/d/1n86xqv9yZy0yQAg0vKNuE-AZHEZo3yvc/view?usp=drivesdk,This object is spherical and features a polished appearance.,218,Yellow,Autumn,Fruity,Globular,apple,655
ComfyUI_00069_.png,https://drive.google.com/file/d/1nGky_RPfDqFoM4RkFrENKf8ghE0wxvOg/view?usp=drivesdk,A palm-sized orb-like specimen with a glossy red surface.,135,White/Pale,Year Round,Crisp,Small-Round,apple,656
ComfyUI_00057_.png,https://drive.google.com/file/d/10aUcKJXQsVjBCE1o_OYh7rCT283HSZoh/view?usp=drivesdk,A medium round item with a smooth golden surface.,248.6,Red,Winter,Sweet,Conical,apple,657
ComfyUI_00052_.png,https://drive.google.com/file/d/10roLow8Stcp_Td_Ma-2WPB6P92TZQhIH/view?usp=drivesdk,A palm-sized circular item with a polished reddish surface.,194.4,Red,Autumn,Sharp,Flattened,apple,658
ComfyUI_00049_.png,https://drive.google.com/file/d/1AfOoovv_NyrWEuPZifvBox_qU3Tvd17Q/view?usp=drivesdk,This item is round and features a glossy appearance.,224,Red,Winter,Juicy,Oval,apple,659
ComfyUI_00054_.png,https://drive.google.com/file/d/1BSVMK9t9iYyNSomCqIF2tOYhnBQh7RaL/view?usp=drivesdk,This item is round and features a glossy appearance.,251.3,Red,Autumn,Crisp,Conical,apple,660
ComfyUI_00056_.png,https://drive.google.com/file/d/1BiN4Gk23u7kRbchkaEFlF1oQmJCoPzTk/view?usp=drivesdk,A warm-colored organic matter with a globe-shaped silhouette.,214.4,Red,Autumn,Crisp,Irregular,apple,661
ComfyUI_00062_.png,https://drive.google.com/file/d/1E1XmH80JS0K4KAwM-lRAZOxoA1ZtIbSH/view?usp=drivesdk,An organic sample that feels shiny to the touch and looks spherical.,142.8,Yellow,Autumn,Juicy,Small-Round,apple,662
ComfyUI_00058_.png,https://drive.google.com/file/d/1EwHyPJfMimYgD2HFv_X8fvXWtcXeef1Z/view?usp=drivesdk,A palm-sized spherical specimen with a glossy golden surface.,283.1,Red,Winter,Tart,Asymmetric,apple,663
ComfyUI_00051_.png,https://drive.google.com/file/d/1JGGnTlwzJSecC2xyQBduROhPSf0COgyY/view?usp=drivesdk,A palm-sized orb-like specimen with a polished green surface.,204.7,Red,Autumn,Crisp,Irregular,apple,664
ComfyUI_00053_.png,https://drive.google.com/file/d/1QAl6RE1l0Ms6IAxIeq1mbj2gIrIuVNY-/view?usp=drivesdk,A palm-sized circular sample with a polished warm-colored surface.,140.1,Red,Winter,Sharp,Flattened,apple,665
ComfyUI_00048_.png,https://drive.google.com/file/d/1QsOXwXldg-xlMgX1gcMPdmTNeEEspLES/view?usp=drivesdk,A palm-sized sample distinguishable by its orange-hued hue and round form.,144.8,Red,Winter,Crisp,Round,apple,666
ComfyUI_00061_.png,https://drive.google.com/file/d/1UC3IifoEo9Bk-tgo0g2Ucs9oz6mb0sUh/view?usp=drivesdk,A palm-sized item distinguishable by its golden hue and globe-shaped form.,210.7,Red,Year Round,Juicy,Asymmetric,apple,667
ComfyUI_00055_.png,https://drive.google.com/file/d/1bevLUlG2ghyevwn4ZLDjDG8xn5gjDxsu/view?usp=drivesdk,A medium round sample with a smooth green surface.,74.2,Red,Year Round,Crisp,Round,apple,668
ComfyUI_00050_.png,https://drive.google.com/file/d/1iKzyQ1LNspyR5v2Czlmc3GrYCBxNtrJd/view?usp=drivesdk,A warm-colored item with a globe-shaped silhouette.,163.3,Red,Winter,Sharp,Small-Round,apple,669
ComfyUI_00047_.png,https://drive.google.com/file/d/1mLVvgFLG6lLwhjOTpyPzhK5z2wbgjh_3/view?usp=drivesdk,A palm-sized produce distinguishable by its reddish hue and globe-shaped form.,202,Red,Autumn,Crisp,Asymmetric,apple,670
ComfyUI_00040_.png,https://drive.google.com/file/d/12U2tTTr9BI2z9EDRJYZAPkmn3hvdmcX9/view?usp=drivesdk,An organic organic matter that feels sleek to the touch and looks circular.,124.6,Red,Autumn,Juicy,Globular,apple,671
ComfyUI_00042_.png,https://drive.google.com/file/d/13scLAqW6cDnmW_RyXyE41ttcTMMBqOey/view?usp=drivesdk,A medium round sample with a shiny golden surface.,225.8,Red,Winter,Sharp,Globular,apple,672
ComfyUI_00045_.png,https://drive.google.com/file/d/14A6xRiYjld8K5oP8O134-4p4jT4uWR0A/view?usp=drivesdk,A medium object distinguishable by its green hue and orb-like form.,205,Red,Autumn,Tart,Irregular,apple,673
ComfyUI_00038_.png,https://drive.google.com/file/d/14YOxUYWKSOZ4MmBlOBejg3y-GP3Gc-eL/view?usp=drivesdk,An organic specimen that feels polished to the touch and looks spherical.,214.4,Red,Winter,Sweet,Small-Round,apple,674
ComfyUI_00039_.png,https://drive.google.com/file/d/191Ys_LnWQNmagm4ZWZ6N5kDl77bQNr3Q/view?usp=drivesdk,A warm-colored organic matter with a globe-shaped silhouette.,56.1,Red,Year Round,Crisp,Round,apple,675
ComfyUI_00037_.png,https://drive.google.com/file/d/1Stx-GW9pTyNo2KhD5MmMzs72tj9bYTBw/view?usp=drivesdk,This organic matter is circular and features a polished appearance.,185,Red,Winter,Crisp,Flattened,apple,676
ComfyUI_00036_.png,https://drive.google.com/file/d/1TUNyPNpPpiR5mXYY3wAT-hbKSfCNzssY/view?usp=drivesdk,A medium produce distinguishable by its red hue and orb-like form.,177.9,Orange,Autumn,Sharp,Small-Round,apple,677
ComfyUI_00041_.png,https://drive.google.com/file/d/1TeSEvHCKRTCKw-_FV4xMJffs_Yt8QYoi/view?usp=drivesdk,This specimen is orb-like and features a polished appearance.,133.8,Red,Autumn,Sweet,Round,apple,678
ComfyUI_00032_.png,https://drive.google.com/file/d/1aifICtCKxvZ_fvSIxP0bVTUu-HSGP8Ds/view?usp=drivesdk,A medium produce distinguishable by its orange-hued hue and globe-shaped form.,214,Red,Winter,Sharp,Conical,apple,679
ComfyUI_00034_.png,https://drive.google.com/file/d/1iEyOijky8gXrczu5zyrb64JvkTi1ooMK/view?usp=drivesdk,A palm-sized circular object with a smooth red surface.,147.6,Brown,Autumn,Crisp,Round,apple,680
ComfyUI_00030_.png,https://drive.google.com/file/d/1o4T98WiWzWux0lxi0uXLMNTX9Urg5p5r/view?usp=drivesdk,A palm-sized produce distinguishable by its reddish hue and globe-shaped form.,339,Brown,Year Round,Sharp,Irregular,apple,681
ComfyUI_00027_.png,https://drive.google.com/file/d/11HwS_JaPz02psl_19n6EAlduSZWIggyb/view?usp=drivesdk,This produce is circular and features a shiny appearance.,241.5,Green,Winter,Tart,Globular,apple,682
ComfyUI_00029_.png,https://drive.google.com/file/d/14JTJrVCISkamtyvM9-800FIzrvNLpdFy/view?usp=drivesdk,A medium spherical sample with a polished warm-colored surface.,115.9,Green,Autumn,Tart,Conical,apple,683
ComfyUI_00025_.png,https://drive.google.com/file/d/1nW9xluDxQ6kzv5YLnvNuJZNjuFHM6XlO/view?usp=drivesdk,An organic produce that feels glossy to the touch and looks circular.,121.8,Yellow,Winter,Sweet,Asymmetric,apple,684
ComfyUI_00026_.png,https://drive.google.com/file/d/1ukZeSpGebQ7Pyyjf20qZCcBBtvKWf02D/view?usp=drivesdk,An organic object that feels sleek to the touch and looks spherical.,294.8,White/Pale,Winter,Sharp,Asymmetric,apple,685
ComfyUI_00024_.png,https://drive.google.com/file/d/1NWL4unm6C0QSu23C-Z-lar9X8_VG5zUN/view?usp=drivesdk,A medium orb-like sample with a glossy green surface.,135.3,Green,Year Round,Sweet,Round,apple,686
ComfyUI_00023_.png,https://drive.google.com/file/d/1H9tDLp4fFpl58aQi-fibhwvZiOyAd3X6/view?usp=drivesdk,This sample is orb-like and features a smooth appearance.,205.8,Yellow,Year Round,Sharp,Oval,apple,687
ComfyUI_00022_.png,https://drive.google.com/file/d/1q-JvBt-e4VUFNsSu7UgxUuvFxI_1jQOm/view?usp=drivesdk,A medium item distinguishable by its green hue and circular form.,149.1,Green,Year Round,Fruity,Asymmetric,apple,688
ComfyUI_00019_.png,https://drive.google.com/file/d/1hQy6DBKSUX3KuzFiaqITrmWCs537_ik4/view?usp=drivesdk,An organic organic matter that feels smooth to the touch and looks orb-like.,264.7,Green,Winter,Juicy,Irregular,apple,689
ComfyUI_00018_.png,https://drive.google.com/file/d/1kzdJAJkUIsMYqtBWQy5Zi5W60zJTsKa6/view?usp=drivesdk,A palm-sized sample distinguishable by its sunset-colored hue and orb-like form.,173.8,Green,Autumn,Crisp,Flattened,apple,690
ComfyUI_00017_.png,https://drive.google.com/file/d/1OYxgXedm8QY_kRbplNsTYZKdpn0r3wyc/view?usp=drivesdk,This sample is circular and features a glossy appearance.,207.8,Green,Autumn,Fruity,Small-Round,apple,691
ComfyUI_00016_.png,https://drive.google.com/file/d/1t3dUp8z1UMhwcngOuX-M0WAyvfZw-lXb/view?usp=drivesdk,An organic specimen that feels glossy to the touch and looks round.,199.5,Green,Year Round,Juicy,Oval,apple,692
ComfyUI_00015_.png,https://drive.google.com/file/d/13bakxn0XSOFSUxC6Z8PPGVqVBJpp0kmh/view?usp=drivesdk,A warm-colored produce with a spherical silhouette.,195.7,Green,Year Round,Sweet,Irregular,apple,693
ComfyUI_00014_.png,https://drive.google.com/file/d/1rg4-GJCkeANJyucDwmhvaWyglv_445Ie/view?usp=drivesdk,An organic sample that feels sleek to the touch and looks round.,115.6,Green,Year Round,Juicy,Globular,apple,694
ComfyUI_00012_.png,https://drive.google.com/file/d/1mRLNcE0lLm-tLpD5QJIeTwFlysZ71N4b/view?usp=drivesdk,A palm-sized sample distinguishable by its green hue and round form.,189,Brown,Winter,Crisp,Asymmetric,apple,695
ComfyUI_00011_.png,https://drive.google.com/file/d/1Q5chqgafVonagJhdvy3jOb8hkL4SLhzb/view?usp=drivesdk,A palm-sized globe-shaped organic matter with a shiny green surface.,206.6,Green,Year Round,Juicy,Small-Round,apple,696
ComfyUI_00009_.png,https://drive.google.com/file/d/1TijO3Fg6-Odcx1k_0soYGXYXq8wr9G7g/view?usp=drivesdk,This sample is circular and features a smooth appearance.,231.8,Green,Year Round,Juicy,Irregular,apple,697
IMG_0838_aug3.jpg,https://drive.google.com/file/d/1-97ASd6tUYCgg3W2B9VIuBoC8wUmr74u/view?usp=drivesdk,This produce is orb-like and features a shiny appearance.,152.9,Yellow,Winter,Sharp,Conical,apple,698
IMG_0838_aug1.jpg,https://drive.google.com/file/d/158aAImUpEVHBd2dDXCLqTwhxyma2vvPS/view?usp=drivesdk,This object is spherical and features a polished appearance.,318.8,Yellow,Winter,Sweet,Irregular,apple,699
IMG_0838_aug2.jpg,https://drive.google.com/file/d/1HCtiaqHp5b1G8hN7db5bU6EvCMmEUans/view?usp=drivesdk,An organic produce that feels sleek to the touch and looks round.,155.8,Green,Autumn,Tart,Asymmetric,apple,700
IMG_0839_aug2.jpg,https://drive.google.com/file/d/1302fVe5Le7zoHEC6_6bXqir01AP7DMau/view?usp=drivesdk,A golden specimen with a globe-shaped silhouette.,221.3,Yellow,Autumn,Tart,Conical,apple,701
IMG_0839_aug3.jpg,https://drive.google.com/file/d/1C5j8U3a2WeYM2ld72Ad2W8mA5ikvGmPO/view?usp=drivesdk,A reddish sample with a globe-shaped silhouette.,122.2,Yellow,Autumn,Sharp,Conical,apple,702
IMG_0839_aug1.jpg,https://drive.google.com/file/d/1Kjs62GD4OY45SVSXkxLIkRwzuZIzq6Fe/view?usp=drivesdk,A red sample with a round silhouette.,295.3,Yellow,Autumn,Juicy,Oval,apple,703
IMG_9588_aug2.jpg,https://drive.google.com/file/d/10ZWsGAcyoMGoiY-OpuXUKOMtF_kWsLqe/view?usp=drivesdk,A red organic matter with a circular silhouette.,273.9,Yellow,Autumn,Sweet,Globular,apple,704
IMG_9588_aug1.jpg,https://drive.google.com/file/d/1r4kcyhYObJhWCSg8LrJG2PZTy3pJS0dx/view?usp=drivesdk,An organic item that feels smooth to the touch and looks globe-shaped.,194.4,Yellow,Winter,Juicy,Oval,apple,705
IMG_9588_aug3.jpg,https://drive.google.com/file/d/1yumcnIdrJtrRsVoupkjJfB14Qic2Zjsf/view?usp=drivesdk,This item is circular and features a glossy appearance.,182.2,Red,Autumn,Sharp,Small-Round,apple,706
IMG_9563_aug3.jpg,https://drive.google.com/file/d/1bntA6AHXrj3EdENzg_PkcmYdDogs_Km7/view?usp=drivesdk,A medium produce distinguishable by its golden hue and spherical form.,251.1,Yellow,Winter,Sharp,Asymmetric,apple,707
IMG_9563_aug2.jpg,https://drive.google.com/file/d/1fBAXMQWx7qUaUvVYdctoqtL55M4Di_lh/view?usp=drivesdk,A medium globe-shaped produce with a sleek warm-colored surface.,232.2,Yellow,Autumn,Crisp,Irregular,apple,708
IMG_9563_aug1.jpg,https://drive.google.com/file/d/1lRW5zA1gbvP4RUBFI8sOfdMKwdKcXwju/view?usp=drivesdk,A red item with a circular silhouette.,152.7,Yellow,Winter,Fruity,Round,apple,709
IMG_9562_aug3.jpg,https://drive.google.com/file/d/1W4rn2zN9eJHL7PSoOLF2miCJlh_B9H3Q/view?usp=drivesdk,A palm-sized produce distinguishable by its warm-colored hue and spherical form.,175.6,Yellow,Autumn,Juicy,Oval,apple,710
IMG_9562_aug1.jpg,https://drive.google.com/file/d/1fIS9WH9g45fye2djxa9DUq_YHgW9tjjg/view?usp=drivesdk,A medium specimen distinguishable by its red hue and circular form.,116,Orange,Winter,Crisp,Irregular,apple,711
IMG_9562_aug2.jpg,https://drive.google.com/file/d/1wdNlJlTKWhSvgnBrY6DPuFEAVoy_-AJY/view?usp=drivesdk,A medium round item with a sleek sunset-colored surface.,153.8,Yellow,Year Round,Tart,Globular,apple,712
IMG_9589_aug1.jpg,https://drive.google.com/file/d/1OhGdih-kcbmdUoUjxtv4IndkkVQK7iMz/view?usp=drivesdk,A palm-sized globe-shaped sample with a smooth red surface.,127.4,Orange,Winter,Fruity,Flattened,apple,713
IMG_9589_aug3.jpg,https://drive.google.com/file/d/1VXq88Jkn9QOnQZcGyEtuP30l_oPPGM-S/view?usp=drivesdk,An organic item that feels glossy to the touch and looks spherical.,216.2,Yellow,Winter,Tart,Conical,apple,714
IMG_9589_aug2.jpg,https://drive.google.com/file/d/1eHvOXCbSiiJBImQX99576il8fn3UHLDx/view?usp=drivesdk,A palm-sized specimen distinguishable by its golden hue and circular form.,152.5,Yellow,Autumn,Juicy,Irregular,apple,715
IMG_0829_aug2.jpg,https://drive.google.com/file/d/1M17WL45nC6YEZODfbFDD6uvleoUiihNT/view?usp=drivesdk,This sample is orb-like and features a polished appearance.,166.3,Green,Winter,Juicy,Irregular,apple,716
IMG_0829_aug1.jpg,https://drive.google.com/file/d/1cbMglyMdQ1usDkifa6UeEQntXWAMxkQN/view?usp=drivesdk,A warm-colored object with a globe-shaped silhouette.,154,Yellow,Autumn,Juicy,Conical,apple,717
IMG_0829_aug3.jpg,https://drive.google.com/file/d/1gC2pFLuO9Gv7IzWz02ieltpyO46sLp8j/view?usp=drivesdk,This specimen is spherical and features a shiny appearance.,233.9,Yellow,Year Round,Sharp,Small-Round,apple,718
IMG_0828_aug1.jpg,https://drive.google.com/file/d/17FCnb6y_JweVERxmP_QF-w6vKGiWfDhm/view?usp=drivesdk,An organic sample that feels shiny to the touch and looks round.,212.8,Yellow,Year Round,Fruity,Small-Round,apple,719
IMG_0828_aug2.jpg,https://drive.google.com/file/d/1vBXuyj3t_GIufbcr36TWjlfqOO28PNwb/view?usp=drivesdk,A palm-sized sample distinguishable by its sunset-colored hue and spherical form.,224.6,Red,Autumn,Crisp,Small-Round,apple,720
IMG_0828_aug3.jpg,https://drive.google.com/file/d/1yPaX8U14n6Qj3H7Yzq7jCYcD-_IzMU2F/view?usp=drivesdk,A medium circular specimen with a smooth orange-hued surface.,222.2,Yellow,Autumn,Fruity,Oval,apple,721
IMG_9561_aug2.jpg,https://drive.google.com/file/d/1-oCMW3RIhR9huu977_CTSYIKsQfkueST/view?usp=drivesdk,A palm-sized organic matter distinguishable by its orange-hued hue and orb-like form.,163.2,Orange,Autumn,Sweet,Oval,apple,722
IMG_9512_aug1.jpg,https://drive.google.com/file/d/17wOMShtDjeSq9dBtdNPcL-PCPy0n7qlb/view?usp=drivesdk,A palm-sized item distinguishable by its red hue and orb-like form.,141.9,Yellow,Winter,Tart,Irregular,apple,723
IMG_9561_aug3.jpg,https://drive.google.com/file/d/1GrT1irOlaw6G3dHqTISpQ8mYN3P_SVGo/view?usp=drivesdk,A palm-sized spherical produce with a smooth reddish surface.,229.6,Yellow,Autumn,Sweet,Globular,apple,724
IMG_9512_aug3.jpg,https://drive.google.com/file/d/1QxVv1uBI-qKtLGND-sROhjzu2Vw_s3AK/view?usp=drivesdk,An organic produce that feels shiny to the touch and looks spherical.,233.4,Orange,Winter,Tart,Irregular,apple,725
IMG_9512_aug2.jpg,https://drive.google.com/file/d/1y4sI16lG9zQtx0exs4nJmZVmX_YjCOlr/view?usp=drivesdk,A green specimen with a round silhouette.,156.4,Yellow,Autumn,Juicy,Round,apple,726
IMG_9561_aug1.jpg,https://drive.google.com/file/d/1yR3dbnBuBFJiwBtNca3QeFiPOKKI4qoW/view?usp=drivesdk,A warm-colored item with a orb-like silhouette.,247.8,Orange,Year Round,Juicy,Oval,apple,727
IMG_9506_aug3.jpg,https://drive.google.com/file/d/1Fw0xKiiz0jCBb5oC_9iCB-GOT9G8x1Fd/view?usp=drivesdk,A sunset-colored organic matter with a globe-shaped silhouette.,209,Yellow,Year Round,Juicy,Irregular,apple,728
IMG_9506_aug2.jpg,https://drive.google.com/file/d/1OIqcGudSUS_lIUIcmcVArXhf-Hk5i3-v/view?usp=drivesdk,A medium specimen distinguishable by its orange-hued hue and round form.,165.2,Yellow,Autumn,Crisp,Conical,apple,729
IMG_9506_aug1.jpg,https://drive.google.com/file/d/1mdrmhnZrpSKOI4TDMiGl_sJAeqpHVoHi/view?usp=drivesdk,This organic matter is spherical and features a polished appearance.,287.8,Yellow,Year Round,Crisp,Globular,apple,730
IMG_9499_aug2.jpg,https://drive.google.com/file/d/15zaIH5-b3oX4w6tRTg0WZ4EJSQ6p1cMw/view?usp=drivesdk,This specimen is circular and features a polished appearance.,168.3,Yellow,Winter,Sweet,Asymmetric,apple,731
IMG_9499_aug3.jpg,https://drive.google.com/file/d/16BP0vg307mBmrgOuf0aU3fy-f-d0mFN9/view?usp=drivesdk,A palm-sized produce distinguishable by its sunset-colored hue and orb-like form.,161.6,Red,Winter,Sharp,Conical,apple,732
IMG_9328_aug3.jpg,https://drive.google.com/file/d/12obQIxslrdgaRa0wUtSjUK1o6HDedAtd/view?usp=drivesdk,A golden object with a circular silhouette.,260,Green,Autumn,Crisp,Conical,apple,733
IMG_9328_aug2.jpg,https://drive.google.com/file/d/1GzjtbEIbeikRwNylM1Kd7JhkmwnNhAAE/view?usp=drivesdk,A palm-sized organic matter distinguishable by its green hue and orb-like form.,185.2,Green,Year Round,Juicy,Globular,apple,734
IMG_9328_aug1.jpg,https://drive.google.com/file/d/1HROKNvvS08JCmFk-2or0NehELAlnBc77/view?usp=drivesdk,A orange-hued organic matter with a globe-shaped silhouette.,237.7,Green,Year Round,Tart,Conical,apple,735
IMG_9499_aug1.jpg,https://drive.google.com/file/d/1Wjb2luVms0MESzapqKnHEYvjqxv1lpFY/view?usp=drivesdk,A palm-sized globe-shaped object with a glossy reddish surface.,165.6,Dark Red,Winter,Fruity,Globular,apple,736
IMG_9329_aug1.jpg,https://drive.google.com/file/d/14lk5zU_AKDEp6U3exnrqnHlOyty1BxJt/view?usp=drivesdk,A palm-sized organic matter distinguishable by its sunset-colored hue and spherical form.,229.6,Green,Winter,Sharp,Globular,apple,737
IMG_9329_aug2.jpg,https://drive.google.com/file/d/1h5T2KITBVqEcU1t0H5zh0bVOfJsn8kT8/view?usp=drivesdk,An organic specimen that feels sleek to the touch and looks globe-shaped.,339.2,Green,Year Round,Crisp,Round,apple,738
IMG_9329_aug3.jpg,https://drive.google.com/file/d/1jiaqt7iefSSS7FiIV3liIeAGaF2rQB8O/view?usp=drivesdk,This object is round and features a sleek appearance.,152.5,Green,Winter,Crisp,Round,apple,739
IMG_9507_aug2.jpg,https://drive.google.com/file/d/14Xz3LN6LESSgoSBuG2yjoTZb5FlXTMkt/view?usp=drivesdk,An organic sample that feels shiny to the touch and looks circular.,83,Yellow,Year Round,Sharp,Round,apple,740
IMG_9507_aug1.jpg,https://drive.google.com/file/d/1E2bltxKBRqKavgaXu6JZv1p7OHNaSFbt/view?usp=drivesdk,A medium item distinguishable by its reddish hue and orb-like form.,272.3,Yellow,Winter,Crisp,Oval,apple,741
IMG_9507_aug3.jpg,https://drive.google.com/file/d/1ZWoju3XvIKEta5X1ziahTJ3Pzxq9BGj2/view?usp=drivesdk,A green object with a globe-shaped silhouette.,82.6,Yellow,Year Round,Sharp,Globular,apple,742
IMG_9513_aug1.jpg,https://drive.google.com/file/d/1bjiPL-EobXVM3lrDp4-Lu2oqyCB6LHs3/view?usp=drivesdk,An organic produce that feels shiny to the touch and looks globe-shaped.,181,Yellow,Autumn,Crisp,Irregular,apple,743
IMG_9513_aug3.jpg,https://drive.google.com/file/d/1u_ORAKQv1S9y6w5Bhk-rADJSsuDxiwIl/view?usp=drivesdk,A medium object distinguishable by its green hue and round form.,158.7,Yellow,Winter,Crisp,Small-Round,apple,744
IMG_9513_aug2.jpg,https://drive.google.com/file/d/1w8B7M2Igg-RjzHPnQhwNysyQo2UYla_L/view?usp=drivesdk,This organic matter is round and features a sleek appearance.,274.7,Green,Year Round,Fruity,Oval,apple,745
IMG_0938_aug3.jpg,https://drive.google.com/file/d/13xUcIA3PCCQbyCGI3mHiJf5TX1zc4aTx/view?usp=drivesdk,A palm-sized round object with a sleek red surface.,170.4,Red,Winter,Fruity,Globular,apple,746
IMG_9505_aug3.jpg,https://drive.google.com/file/d/1ASRPgWOwmr0INQAj_8kGNsseiix1fBow/view?usp=drivesdk,A golden produce with a orb-like silhouette.,220.9,Yellow,Autumn,Sharp,Oval,apple,747
IMG_9505_aug2.jpg,https://drive.google.com/file/d/1HlBozOvwZYcEiMLtPJTI0AJayiC7KywH/view?usp=drivesdk,A palm-sized globe-shaped sample with a polished green surface.,215.5,Yellow,Year Round,Tart,Small-Round,apple,748
IMG_0938_aug1.jpg,https://drive.google.com/file/d/1RUi9qtl1g00RCGsUEU4-7PsLc63oZ4bj/view?usp=drivesdk,An organic item that feels glossy to the touch and looks globe-shaped.,173.3,Orange,Winter,Crisp,Conical,apple,749
IMG_0938_aug2.jpg,https://drive.google.com/file/d/1z4Gt8dVulAAHgdQmcgcmZ0FnPy_R3z3V/view?usp=drivesdk,A green specimen with a round silhouette.,216.3,Red,Winter,Crisp,Flattened,apple,750
IMG_9505_aug1.jpg,https://drive.google.com/file/d/17qj3_Vw2aeX9F_0IxP8plDOSsrFl5IiP/view?usp=drivesdk,An organic organic matter that feels shiny to the touch and looks orb-like.,241,Yellow,Winter,Juicy,Irregular,apple,751
IMG_9511_aug2.jpg,https://drive.google.com/file/d/1ILqjjHsYl2qb9OvsvaTL9PxDoS1sdh5L/view?usp=drivesdk,A reddish sample with a globe-shaped silhouette.,167.5,Yellow,Autumn,Juicy,Asymmetric,apple,752
IMG_9511_aug1.jpg,https://drive.google.com/file/d/1We3SEnB9LCk8PCNTWaKTCTxDKuNb3Wcd/view?usp=drivesdk,This object is circular and features a polished appearance.,171.1,Brown,Year Round,Sweet,Small-Round,apple,753
IMG_9511_aug3.jpg,https://drive.google.com/file/d/1eBJSWiBJYRlefOhVB9KqJyyXUXpIlWVZ/view?usp=drivesdk,A green sample with a orb-like silhouette.,137,Yellow,Year Round,Juicy,Round,apple,754
IMG_0858_aug2.jpg,https://drive.google.com/file/d/1KPWH2JK08GabipwxWY5g-fm0bmOO2EW-/view?usp=drivesdk,A medium sample distinguishable by its warm-colored hue and circular form.,143.8,Dark Red,Year Round,Crisp,Oval,apple,755
IMG_9510_aug1.jpg,https://drive.google.com/file/d/1PWTumxxswU_6pyAfN06SVKQgFfURGhF5/view?usp=drivesdk,A medium item distinguishable by its orange-hued hue and circular form.,54.9,Yellow,Autumn,Crisp,Small-Round,apple,756
IMG_0859_aug2.jpg,https://drive.google.com/file/d/1WOLZ6k4l9Clp_nsG397doTpARks_JDQE/view?usp=drivesdk,This organic matter is circular and features a polished appearance.,166.4,Dark Red,Winter,Juicy,Flattened,apple,757
IMG_0858_aug3.jpg,https://drive.google.com/file/d/1XgphTmb85AABdCttPN7WaU4CYsZ3oITl/view?usp=drivesdk,A palm-sized sample distinguishable by its orange-hued hue and round form.,266.3,Red,Year Round,Sweet,Oval,apple,758
IMG_0858_aug1.jpg,https://drive.google.com/file/d/1Yua0vE2cKP6N-9_lQwM7_9jSw9BLVKEz/view?usp=drivesdk,A medium round specimen with a sleek reddish surface.,198.6,Red,Year Round,Sweet,Small-Round,apple,759
IMG_9510_aug3.jpg,https://drive.google.com/file/d/1YxXvhAp6lz4t_9iFYhU-5kx16KbnXwPI/view?usp=drivesdk,An organic produce that feels smooth to the touch and looks orb-like.,150.1,Yellow,Autumn,Juicy,Asymmetric,apple,760
IMG_0859_aug3.jpg,https://drive.google.com/file/d/1hU8KBcDe3BSLoOEbsxPdtLZjck4sqoMt/view?usp=drivesdk,An organic organic matter that feels sleek to the touch and looks circular.,106,Dark Red,Autumn,Sharp,Irregular,apple,761
IMG_0859_aug1.jpg,https://drive.google.com/file/d/1vlWnz29tS83iVKVJSgky2vMlLfBSQwlg/view?usp=drivesdk,A palm-sized circular specimen with a polished warm-colored surface.,251.6,Yellow,Autumn,Crisp,Globular,apple,762
IMG_9510_aug2.jpg,https://drive.google.com/file/d/1vpxEKd_nY_9R7uVf8y8gx6Z0A6ODDH_7/view?usp=drivesdk,A green object with a orb-like silhouette.,158.2,Brown,Autumn,Tart,Globular,apple,763
IMG_9504_aug3.jpg,https://drive.google.com/file/d/114xrZzTG29MJIldUWnTMM04_LDY3Prmj/view?usp=drivesdk,A palm-sized object distinguishable by its green hue and spherical form.,229.5,Yellow,Year Round,Fruity,Round,apple,764
IMG_9504_aug1.jpg,https://drive.google.com/file/d/1AVxBYEUS0lBaTXdQclEnj9k4Sdbl_AdN/view?usp=drivesdk,A sunset-colored item with a round silhouette.,190.8,Yellow,Autumn,Tart,Flattened,apple,765
IMG_9504_aug2.jpg,https://drive.google.com/file/d/1zvE_2pFKmzH5-6Fym9FX2TAiJIXyKEcC/view?usp=drivesdk,A palm-sized spherical produce with a polished green surface.,196,Yellow,Year Round,Sharp,Oval,apple,766
IMG_0939_aug3.jpg,https://drive.google.com/file/d/12pE_F3KWKxKudymK7CpZ_WHzPx0dN58B/view?usp=drivesdk,A medium circular item with a smooth green surface.,292.2,Yellow,Winter,Tart,Small-Round,apple,767
IMG_0939_aug2.jpg,https://drive.google.com/file/d/1YomtUY1mo4gFUBzHraKsQyS1XW1uJGQe/view?usp=drivesdk,A palm-sized item distinguishable by its red hue and circular form.,240.5,Yellow,Autumn,Juicy,Flattened,apple,768
IMG_0939_aug1.jpg,https://drive.google.com/file/d/1_0O71H9VYgKZpvFMdLeWxFjnD_l94iGy/view?usp=drivesdk,A palm-sized produce distinguishable by its green hue and round form.,222.3,Dark Red,Autumn,Crisp,Oval,apple,769
IMG_9500_aug1.jpg,https://drive.google.com/file/d/1IZtcXasSCX2S3A9pkKHd8vulLhgRhDEf/view?usp=drivesdk,A palm-sized globe-shaped sample with a sleek reddish surface.,152.3,Yellow,Year Round,Sharp,Irregular,apple,770
IMG_9500_aug2.jpg,https://drive.google.com/file/d/1UKz6XV117uCImjv-8_P27plINzHOKfbl/view?usp=drivesdk,An organic organic matter that feels glossy to the touch and looks globe-shaped.,141.7,Red,Winter,Juicy,Conical,apple,771
IMG_9500_aug3.jpg,https://drive.google.com/file/d/1kA1VI2nKx64o58N_KFk2zH7YFaciqVgg/view?usp=drivesdk,A green object with a spherical silhouette.,148,Yellow,Year Round,Fruity,Asymmetric,apple,772
IMG_9514_aug1.jpg,https://drive.google.com/file/d/19d7CKK1yKMZnkNM8qDbSZnG7dfal2KJ6/view?usp=drivesdk,This produce is circular and features a shiny appearance.,228.6,Green,Autumn,Sharp,Conical,apple,773
IMG_0849_aug2.jpg,https://drive.google.com/file/d/1cR_CCzbT16XjBa-UKTnZXScQA8gJj8hs/view?usp=drivesdk,This object is circular and features a glossy appearance.,184.8,Red,Year Round,Crisp,Asymmetric,apple,774
IMG_9514_aug3.jpg,https://drive.google.com/file/d/1d1vQVo7gsTGcTpdOwRfAYIU4iR87AYfi/view?usp=drivesdk,This organic matter is orb-like and features a sleek appearance.,220.6,Green,Year Round,Crisp,Conical,apple,775
IMG_9514_aug2.jpg,https://drive.google.com/file/d/1deKwCwGrCPKvIPbK6-TyMNBy-_o7l0rG/view?usp=drivesdk,A medium orb-like specimen with a sleek reddish surface.,258.8,Yellow,Year Round,Sharp,Round,apple,776
IMG_0849_aug3.jpg,https://drive.google.com/file/d/1vVFcxUJkGpo7Wq6eZ_Xxzq1I0GNOnt2K/view?usp=drivesdk,A reddish sample with a round silhouette.,119.2,Yellow,Year Round,Juicy,Conical,apple,777
IMG_0849_aug1.jpg,https://drive.google.com/file/d/1FlU15plF34zRs0nSiAwHtf-4Puh68KNe/view?usp=drivesdk,This sample is spherical and features a shiny appearance.,115.9,Red,Autumn,Fruity,Conical,apple,778
IMG_0860_aug1.jpg,https://drive.google.com/file/d/1FtNyoVy_juVbkkFgth6Zhe39MxeUrmrx/view?usp=drivesdk,A medium item distinguishable by its sunset-colored hue and round form.,138.5,Yellow,Year Round,Juicy,Oval,apple,779
IMG_0860_aug2.jpg,https://drive.google.com/file/d/1ebUhw6bSZdLR0vG25ob0SFhgQ0IaB9Ga/view?usp=drivesdk,A palm-sized item distinguishable by its golden hue and globe-shaped form.,184.6,Yellow,Winter,Sharp,Globular,apple,780
IMG_0860_aug3.jpg,https://drive.google.com/file/d/1jX1XuV-xJJATHCTJirlCCZb7ihBjYEbV/view?usp=drivesdk,This sample is orb-like and features a shiny appearance.,229.4,Green,Winter,Crisp,Conical,apple,781
IMG_0848_aug2.jpg,https://drive.google.com/file/d/14RLHv1tqqhZgUg8DaBywmt4TWV2eKiS3/view?usp=drivesdk,An organic produce that feels smooth to the touch and looks globe-shaped.,193.6,Yellow,Autumn,Tart,Small-Round,apple,782
IMG_0848_aug3.jpg,https://drive.google.com/file/d/1MwmImjU3lvGoEgEsDNdI5E7v9-Q0_j6j/view?usp=drivesdk,A medium specimen distinguishable by its orange-hued hue and orb-like form.,193.2,Yellow,Year Round,Sweet,Round,apple,783
IMG_0848_aug1.jpg,https://drive.google.com/file/d/1sqYZadbVNfLV8Q8qGhh84X8k-_p3M2_c/view?usp=drivesdk,A red object with a spherical silhouette.,156.6,Dark Red,Winter,Fruity,Flattened,apple,784
IMG_9515_aug3.jpg,https://drive.google.com/file/d/163EuSN4ZCQM8y-XP25antdLNHNXFK8St/view?usp=drivesdk,A medium object distinguishable by its golden hue and round form.,224.4,Green,Autumn,Fruity,Asymmetric,apple,785
IMG_9515_aug1.jpg,https://drive.google.com/file/d/1UWYet5BEAdyxdJWGhy0G2BCj2H3FKnbE/view?usp=drivesdk,A medium globe-shaped specimen with a sleek red surface.,159.8,Green,Winter,Sharp,Irregular,apple,786
IMG_9515_aug2.jpg,https://drive.google.com/file/d/1XPDYQVTfPG1CGeszUnj0m8mY1IxSjdcZ/view?usp=drivesdk,This sample is circular and features a sleek appearance.,138.2,Green,Autumn,Sharp,Flattened,apple,787
IMG_9501_aug2.jpg,https://drive.google.com/file/d/1cagqHTCImo1t_oMUqUpK7KjTTtesvMXm/view?usp=drivesdk,A palm-sized produce distinguishable by its golden hue and globe-shaped form.,198.2,Yellow,Year Round,Crisp,Conical,apple,788
IMG_9501_aug3.jpg,https://drive.google.com/file/d/1fuSwXchVSw0xzIvDmeTx7ogwVjofqDH0/view?usp=drivesdk,This sample is orb-like and features a sleek appearance.,211.9,Red,Year Round,Crisp,Conical,apple,789
IMG_9501_aug1.jpg,https://drive.google.com/file/d/1oeR6jCasOjI1SfW2Z8E9Z9U6veNkxcPk/view?usp=drivesdk,An organic sample that feels glossy to the touch and looks circular.,65.4,Yellow,Autumn,Sharp,Round,apple,790
IMG_9517_aug1.jpg,https://drive.google.com/file/d/19dDRMyk3qBDkQn2u5Af33UxldWx9tgT7/view?usp=drivesdk,An organic item that feels glossy to the touch and looks globe-shaped.,219.4,Green,Year Round,Sharp,Small-Round,apple,791
IMG_9338_aug1.jpg,https://drive.google.com/file/d/1AdL3QH8nsp7Mdxc8xGo7bg-57vnf7VDP/view?usp=drivesdk,This produce is globe-shaped and features a polished appearance.,159.5,Yellow,Autumn,Crisp,Irregular,apple,792
IMG_9517_aug3.jpg,https://drive.google.com/file/d/1FASpfCg6LBZOdjEM5OQk-rDk2xuArEJb/view?usp=drivesdk,An organic produce that feels polished to the touch and looks globe-shaped.,194.7,Green,Winter,Juicy,Round,apple,793
IMG_9517_aug2.jpg,https://drive.google.com/file/d/1GGTjQ33MGxvL9rqLrTZWOChFveqNPyOR/view?usp=drivesdk,This object is orb-like and features a polished appearance.,223.4,Green,Winter,Juicy,Flattened,apple,794
IMG_9338_aug2.jpg,https://drive.google.com/file/d/1MzgXMxdSp-9UC3p5pyBeWOR4mOMGmXsO/view?usp=drivesdk,An organic specimen that feels glossy to the touch and looks spherical.,319.8,Green,Winter,Juicy,Round,apple,795
IMG_9338_aug3.jpg,https://drive.google.com/file/d/1vcR9rBctt7PV7xMSmIrteMmkKNURbuS7/view?usp=drivesdk,An organic object that feels polished to the touch and looks round.,118.7,Green,Year Round,Sweet,Globular,apple,796
IMG_9502_aug1.jpg,https://drive.google.com/file/d/1wIO-4ziUvV1ATEn4YkvBrZu6YcB0dsW2/view?usp=drivesdk,A medium round specimen with a glossy orange-hued surface.,351,Yellow,Winter,Juicy,Irregular,apple,797
IMG_9502_aug2.jpg,https://drive.google.com/file/d/1mT0m_nn9oude22g7yIS9-ZkyrM88M2zn/view?usp=drivesdk,This object is spherical and features a sleek appearance.,213,Yellow,Autumn,Tart,Oval,apple,798
IMG_9502_aug3.jpg,https://drive.google.com/file/d/1ndwQcWBbaZgE1R1V8LtM90QeyeKp4pFh/view?usp=drivesdk,A sunset-colored produce with a globe-shaped silhouette.,105.9,Orange,Winter,Fruity,Oval,apple,799
IMG_9516_aug2.jpg,https://drive.google.com/file/d/1HR_gfzcB70VdayDR5c7o15zCz786KOB0/view?usp=drivesdk,An organic organic matter that feels sleek to the touch and looks orb-like.,90.2,Yellow,Winter,Sharp,Globular,apple,800
IMG_9516_aug1.jpg,https://drive.google.com/file/d/1cPon4YmZACIkAfTU9wf9R4Cr5vsisDhM/view?usp=drivesdk,A palm-sized produce distinguishable by its sunset-colored hue and orb-like form.,299.5,Yellow,Year Round,Fruity,Irregular,apple,801
IMG_9516_aug3.jpg,https://drive.google.com/file/d/1gXdr2UadEf-nep_wSyPrVr4JD8d07V_z/view?usp=drivesdk,An organic specimen that feels shiny to the touch and looks round.,282.9,Green,Year Round,Crisp,Irregular,apple,802
IMG_9335_aug2.jpg,https://drive.google.com/file/d/10kSwVRiZSlwNi0GZBdtLg-vbnIq0Q4uz/view?usp=drivesdk,An organic specimen that feels glossy to the touch and looks round.,163.4,Green,Winter,Fruity,Globular,apple,803
IMG_0846_aug3.jpg,https://drive.google.com/file/d/13dfsv1kJTEe6ljOdjq02lg6NqKHBkM3V/view?usp=drivesdk,A medium produce distinguishable by its orange-hued hue and orb-like form.,254.3,Red,Autumn,Sweet,Flattened,apple,804
IMG_9335_aug1.jpg,https://drive.google.com/file/d/1DT-rgtUHF4g2Fzu9kKkUeAxoBm-uYlNL/view?usp=drivesdk,An organic object that feels smooth to the touch and looks circular.,275.3,Green,Autumn,Sweet,Conical,apple,805
IMG_9335_aug3.jpg,https://drive.google.com/file/d/1PaVvNe0cZaGoT5yD4t3Wuav1OiKhUu4Z/view?usp=drivesdk,An organic item that feels shiny to the touch and looks circular.,119.1,Green,Winter,Sweet,Round,apple,806
IMG_0852_aug1.jpg,https://drive.google.com/file/d/1OZiRD-0gEGhBizGtxnJgO--EXCYhKEBN/view?usp=drivesdk,An organic sample that feels smooth to the touch and looks globe-shaped.,161.9,Yellow,Winter,Crisp,Globular,apple,807
IMG_0852_aug3.jpg,https://drive.google.com/file/d/1Q2mlDO9g8Z2XnjO5FH56mOMfYeBwFF4e/view?usp=drivesdk,This object is globe-shaped and features a polished appearance.,15.8,Yellow,Year Round,Tart,Oval,apple,808
IMG_0846_aug2.jpg,https://drive.google.com/file/d/1XfVEn_P63pZQz7lpxYETwEAtkKaIGrWq/view?usp=drivesdk,An organic specimen that feels polished to the touch and looks globe-shaped.,243.9,Red,Winter,Juicy,Irregular,apple,809
IMG_0852_aug2.jpg,https://drive.google.com/file/d/1fqQWA3dkxXpM8VVR1RICg3Iga_SQ71nF/view?usp=drivesdk,A palm-sized round produce with a polished reddish surface.,196.1,Yellow,Autumn,Juicy,Irregular,apple,810
IMG_0846_aug1.jpg,https://drive.google.com/file/d/1mCOLKZs-IplskiXVYO32696AviCfz-qh/view?usp=drivesdk,This object is globe-shaped and features a smooth appearance.,231.1,Yellow,Winter,Juicy,Asymmetric,apple,811
IMG_0847_aug3.jpg,https://drive.google.com/file/d/1iwjfG3GGRzm_LlDIYGviw_1Lb1KOp0ia/view?usp=drivesdk,This produce is circular and features a sleek appearance.,290.6,Yellow,Winter,Sharp,Round,apple,812
IMG_9334_aug2.jpg,https://drive.google.com/file/d/1BxjBrYgoBtp-2WDDwj_zrBo8PSCJWxAR/view?usp=drivesdk,A palm-sized organic matter distinguishable by its golden hue and orb-like form.,308.5,Green,Autumn,Juicy,Conical,apple,813
IMG_0847_aug1.jpg,https://drive.google.com/file/d/1H-9FRILnJTAYuxJoAf7P7QCGyYq9mbLM/view?usp=drivesdk,A medium spherical specimen with a sleek warm-colored surface.,146.8,Red,Autumn,Tart,Irregular,apple,814
IMG_9334_aug1.jpg,https://drive.google.com/file/d/1X5KzUFtb4z3kDwKAU3DSZmQvdkYE3pjR/view?usp=drivesdk,This item is round and features a sleek appearance.,173.5,Yellow,Winter,Crisp,Small-Round,apple,815
IMG_0847_aug2.jpg,https://drive.google.com/file/d/1d5L5AcolxQjxdzEI6VgyhYghcgc8R_ix/view?usp=drivesdk,A palm-sized object distinguishable by its warm-colored hue and globe-shaped form.,134.1,Red,Autumn,Sharp,Oval,apple,816
IMG_9334_aug3.jpg,https://drive.google.com/file/d/1pN6SzBxS5YX_qp9ZpXrKtzoBCpxS4qk2/view?usp=drivesdk,A medium produce distinguishable by its golden hue and orb-like form.,141,Green,Autumn,Fruity,Conical,apple,817
IMG_9518_aug2.jpg,https://drive.google.com/file/d/1QGNbUssIl1uKtq5arFUtVGLd8QOWxvga/view?usp=drivesdk,A reddish produce with a circular silhouette.,205.5,Yellow,Winter,Sharp,Asymmetric,apple,818
IMG_9518_aug1.jpg,https://drive.google.com/file/d/1hdzKBxyAlg-PjeeKYCrGZLd3pueC66rZ/view?usp=drivesdk,A green sample with a circular silhouette.,190.1,Yellow,Year Round,Juicy,Oval,apple,819
IMG_9518_aug3.jpg,https://drive.google.com/file/d/1lLFRXWlT3sQO3Z8VVHScjoVSNGCaSdEy/view?usp=drivesdk,A sunset-colored object with a orb-like silhouette.,157.5,Yellow,Year Round,Tart,Flattened,apple,820
IMG_9524_aug3.jpg,https://drive.google.com/file/d/13bfm7aBPK42BTgi7LhaF_b9loV8sme6o/view?usp=drivesdk,A warm-colored organic matter with a globe-shaped silhouette.,244.9,Green,Winter,Crisp,Round,apple,821
IMG_9524_aug2.jpg,https://drive.google.com/file/d/1NlPO2yIGMYQXiYUcQCotHK675bu9mViH/view?usp=drivesdk,A medium globe-shaped sample with a glossy reddish surface.,178.3,Green,Autumn,Crisp,Globular,apple,822
IMG_9524_aug1.jpg,https://drive.google.com/file/d/1fCOMOwPbmTaNBEHrLl7ZSezzGWWYijay/view?usp=drivesdk,A orange-hued sample with a orb-like silhouette.,293.6,Green,Winter,Tart,Conical,apple,823
IMG_9336_aug1.jpg,https://drive.google.com/file/d/1OP_YlfpCWAiAGSG530v8BAcAjDcl-6MQ/view?usp=drivesdk,A medium round specimen with a glossy reddish surface.,188.2,Green,Year Round,Sweet,Small-Round,apple,824
IMG_9336_aug2.jpg,https://drive.google.com/file/d/1TeBjFVYmMVVR3pTJwb3ESbQFpWg-Uhpd/view?usp=drivesdk,A palm-sized orb-like specimen with a glossy red surface.,166.8,Green,Winter,Sharp,Small-Round,apple,825
IMG_9336_aug3.jpg,https://drive.google.com/file/d/1noFfVrk5YluxSC-Y2PdBEQMu5XFSPkTr/view?usp=drivesdk,An organic sample that feels glossy to the touch and looks round.,343.2,Green,Winter,Tart,Irregular,apple,826
IMG_0851_aug3.jpg,https://drive.google.com/file/d/1YViOvJ3Oa4oFU5p3Olqv7AzvMDR8v7Z5/view?usp=drivesdk,An organic produce that feels smooth to the touch and looks globe-shaped.,101.9,Yellow,Autumn,Fruity,Conical,apple,827
IMG_0851_aug1.jpg,https://drive.google.com/file/d/1f8jb1UZLCgd13BqWrd6BnQ2qycen6GK0/view?usp=drivesdk,A green item with a globe-shaped silhouette.,190.9,Yellow,Winter,Fruity,Irregular,apple,828
IMG_0851_aug2.jpg,https://drive.google.com/file/d/1x0t-NKJ-bX7EiqHPEn7Q5QIpyPLeHADr/view?usp=drivesdk,An organic produce that feels sleek to the touch and looks spherical.,111.6,Red,Winter,Tart,Small-Round,apple,829
IMG_0845_aug1.jpg,https://drive.google.com/file/d/1kNn4TA4oJZDQxd-vjG3lH8kcQtszYplW/view?usp=drivesdk,A red specimen with a round silhouette.,204.6,Yellow,Autumn,Tart,Round,apple,830
IMG_0845_aug2.jpg,https://drive.google.com/file/d/1qIa7_OOxbZFlxeUVAnl6dO9BNNuUCf6z/view?usp=drivesdk,An organic specimen that feels polished to the touch and looks globe-shaped.,134.2,Dark Red,Year Round,Juicy,Conical,apple,831
IMG_0845_aug3.jpg,https://drive.google.com/file/d/1vWAxZ3SCQRuJ1i074wcO4g_ayGTMXwhu/view?usp=drivesdk,This item is spherical and features a smooth appearance.,154.7,Red,Autumn,Fruity,Globular,apple,832
IMG_0844_aug3.jpg,https://drive.google.com/file/d/1B4qdLGA8WuQRNn9iwGqHe94Okdj3Xily/view?usp=drivesdk,A palm-sized round specimen with a smooth orange-hued surface.,168.1,Yellow,Autumn,Fruity,Flattened,apple,833
IMG_0844_aug1.jpg,https://drive.google.com/file/d/1CX3REwK4AjZJRSmTSZbVh6EJXNDmlFPS/view?usp=drivesdk,A medium globe-shaped sample with a smooth red surface.,212,Red,Year Round,Sharp,Oval,apple,834
IMG_0844_aug2.jpg,https://drive.google.com/file/d/1xO2LlRfyRkek2Up1QiSp7EdZ9oHr-zcK/view?usp=drivesdk,This object is globe-shaped and features a shiny appearance.,234.3,Yellow,Winter,Crisp,Irregular,apple,835
IMG_0850_aug2.jpg,https://drive.google.com/file/d/1-EA-Lm9F5tpOsF11IFN7JJcVT2PoGKg5/view?usp=drivesdk,A medium circular specimen with a shiny warm-colored surface.,221.9,Yellow,Winter,Sharp,Irregular,apple,836
IMG_0850_aug1.jpg,https://drive.google.com/file/d/1f231apoOaa9Bh2W3yOq8qPKUZihVXBmA/view?usp=drivesdk,An organic object that feels sleek to the touch and looks round.,136.7,Dark Red,Autumn,Crisp,Globular,apple,837
IMG_0850_aug3.jpg,https://drive.google.com/file/d/1rTaeu0AkNdsV0H6QbtfJ-vmqMoGx6LJ5/view?usp=drivesdk,A medium round organic matter with a sleek warm-colored surface.,295.3,Yellow,Winter,Sweet,Round,apple,838
IMG_9525_aug1.jpg,https://drive.google.com/file/d/1Dp_r9oHfpDrAIokVOfvFYjiLQKEDaQaI/view?usp=drivesdk,This organic matter is spherical and features a shiny appearance.,223.3,Green,Winter,Crisp,Irregular,apple,839
IMG_9525_aug2.jpg,https://drive.google.com/file/d/1IzE0w19jVcml7-AG9C94s4_g9NKNSg8N/view?usp=drivesdk,A red sample with a orb-like silhouette.,197.4,Green,Autumn,Juicy,Oval,apple,840
IMG_9525_aug3.jpg,https://drive.google.com/file/d/1Yd6Of9qFx8tBX4ySaLF2NoeCCfMoaFxL/view?usp=drivesdk,An organic object that feels smooth to the touch and looks spherical.,166.8,Green,Autumn,Tart,Globular,apple,841
IMG_9519_aug2.jpg,https://drive.google.com/file/d/1Ua5w9YlAhZzJYCjqL2t18VwZEMmFaR05/view?usp=drivesdk,An organic sample that feels sleek to the touch and looks globe-shaped.,223.5,Yellow,Winter,Fruity,Conical,apple,842
IMG_0934_aug3.jpg,https://drive.google.com/file/d/1Z_Y_JjfMbprxTsFNw8-qSNVQ78hyZcwp/view?usp=drivesdk,An organic object that feels shiny to the touch and looks round.,148.6,Dark Red,Year Round,Fruity,Globular,apple,843
IMG_9519_aug1.jpg,https://drive.google.com/file/d/1loMFwM4NxqG7TUNrTRwEfMzOMJ_QqpdZ/view?usp=drivesdk,A sunset-colored organic matter with a circular silhouette.,184.4,Brown,Winter,Juicy,Asymmetric,apple,844
IMG_9519_aug3.jpg,https://drive.google.com/file/d/1o2idcOQWrAZyIkPnt8W43SSvayKPEEar/view?usp=drivesdk,An organic sample that feels sleek to the touch and looks spherical.,182.4,Green,Winter,Sweet,Small-Round,apple,845
IMG_0934_aug1.jpg,https://drive.google.com/file/d/1wr3y0jdDHCwMOtpPx6X1DLVPivHYm08V/view?usp=drivesdk,A palm-sized globe-shaped produce with a polished sunset-colored surface.,197.1,Red,Winter,Sweet,Irregular,apple,846
IMG_0934_aug2.jpg,https://drive.google.com/file/d/1y1HnUSU_yLp9ONFPMy8oWJ5ckQx6BW-9/view?usp=drivesdk,A palm-sized object distinguishable by its green hue and round form.,168.3,Yellow,Winter,Tart,Small-Round,apple,847
IMG_9509_aug1.jpg,https://drive.google.com/file/d/1E2E2RkLfJJr-z0Uh2iSVVcIvCTCkxETN/view?usp=drivesdk,A green organic matter with a circular silhouette.,179,Orange,Year Round,Crisp,Round,apple,848
IMG_9521_aug3.jpg,https://drive.google.com/file/d/1P1-tTPlW1IJC2Yb4BXESoJe_DKIDbUjX/view?usp=drivesdk,This specimen is circular and features a sleek appearance.,160.1,Brown,Winter,Tart,Asymmetric,apple,849
IMG_9521_aug1.jpg,https://drive.google.com/file/d/1k5LzazUZcdSGg8AT_R0F6HyUzZTdSsFc/view?usp=drivesdk,A palm-sized orb-like produce with a shiny warm-colored surface.,148.2,Brown,Year Round,Crisp,Globular,apple,850
IMG_9509_aug2.jpg,https://drive.google.com/file/d/1n04v7qUV7H9OYIhJAW_6HoufUaVEERsh/view?usp=drivesdk,This specimen is circular and features a smooth appearance.,193,Orange,Winter,Sharp,Small-Round,apple,851
IMG_9509_aug3.jpg,https://drive.google.com/file/d/1nh1fGB0c_984pYfHlTtWWVEPzRMvE9MY/view?usp=drivesdk,A sunset-colored sample with a circular silhouette.,210.9,Yellow,Year Round,Tart,Globular,apple,852
IMG_9521_aug2.jpg,https://drive.google.com/file/d/1yNVW54SEFrO0WdWfiTCYHQuU0Xq0m-nH/view?usp=drivesdk,A medium round item with a glossy golden surface.,204.5,Yellow,Winter,Fruity,Conical,apple,853
IMG_9333_aug3.jpg,https://drive.google.com/file/d/113SxdnIzrC72UHc4ZVlJIQOCRXIXh5GM/view?usp=drivesdk,A reddish sample with a globe-shaped silhouette.,235.5,Yellow,Winter,Fruity,Flattened,apple,854
IMG_9333_aug1.jpg,https://drive.google.com/file/d/12qsVuDVarJihv2q7roCc6M382rV_v3XZ/view?usp=drivesdk,This produce is round and features a polished appearance.,186.7,Green,Winter,Fruity,Asymmetric,apple,855
IMG_9333_aug2.jpg,https://drive.google.com/file/d/1pHh3nzAJsa4zYJvqrSlDOSCwKBHjwN0Q/view?usp=drivesdk,An organic sample that feels polished to the touch and looks spherical.,86.3,Green,Autumn,Fruity,Flattened,apple,856
IMG_0854_aug2.jpg,https://drive.google.com/file/d/1ASafxK8ehywAyZGmztHb3ZG63IJUYhhV/view?usp=drivesdk,A palm-sized globe-shaped specimen with a sleek orange-hued surface.,214.1,Red,Year Round,Fruity,Small-Round,apple,857
IMG_0854_aug1.jpg,https://drive.google.com/file/d/1Coq-kkUTya09tZ3q9QXvDvVECNsioC69/view?usp=drivesdk,A sunset-colored sample with a globe-shaped silhouette.,153.1,Yellow,Autumn,Sharp,Oval,apple,858
IMG_9327_aug1.jpg,https://drive.google.com/file/d/1CxNL2_HmnpoEB-lS6tHOjXo7rHAtPuIs/view?usp=drivesdk,An organic item that feels shiny to the touch and looks globe-shaped.,146.7,Yellow,Winter,Crisp,Oval,apple,859
IMG_9327_aug3.jpg,https://drive.google.com/file/d/1GHdKh9EoUx9Ez3zI6aGm9xM_osPflJ-H/view?usp=drivesdk,A medium item distinguishable by its green hue and spherical form.,138.4,Yellow,Year Round,Fruity,Oval,apple,860
IMG_0854_aug3.jpg,https://drive.google.com/file/d/1_snqQYc4e6bPJDFYD97xnFmHm9cACUNK/view?usp=drivesdk,A green produce with a globe-shaped silhouette.,262.7,Dark Red,Autumn,Sweet,Globular,apple,861
IMG_9327_aug2.jpg,https://drive.google.com/file/d/1rpGbSuZRgTMgSr2Qq_NpTiYdQQRn8XKF/view?usp=drivesdk,A medium round organic matter with a shiny orange-hued surface.,190.4,Yellow,Autumn,Juicy,Flattened,apple,862
IMG_0840_aug3.jpg,https://drive.google.com/file/d/1Cl7YzVI0912I3w2ilZsfKggWxgZJoUMw/view?usp=drivesdk,An organic produce that feels smooth to the touch and looks globe-shaped.,238.1,Yellow,Autumn,Crisp,Round,apple,863
IMG_0840_aug2.jpg,https://drive.google.com/file/d/1XUOgD5Tk6RpNeEyd0iTlRuRt43cPF3j6/view?usp=drivesdk,A sunset-colored sample with a circular silhouette.,153.4,Yellow,Autumn,Juicy,Irregular,apple,864
IMG_0840_aug1.jpg,https://drive.google.com/file/d/1Z9j_ICqdNoPRnbdK17IlgVmA0tStK-_g/view?usp=drivesdk,An organic object that feels shiny to the touch and looks spherical.,227.1,Dark Red,Autumn,Tart,Oval,apple,865
IMG_0841_aug3.jpg,https://drive.google.com/file/d/18W8159aarxyaPEFpNeVmn-2UxdtYsf1b/view?usp=drivesdk,A medium object distinguishable by its red hue and spherical form.,180.4,Red,Autumn,Tart,Conical,apple,866
IMG_0841_aug2.jpg,https://drive.google.com/file/d/1HblSr0tAXV5EBPtK7Fh4DVKSsmLxpUCB/view?usp=drivesdk,This organic matter is orb-like and features a shiny appearance.,285.2,Yellow,Autumn,Crisp,Small-Round,apple,867
IMG_0841_aug1.jpg,https://drive.google.com/file/d/1I8qKAFt7-8CZHsulc_r2WEbTjFT2QAFq/view?usp=drivesdk,This produce is globe-shaped and features a smooth appearance.,150.9,Red,Winter,Fruity,Asymmetric,apple,868
IMG_0855_aug1.jpg,https://drive.google.com/file/d/1D2FGsawXXayqetE2bwotumOhGzBbrPZ8/view?usp=drivesdk,This object is round and features a glossy appearance.,81,Yellow,Winter,Juicy,Oval,apple,869
IMG_0855_aug3.jpg,https://drive.google.com/file/d/1V546MiUvMOpSelBcvYNKetDzyb0eCswU/view?usp=drivesdk,A green item with a spherical silhouette.,162.5,Red,Winter,Tart,Conical,apple,870
IMG_9326_aug1.jpg,https://drive.google.com/file/d/1ke6XXjKv_sah6un_z-rI42QjqDGEePjE/view?usp=drivesdk,An organic organic matter that feels shiny to the touch and looks circular.,231.2,Yellow,Winter,Sweet,Round,apple,871
IMG_0855_aug2.jpg,https://drive.google.com/file/d/1rqkQakdG2QIcTl2pWoKG0swW8QHwPBa2/view?usp=drivesdk,A sunset-colored produce with a round silhouette.,202.5,Red,Autumn,Crisp,Asymmetric,apple,872
IMG_9326_aug3.jpg,https://drive.google.com/file/d/1trH48PHiezTQrNuuWpasv1Psec7vWLAG/view?usp=drivesdk,A orange-hued specimen with a round silhouette.,255.2,Yellow,Winter,Fruity,Globular,apple,873
IMG_9326_aug2.jpg,https://drive.google.com/file/d/1yfIt1EhnEPgG5ZtJyC5z0YV_BMVegi1T/view?usp=drivesdk,A palm-sized round specimen with a smooth warm-colored surface.,183.8,Yellow,Autumn,Fruity,Globular,apple,874
IMG_9332_aug2.jpg,https://drive.google.com/file/d/1-snsW582No88kfwWh-fJJZoMmZYIWKcU/view?usp=drivesdk,A medium circular produce with a glossy sunset-colored surface.,173.9,Yellow,Autumn,Fruity,Asymmetric,apple,875
IMG_9332_aug3.jpg,https://drive.google.com/file/d/1lWOk1V9UCmJEkGZLR5ZUytu8olDyJ9x3/view?usp=drivesdk,An organic produce that feels polished to the touch and looks globe-shaped.,207.5,Yellow,Autumn,Sweet,Asymmetric,apple,876
IMG_9332_aug1.jpg,https://drive.google.com/file/d/1ps5sFuq885Tbrf9U2f7tiCN0X6P2PkRo/view?usp=drivesdk,A palm-sized object distinguishable by its warm-colored hue and circular form.,248.7,Green,Autumn,Sharp,Round,apple,877
IMG_9520_aug3.jpg,https://drive.google.com/file/d/17-YOsmARqBbR7DcK-Tu9_O3BNdfBnpCq/view?usp=drivesdk,This item is orb-like and features a sleek appearance.,189.9,Yellow,Winter,Fruity,Round,apple,878
IMG_9520_aug1.jpg,https://drive.google.com/file/d/1Ie65EMO2BeEDrFUa7ztrb1-uuAsclKDO/view?usp=drivesdk,A palm-sized globe-shaped object with a glossy orange-hued surface.,153.3,Brown,Autumn,Fruity,Small-Round,apple,879
IMG_9508_aug2.jpg,https://drive.google.com/file/d/1IoWalu1SMWTPkFC_vHZtW_mqFkjzOQo1/view?usp=drivesdk,A sunset-colored sample with a orb-like silhouette.,244.2,Brown,Year Round,Tart,Irregular,apple,880
IMG_9508_aug1.jpg,https://drive.google.com/file/d/1KW8nPXEQM64jzDOP-eLCLJCdWwvBRiHz/view?usp=drivesdk,This organic matter is globe-shaped and features a polished appearance.,221.4,Brown,Winter,Sharp,Irregular,apple,881
IMG_9520_aug2.jpg,https://drive.google.com/file/d/1M7bVlHpbvSdeIWrPMGbtzTCZnjVyZECe/view?usp=drivesdk,This item is globe-shaped and features a polished appearance.,172.2,Yellow,Autumn,Sharp,Small-Round,apple,882
IMG_9508_aug3.jpg,https://drive.google.com/file/d/1_YeKSF4hguie7w92SlKHg2ONqn1N-V5Y/view?usp=drivesdk,A sunset-colored produce with a orb-like silhouette.,257.6,Orange,Autumn,Juicy,Globular,apple,883
IMG_0935_aug1.jpg,https://drive.google.com/file/d/16_vodDmqfQUXc1fy-L2N3-bCTc8dSOID/view?usp=drivesdk,A palm-sized globe-shaped sample with a glossy red surface.,311.5,Yellow,Autumn,Sweet,Irregular,apple,884
IMG_0935_aug2.jpg,https://drive.google.com/file/d/1KdtDbplyVrggPdO5FZt0_Nv5T3tBfgp5/view?usp=drivesdk,A sunset-colored organic matter with a globe-shaped silhouette.,239.1,Yellow,Year Round,Sweet,Flattened,apple,885
IMG_0935_aug3.jpg,https://drive.google.com/file/d/1gr_WQKi_dFivwzPczw32FJMRSRVVsVhK/view?usp=drivesdk,This produce is circular and features a sleek appearance.,230.1,Yellow,Winter,Sharp,Oval,apple,886
IMG_9522_aug2.jpg,https://drive.google.com/file/d/1FldU-S-ojByHEL6VdympPi3fnEoF5qnr/view?usp=drivesdk,This specimen is round and features a glossy appearance.,86.6,Yellow,Year Round,Juicy,Flattened,apple,887
IMG_9522_aug3.jpg,https://drive.google.com/file/d/1HIsDsOkHuOzJGkxH3or2AwqOuD6e2Ky5/view?usp=drivesdk,This object is orb-like and features a shiny appearance.,186.9,Green,Winter,Juicy,Small-Round,apple,888
IMG_0937_aug1.jpg,https://drive.google.com/file/d/1PIvix-KTzI1ISPbOxrs-C_LRJsljInTz/view?usp=drivesdk,An organic organic matter that feels glossy to the touch and looks orb-like.,111.9,Brown,Winter,Fruity,Round,apple,889
IMG_0937_aug3.jpg,https://drive.google.com/file/d/1jCLQe2TiaGiidkl-K_h5869VVMUpL0YU/view?usp=drivesdk,An organic object that feels smooth to the touch and looks spherical.,294.8,Yellow,Autumn,Sweet,Flattened,apple,890
IMG_9522_aug1.jpg,https://drive.google.com/file/d/1rRaguUkkk7ejtsjNmt9javbDvyIcDDTD/view?usp=drivesdk,A palm-sized orb-like object with a smooth golden surface.,174,Green,Autumn,Juicy,Globular,apple,891
IMG_0937_aug2.jpg,https://drive.google.com/file/d/1wDwebKOSJKSJ2Sg1O7PrX7QQIY6R2bhV/view?usp=drivesdk,An organic object that feels glossy to the touch and looks circular.,158.7,Brown,Autumn,Sweet,Small-Round,apple,892
IMG_9330_aug3.jpg,https://drive.google.com/file/d/1091MZg9tqreVzVdXLoUf3s05DwzSmI5f/view?usp=drivesdk,A warm-colored sample with a globe-shaped silhouette.,140.5,Green,Autumn,Sharp,Irregular,apple,893
IMG_9324_aug3.jpg,https://drive.google.com/file/d/1PMR3prNaOoScEecX12qGHCZgP4Ov-Hz8/view?usp=drivesdk,An organic organic matter that feels sleek to the touch and looks globe-shaped.,152.6,Yellow,Year Round,Juicy,Flattened,apple,894
IMG_9330_aug1.jpg,https://drive.google.com/file/d/1ahPLigDB7_W42-2qw685TCLrzObS4JEA/view?usp=drivesdk,This item is circular and features a glossy appearance.,172.9,Green,Autumn,Crisp,Asymmetric,apple,895
IMG_9324_aug2.jpg,https://drive.google.com/file/d/1wnVp9Wq45QtgTKI-S2mzwlH-OWgUonwN/view?usp=drivesdk,This organic matter is orb-like and features a sleek appearance.,196.6,Brown,Year Round,Sharp,Oval,apple,896
IMG_9330_aug2.jpg,https://drive.google.com/file/d/1xjGpBgoDQf-xyTFxHFeJKuyjYm2mGmf2/view?usp=drivesdk,This object is spherical and features a sleek appearance.,204.5,Green,Winter,Sharp,Asymmetric,apple,897
IMG_9324_aug1.jpg,https://drive.google.com/file/d/15lSA0ChD53rt8vrABOhqM7UyZQGFd9SL/view?usp=drivesdk,A palm-sized round specimen with a polished sunset-colored surface.,154.7,Yellow,Winter,Juicy,Oval,apple,898
IMG_0843_aug2.jpg,https://drive.google.com/file/d/19l621fntDZjkvqrAEeRpdIS7TVA_Fxee/view?usp=drivesdk,This specimen is spherical and features a polished appearance.,246.9,Yellow,Autumn,Sweet,Round,apple,899
IMG_0843_aug3.jpg,https://drive.google.com/file/d/1_swTQ8luarSMzyriZHFIjtFTcX1fgo7r/view?usp=drivesdk,A medium sample distinguishable by its warm-colored hue and globe-shaped form.,256.4,Yellow,Autumn,Tart,Globular,apple,900
IMG_0843_aug1.jpg,https://drive.google.com/file/d/1nIxW86QM59A7KBotfn5AEoJEFiXGFJ5V/view?usp=drivesdk,An organic object that feels smooth to the touch and looks circular.,110.3,Dark Red,Winter,Sweet,Conical,apple,901
IMG_0857_aug2.jpg,https://drive.google.com/file/d/1iwO2mTEnaXhXlixjTMInshJIjQbFFa1F/view?usp=drivesdk,A palm-sized orb-like sample with a sleek red surface.,184.2,Yellow,Winter,Fruity,Oval,apple,902
IMG_0857_aug3.jpg,https://drive.google.com/file/d/1m2HpmKRWXPKsNEkoiKfccF_az58nlqYG/view?usp=drivesdk,This sample is spherical and features a shiny appearance.,215,Red,Winter,Crisp,Irregular,apple,903
IMG_0857_aug1.jpg,https://drive.google.com/file/d/1oTsw4NtJKpw4z_NGm0OxvWuci2oZAkhV/view?usp=drivesdk,A medium produce distinguishable by its warm-colored hue and circular form.,221.7,Yellow,Year Round,Juicy,Asymmetric,apple,904
IMG_0856_aug2.jpg,https://drive.google.com/file/d/1I_YKm93fJrwWpt17ohIidIUps_PI8SuB/view?usp=drivesdk,A palm-sized spherical organic matter with a smooth golden surface.,185.5,Red,Autumn,Sharp,Flattened,apple,905
IMG_0856_aug1.jpg,https://drive.google.com/file/d/1S34qrrhaIqOjbDeIQk2tJqSCfc1S__V6/view?usp=drivesdk,This item is circular and features a sleek appearance.,218.7,Yellow,Year Round,Juicy,Small-Round,apple,906
IMG_0856_aug3.jpg,https://drive.google.com/file/d/1vA1aNImywTOGpMmriH15AgP2k8JoiESk/view?usp=drivesdk,An organic organic matter that feels smooth to the touch and looks spherical.,218.5,Red,Autumn,Sharp,Asymmetric,apple,907
IMG_0842_aug3.jpg,https://drive.google.com/file/d/12WVDeeTthQ-cjBQTO-OdT6OhwJs8eyo-/view?usp=drivesdk,A sunset-colored object with a round silhouette.,229.5,Red,Autumn,Sharp,Flattened,apple,908
IMG_0842_aug2.jpg,https://drive.google.com/file/d/1HBRkR9y4NLI3DTZj4nf4B31E4b5KPHay/view?usp=drivesdk,An organic sample that feels polished to the touch and looks globe-shaped.,122.7,Yellow,Winter,Sweet,Irregular,apple,909
IMG_0842_aug1.jpg,https://drive.google.com/file/d/1ZQ_nBSkAGVrb_31G5SfdLXFYjMMZBIoq/view?usp=drivesdk,This item is spherical and features a sleek appearance.,179,Yellow,Winter,Crisp,Asymmetric,apple,910
IMG_9331_aug1.jpg,https://drive.google.com/file/d/1C-Z-vckH9p2sxKeO92sm6S1PFfL0cke3/view?usp=drivesdk,A green object with a round silhouette.,169.7,Green,Year Round,Crisp,Round,apple,911
IMG_9331_aug2.jpg,https://drive.google.com/file/d/1E5yreTey69j9XIGL6d_D22TlCDi2qoWC/view?usp=drivesdk,A golden specimen with a orb-like silhouette.,182.6,Green,Winter,Juicy,Small-Round,apple,912
IMG_9331_aug3.jpg,https://drive.google.com/file/d/1prFpVmrlxaI9qq9IybIOHsLjIKbeleg_/view?usp=drivesdk,An organic produce that feels shiny to the touch and looks orb-like.,207.5,Green,Autumn,Sharp,Globular,apple,913
IMG_9325_aug2.jpg,https://drive.google.com/file/d/19f6hHbz_zhSGeD5O1GJ-I22-lZ2FfhHh/view?usp=drivesdk,This produce is circular and features a polished appearance.,261.9,Yellow,Autumn,Crisp,Conical,apple,914
IMG_9325_aug3.jpg,https://drive.google.com/file/d/1BK-vSp5-cXO56EpItvRJt9kG1AsWjDCm/view?usp=drivesdk,A sunset-colored object with a orb-like silhouette.,290.5,Yellow,Winter,Sharp,Asymmetric,apple,915
IMG_9325_aug1.jpg,https://drive.google.com/file/d/1axFz3-fY-gPKEJfOieGckKRldG6YzIOX/view?usp=drivesdk,A medium produce distinguishable by its golden hue and spherical form.,191.4,Yellow,Autumn,Crisp,Round,apple,916
IMG_0936_aug2.jpg,https://drive.google.com/file/d/1SHHYGFgMi8PUqYrg0zRIskXyAL27sRkL/view?usp=drivesdk,A palm-sized circular organic matter with a polished green surface.,68.2,Red,Winter,Crisp,Conical,apple,917
IMG_9523_aug2.jpg,https://drive.google.com/file/d/1UWMR_g-MHko4uCHu-9r-AceEfDUtx74S/view?usp=drivesdk,An organic object that feels smooth to the touch and looks circular.,166.4,Green,Autumn,Sharp,Oval,apple,918
IMG_0936_aug1.jpg,https://drive.google.com/file/d/1_wbSufEBuHdA0Yj-LaEqxuAlCeT_SXso/view?usp=drivesdk,A palm-sized organic matter distinguishable by its warm-colored hue and orb-like form.,147.6,Dark Red,Autumn,Sharp,Asymmetric,apple,919
IMG_9523_aug3.jpg,https://drive.google.com/file/d/1hrOmBLSE2OZRCCd9QJzx71w3PxLirkyK/view?usp=drivesdk,An organic specimen that feels glossy to the touch and looks orb-like.,137.9,Green,Year Round,Sharp,Flattened,apple,920
IMG_9523_aug1.jpg,https://drive.google.com/file/d/1pDGXlY4GTNlouLMCxZMsvAr00iItSHQN/view?usp=drivesdk,A medium produce distinguishable by its golden hue and globe-shaped form.,134.1,Green,Year Round,Fruity,Conical,apple,921
IMG_0936_aug3.jpg,https://drive.google.com/file/d/1zMVhCWZBpqDOTmX3BmxHmTDuF2S4gjhl/view?usp=drivesdk,This produce is spherical and features a smooth appearance.,135.8,Red,Year Round,Sharp,Globular,apple,922
IMG_9593_aug2.jpg,https://drive.google.com/file/d/19hhWjCbvVivBlu5ySsVXCCNkj3tb7rf_/view?usp=drivesdk,This item is spherical and features a polished appearance.,251.6,Brown,Autumn,Tart,Globular,apple,923
IMG_9593_aug3.jpg,https://drive.google.com/file/d/1Qoe5YuUX4QV_q_MQOYUd5FvRuWkhiosD/view?usp=drivesdk,An organic produce that feels polished to the touch and looks round.,156.5,Yellow,Year Round,Crisp,Conical,apple,924
IMG_9593_aug1.jpg,https://drive.google.com/file/d/1gxPT4-jVxTFm3oFSmPJHW7OmSvs8FE5N/view?usp=drivesdk,An organic organic matter that feels glossy to the touch and looks orb-like.,223.9,Yellow,Autumn,Fruity,Globular,apple,925
IMG_0831_aug3.jpg,https://drive.google.com/file/d/10r9WGeYGqZ4_h7v3VUl0S7IN-W1XjgAb/view?usp=drivesdk,A palm-sized produce distinguishable by its golden hue and globe-shaped form.,197.5,Yellow,Winter,Juicy,Small-Round,apple,926
IMG_0831_aug2.jpg,https://drive.google.com/file/d/1KZPBZbrKqc1J1HGSIyXiu204XgyT9By9/view?usp=drivesdk,A palm-sized orb-like sample with a sleek sunset-colored surface.,147.3,Green,Year Round,Sweet,Flattened,apple,927
IMG_9587_aug2.jpg,https://drive.google.com/file/d/1WgJAm9ulophiFvLy1zNTb9CFZa4EkgFd/view?usp=drivesdk,A medium circular organic matter with a shiny orange-hued surface.,124.7,Yellow,Year Round,Tart,Flattened,apple,928
IMG_0831_aug1.jpg,https://drive.google.com/file/d/1X-sdIs7gZojFf7uEKw0XIrAxXywroDCG/view?usp=drivesdk,A sunset-colored organic matter with a orb-like silhouette.,223.4,Brown,Year Round,Crisp,Conical,apple,929
IMG_9587_aug1.jpg,https://drive.google.com/file/d/1cFKBNu5BFWUXp-sU6wcDJqFxscswG785/view?usp=drivesdk,A palm-sized orb-like organic matter with a shiny green surface.,141.5,Orange,Year Round,Crisp,Small-Round,apple,930
IMG_9587_aug3.jpg,https://drive.google.com/file/d/1qTtwtkM0LuLXSFP06gkahjml_oih_UCj/view?usp=drivesdk,A green specimen with a circular silhouette.,189.2,Orange,Autumn,Juicy,Flattened,apple,931
IMG_0830_aug1.jpg,https://drive.google.com/file/d/16K8B3q0TRs4aPZUBklAGsX9mVzwuFxwC/view?usp=drivesdk,A orange-hued organic matter with a circular silhouette.,179.4,Red,Winter,Sweet,Small-Round,apple,932
IMG_0830_aug3.jpg,https://drive.google.com/file/d/1WvlFc3sLyXyRMziIb11xbuLla6uDD4RP/view?usp=drivesdk,A red item with a globe-shaped silhouette.,155,Yellow,Winter,Crisp,Irregular,apple,933
IMG_0830_aug2.jpg,https://drive.google.com/file/d/1yjQPcOg2dGw7A8dKzYIETi3zYuZBO6GM/view?usp=drivesdk,This specimen is globe-shaped and features a polished appearance.,193.7,Yellow,Year Round,Sweet,Asymmetric,apple,934
IMG_0824_aug3.jpg,https://drive.google.com/file/d/1LHUDEKHQSGVZGBZbSi5-eAuX5Ijag8v9/view?usp=drivesdk,A red object with a globe-shaped silhouette.,131.5,Green,Winter,Crisp,Round,apple,935
IMG_0824_aug1.jpg,https://drive.google.com/file/d/1Vdlqpqdwn036avd50jUNASeiNHPkfAhd/view?usp=drivesdk,An organic specimen that feels shiny to the touch and looks spherical.,340.3,Green,Year Round,Tart,Conical,apple,936
IMG_0824_aug2.jpg,https://drive.google.com/file/d/1vjD5luLG_KIy5DkFaXvIi3JAe8yV9OXe/view?usp=drivesdk,A green object with a spherical silhouette.,176.1,Green,Year Round,Fruity,Round,apple,937
IMG_9586_aug3.jpg,https://drive.google.com/file/d/12VjNI9f7GYb7fWbZFgvQt0a7eUn6tEzc/view?usp=drivesdk,An organic object that feels polished to the touch and looks globe-shaped.,188.4,Red,Year Round,Tart,Flattened,apple,938
IMG_9586_aug1.jpg,https://drive.google.com/file/d/1ANpkyDBc1NlC0v4iF1rfCGq4z9kQpNiA/view?usp=drivesdk,A palm-sized produce distinguishable by its orange-hued hue and orb-like form.,214.8,Yellow,Autumn,Crisp,Conical,apple,939
IMG_9586_aug2.jpg,https://drive.google.com/file/d/1XyaybpZAR1Bghxfh50p6qJnfqmPLKBRt/view?usp=drivesdk,An organic specimen that feels shiny to the touch and looks spherical.,215.1,Orange,Autumn,Crisp,Round,apple,940
IMG_9592_aug3.jpg,https://drive.google.com/file/d/1bVeIfPgO-ZCZKvRnAaXIqVJYA9a5CGBr/view?usp=drivesdk,A medium circular organic matter with a shiny green surface.,332.4,Yellow,Winter,Fruity,Globular,apple,941
IMG_9592_aug1.jpg,https://drive.google.com/file/d/1f5ODo28zGqgH7BSNkOhlnH46SzOddYGW/view?usp=drivesdk,A palm-sized round object with a smooth golden surface.,157.2,Yellow,Autumn,Juicy,Globular,apple,942
IMG_9592_aug2.jpg,https://drive.google.com/file/d/1jQRipiTxraGbsELLKXBUBIKeFyx6Vu1V/view?usp=drivesdk,A warm-colored object with a globe-shaped silhouette.,217.3,Yellow,Autumn,Sharp,Round,apple,943
IMG_9590_aug3.jpg,https://drive.google.com/file/d/1-ou94RtEUDOnmeXy8vh3MATawUsfs2kU/view?usp=drivesdk,A palm-sized round produce with a smooth reddish surface.,231.6,Orange,Autumn,Sweet,Conical,apple,944
IMG_9590_aug2.jpg,https://drive.google.com/file/d/104hD2_3VbQzRcSUhmMiTNd3586qodIwS/view?usp=drivesdk,An organic item that feels smooth to the touch and looks round.,188.1,White/Pale,Autumn,Fruity,Flattened,apple,945
IMG_9584_aug3.jpg,https://drive.google.com/file/d/16fENvWV3Etairc5jM1z5gwiIKrC1m4w4/view?usp=drivesdk,This object is round and features a sleek appearance.,101.3,Yellow,Winter,Fruity,Globular,apple,946
IMG_9584_aug2.jpg,https://drive.google.com/file/d/1A_Iwu_sagq9x9AODEhYXWgqFm9j61GH8/view?usp=drivesdk,A palm-sized object distinguishable by its golden hue and circular form.,133.6,Yellow,Autumn,Juicy,Asymmetric,apple,947
IMG_9584_aug1.jpg,https://drive.google.com/file/d/1jwjAnz4eheOlW5YNMHQg6wRrS6M1eMzY/view?usp=drivesdk,This sample is spherical and features a polished appearance.,105.7,Yellow,Winter,Fruity,Flattened,apple,948
IMG_9590_aug1.jpg,https://drive.google.com/file/d/1zL6RexMzqmJnf2LbSlRS_xlg2152IfkO/view?usp=drivesdk,An organic item that feels polished to the touch and looks round.,243.8,Orange,Winter,Fruity,Oval,apple,949
IMG_0833_aug2.jpg,https://drive.google.com/file/d/1-7kqqByK7eQANvXFaHT_5KVDCNhPU6z-/view?usp=drivesdk,This item is spherical and features a glossy appearance.,113.7,Yellow,Winter,Fruity,Small-Round,apple,950
IMG_0832_aug1.jpg,https://drive.google.com/file/d/11akTBK_BCK7L3dfmtj26fReIvNK2cEE9/view?usp=drivesdk,A palm-sized orb-like organic matter with a polished sunset-colored surface.,148.2,Yellow,Autumn,Sharp,Oval,apple,951
IMG_0832_aug2.jpg,https://drive.google.com/file/d/12YL1Zw5hWK6HUCgaNElpkn77pLJ3GBAs/view?usp=drivesdk,This produce is orb-like and features a sleek appearance.,136.8,Brown,Year Round,Juicy,Flattened,apple,952
IMG_0833_aug3.jpg,https://drive.google.com/file/d/1BQvVnQLH9yjwBXXWH72JEmryvwCea8oy/view?usp=drivesdk,A medium item distinguishable by its green hue and globe-shaped form.,192.9,Yellow,Autumn,Crisp,Round,apple,953
IMG_0832_aug3.jpg,https://drive.google.com/file/d/1PmqzEtfTT7ZiRIoQIqTdePHxN3TRhn_G/view?usp=drivesdk,This sample is orb-like and features a smooth appearance.,174.4,Yellow,Winter,Tart,Conical,apple,954
IMG_0833_aug1.jpg,https://drive.google.com/file/d/1Y4HnLckyhj4Ni-eHDJIpRlLPruT8uGjV/view?usp=drivesdk,A medium orb-like produce with a shiny orange-hued surface.,161.2,Yellow,Autumn,Fruity,Irregular,apple,955
IMG_9591_aug3.jpg,https://drive.google.com/file/d/1-nPaguEQhYx2kn5JdI8bgHQkH7n1ism9/view?usp=drivesdk,A medium item distinguishable by its warm-colored hue and orb-like form.,225.5,Red,Winter,Crisp,Conical,apple,956
IMG_9591_aug1.jpg,https://drive.google.com/file/d/1fQFGMBEE1Rrqte6o3PeqvMXIBB5MmH_2/view?usp=drivesdk,An organic specimen that feels glossy to the touch and looks circular.,124.7,Red,Autumn,Sharp,Small-Round,apple,957
IMG_9591_aug2.jpg,https://drive.google.com/file/d/1wSNRkNc0yxD3T1hP1FFK0DJV7YlFuEWl/view?usp=drivesdk,A orange-hued item with a orb-like silhouette.,198,Yellow,Year Round,Tart,Irregular,apple,958
IMG_9585_aug1.jpg,https://drive.google.com/file/d/1He80mCnP6Bct-E2AKxoRHXiL0VW_7xEa/view?usp=drivesdk,A palm-sized object distinguishable by its warm-colored hue and orb-like form.,267,Yellow,Autumn,Tart,Irregular,apple,959
IMG_9585_aug2.jpg,https://drive.google.com/file/d/1N1_E7sa-pk3SFYOgmANOCTs9zoiufOBO/view?usp=drivesdk,A warm-colored item with a globe-shaped silhouette.,296,Yellow,Autumn,Crisp,Flattened,apple,960
IMG_9595_aug1.jpg,https://drive.google.com/file/d/1_MH0SgnhBhJUZh0bKAMWge45czGlVqpj/view?usp=drivesdk,A green item with a circular silhouette.,210.6,Yellow,Year Round,Crisp,Conical,apple,961
IMG_9595_aug3.jpg,https://drive.google.com/file/d/1gWwO66E5Uj4KIHswdFTJsuTEb_16Iqgs/view?usp=drivesdk,A medium orb-like sample with a shiny warm-colored surface.,237.3,Yellow,Winter,Crisp,Irregular,apple,962
IMG_9585_aug3.jpg,https://drive.google.com/file/d/1hsLgBFa-aNmnLPDs4RxEfOoG1GeN8duM/view?usp=drivesdk,A medium spherical organic matter with a glossy green surface.,269.1,Yellow,Year Round,Tart,Small-Round,apple,963
IMG_9595_aug2.jpg,https://drive.google.com/file/d/1mh50uw_TGPGwXx2xqKuBueVIeAY-KLmE/view?usp=drivesdk,An organic item that feels shiny to the touch and looks spherical.,226,Brown,Winter,Sharp,Flattened,apple,964
IMG_0837_aug3.jpg,https://drive.google.com/file/d/1Hlh7b1A1gFQ7EJrhzEPWO3h5CQliWAmm/view?usp=drivesdk,A medium specimen distinguishable by its sunset-colored hue and round form.,298.7,Dark Red,Winter,Juicy,Asymmetric,apple,965
IMG_0837_aug2.jpg,https://drive.google.com/file/d/1iAfw6LobShdpWtETjE8PGljouSIhZRqd/view?usp=drivesdk,A medium globe-shaped sample with a glossy orange-hued surface.,256.8,Green,Winter,Fruity,Conical,apple,966
IMG_0823_aug2.jpg,https://drive.google.com/file/d/1A160q4xEDPUCyizAiPiP7AIxhZyBrs-Q/view?usp=drivesdk,This sample is globe-shaped and features a glossy appearance.,175.8,Green,Year Round,Sweet,Asymmetric,apple,967
IMG_0823_aug1.jpg,https://drive.google.com/file/d/1dcHBamf7tKp7-rkD0-CAjVp7gt2B7WnO/view?usp=drivesdk,A palm-sized item distinguishable by its red hue and round form.,196.6,Green,Winter,Sharp,Globular,apple,968
IMG_0837_aug1.jpg,https://drive.google.com/file/d/1kWbM20MfpNqD386-UNoUVUqK-o5c0Ju5/view?usp=drivesdk,A medium spherical item with a sleek warm-colored surface.,159,Yellow,Autumn,Sharp,Conical,apple,969
IMG_0823_aug3.jpg,https://drive.google.com/file/d/1zkRUKwpIlRHq8hkHWWjPtinpz8m3PA5U/view?usp=drivesdk,A medium item distinguishable by its sunset-colored hue and spherical form.,162.2,Green,Year Round,Sharp,Irregular,apple,970
IMG_0822_aug2.jpg,https://drive.google.com/file/d/1RJ2_FcxJK9be3NMSOMAEhkf5JjfkkIzt/view?usp=drivesdk,A medium globe-shaped item with a polished sunset-colored surface.,271.7,Green,Autumn,Sweet,Oval,apple,971
IMG_0822_aug1.jpg,https://drive.google.com/file/d/1c_78RmZSuiqjuGsGNTpeP6cUL_IYpIWc/view?usp=drivesdk,A red sample with a orb-like silhouette.,245.3,Green,Autumn,Fruity,Small-Round,apple,972
IMG_0822_aug3.jpg,https://drive.google.com/file/d/1rh38IDhN0Qh7_D8g33BAkULWr88G6Nlg/view?usp=drivesdk,A sunset-colored object with a circular silhouette.,84.4,Green,Winter,Sweet,Conical,apple,973
IMG_9594_aug3.jpg,https://drive.google.com/file/d/11JT3jVTMjEAxMx7sdWU0btxebm_dXEP0/view?usp=drivesdk,An organic specimen that feels sleek to the touch and looks orb-like.,125,Yellow,Year Round,Sharp,Asymmetric,apple,974
IMG_9594_aug1.jpg,https://drive.google.com/file/d/14uqYfwlD2nqU9DDbWRXJnhhXV4rSfXmQ/view?usp=drivesdk,A medium orb-like sample with a shiny warm-colored surface.,240.1,Yellow,Autumn,Fruity,Asymmetric,apple,975
IMG_0836_aug3.jpg,https://drive.google.com/file/d/1Hp6c_zD4FEIQmFN5dvhQV7a0kp6htXJC/view?usp=drivesdk,A warm-colored object with a spherical silhouette.,124.3,Yellow,Autumn,Tart,Small-Round,apple,976
IMG_0836_aug1.jpg,https://drive.google.com/file/d/1UlvbovAyRPXJRDEI1z4UYyAtNHV-o0jd/view?usp=drivesdk,This produce is spherical and features a shiny appearance.,162.3,Red,Autumn,Crisp,Small-Round,apple,977
IMG_9594_aug2.jpg,https://drive.google.com/file/d/1XGOWKL1BMUt7FaOHlE--fQFrKNqSXRHX/view?usp=drivesdk,A medium globe-shaped produce with a shiny orange-hued surface.,184.7,Yellow,Autumn,Juicy,Flattened,apple,978
IMG_0836_aug2.jpg,https://drive.google.com/file/d/1pnJVFuC1T_nw00CyT1MtQTaCNy4wkoyF/view?usp=drivesdk,An organic organic matter that feels sleek to the touch and looks globe-shaped.,181.5,Red,Winter,Sharp,Flattened,apple,979
IMG_9582_aug3.jpg,https://drive.google.com/file/d/1HvIeNc4KNzAwPLI7c0G7LCurgj9yzZt5/view?usp=drivesdk,A warm-colored item with a spherical silhouette.,125.5,Yellow,Autumn,Fruity,Conical,apple,980
IMG_9582_aug2.jpg,https://drive.google.com/file/d/1SmGa90An2evPOpREmDO3aOmCqTs9LdA8/view?usp=drivesdk,A palm-sized spherical object with a smooth reddish surface.,217.4,Brown,Winter,Fruity,Round,apple,981
IMG_9582_aug1.jpg,https://drive.google.com/file/d/1emY14vGz4C_hRk_dBMue03e5KrpH7j3j/view?usp=drivesdk,An organic object that feels shiny to the touch and looks circular.,162.4,Yellow,Winter,Sharp,Flattened,apple,982
IMG_0820_aug1.jpg,https://drive.google.com/file/d/1N79wjhtvBpMKDdB3gUQNUbLzOlsFkQPx/view?usp=drivesdk,An organic object that feels smooth to the touch and looks orb-like.,147.9,Green,Winter,Sharp,Asymmetric,apple,983
IMG_0820_aug2.jpg,https://drive.google.com/file/d/1tmgMk1wsUhh0liLH33HhzoAisQ5xv7D8/view?usp=drivesdk,A medium produce distinguishable by its golden hue and globe-shaped form.,147.2,Green,Year Round,Sweet,Asymmetric,apple,984
IMG_0820_aug3.jpg,https://drive.google.com/file/d/1wQkPbBBWxtGcY_FU-dTFk5Gh9Fi5lZkp/view?usp=drivesdk,A medium circular specimen with a shiny orange-hued surface.,127.5,Green,Autumn,Crisp,Globular,apple,985
IMG_0834_aug1.jpg,https://drive.google.com/file/d/1-oeRz_s0wkI5Q-9y7ryHRTJSJAtJUivg/view?usp=drivesdk,A palm-sized sample distinguishable by its sunset-colored hue and globe-shaped form.,97.1,Green,Autumn,Sharp,Conical,apple,986
IMG_0834_aug2.jpg,https://drive.google.com/file/d/16emMMZBtaTykxG4ryAsQP_f1hOOXTFs5/view?usp=drivesdk,A palm-sized spherical organic matter with a polished golden surface.,180.4,Green,Autumn,Tart,Oval,apple,987
IMG_0834_aug3.jpg,https://drive.google.com/file/d/1FFnkwhhsxPtu3n2Legbd1QBC0Ea2JG6n/view?usp=drivesdk,This item is round and features a smooth appearance.,176.1,Green,Winter,Crisp,Irregular,apple,988
IMG_0835_aug1.jpg,https://drive.google.com/file/d/1HzHqlQG40lGHCSLe0VzjaoVjtte8JUvy/view?usp=drivesdk,A warm-colored sample with a orb-like silhouette.,129.6,Yellow,Winter,Juicy,Conical,apple,989
IMG_0835_aug3.jpg,https://drive.google.com/file/d/1drIfJolOaUOwnE6jHcMGHNG5LAnRu-Wl/view?usp=drivesdk,An organic organic matter that feels polished to the touch and looks globe-shaped.,171.3,Red,Year Round,Sweet,Oval,apple,990
IMG_0835_aug2.jpg,https://drive.google.com/file/d/1rANgxy6rqXtl4jFuj7y-VxvNepuByWiu/view?usp=drivesdk,A red item with a globe-shaped silhouette.,125,Green,Autumn,Juicy,Irregular,apple,991
IMG_0821_aug1.jpg,https://drive.google.com/file/d/1-P0jiE0xeuKwH5hzpKk3gnbdLr0ZBAGg/view?usp=drivesdk,A medium spherical object with a smooth red surface.,166,Green,Autumn,Sharp,Asymmetric,apple,992
IMG_0821_aug3.jpg,https://drive.google.com/file/d/1MGWtd_-AMHraN_I3fPmGQtB7YA2CB-bg/view?usp=drivesdk,A palm-sized sample distinguishable by its green hue and orb-like form.,163.7,Green,Autumn,Sharp,Globular,apple,993
IMG_0821_aug2.jpg,https://drive.google.com/file/d/1hVAv0z59Cv1EZ4jnf2C_xF3PWQpYbVbT/view?usp=drivesdk,An organic sample that feels polished to the touch and looks globe-shaped.,220.6,Green,Winter,Tart,Flattened,apple,994
IMG_9583_aug2.jpg,https://drive.google.com/file/d/1Nyr-jtLiiISFZQco0aVuTPd4KH4blB4d/view?usp=drivesdk,A orange-hued produce with a orb-like silhouette.,53.3,Red,Autumn,Juicy,Conical,apple,995
IMG_9583_aug3.jpg,https://drive.google.com/file/d/1c2qcsbxegkjM_XFDzSchfrzchjkndMHY/view?usp=drivesdk,A palm-sized round item with a polished sunset-colored surface.,185.2,Yellow,Winter,Sharp,Oval,apple,996
IMG_9583_aug1.jpg,https://drive.google.com/file/d/1igUUsP_fq1QaKPh-VNHFGpxHypcbfJe4/view?usp=drivesdk,An organic organic matter that feels smooth to the touch and looks circular.,194.8,Yellow,Winter,Crisp,Flattened,apple,997
mandalina_00084_.png,https://drive.google.com/file/d/1-Vt3TTreyL_3OYkLehRSftB5VW9imLBh/view?usp=drivesdk,This sample is round and features a textured appearance.,143.9,Orange,Autumn,Sharp,Round,mandarin,998
mandalina_00088_.png,https://drive.google.com/file/d/156uEjis5GQHT__eUm7kDqWteY0OWy5iy/view?usp=drivesdk,This item is spherical and features a rough appearance.,52.3,Orange,Autumn,Tart,Flattened,mandarin,999
mandalina_00087_.png,https://drive.google.com/file/d/1CH6cYnWjUrfKQq8y-O7iEjqtTV6s_Vt6/view?usp=drivesdk,This object is orb-like and features a rough appearance.,144.6,Orange,Autumn,Fruity,Asymmetric,mandarin,1000
mandalina_00086_.png,https://drive.google.com/file/d/1oh9AUoDm_5HFFJlLS15Kh_lwZeX4BKcV/view?usp=drivesdk,A warm-colored produce with a globe-shaped silhouette.,111.2,Red,Spring,Sweet,Small-Round,mandarin,1001
mandalina_00083_.png,https://drive.google.com/file/d/1rYfMv-GfzN8V6AkbfwKOhNOdnlcW-rRt/view?usp=drivesdk,A palm-sized specimen distinguishable by its orange-hued hue and circular form.,149,Orange,Spring,Sharp,Asymmetric,mandarin,1002
mandalina_00081_.png,https://drive.google.com/file/d/10Sob4eKThj5z77BrvMX7GLtRA50TPbU_/view?usp=drivesdk,A orange-hued sample with a flattened silhouette.,83.6,Red,Autumn,Sharp,Asymmetric,mandarin,1003
mandalina_00065_.png,https://drive.google.com/file/d/117SUdDqrFFqiAvuxOZoS6mWMPP57qqop/view?usp=drivesdk,An organic produce that feels matte to the touch and looks globe-shaped.,110.5,Yellow,Autumn,Tart,Flattened,mandarin,1004
mandalina_00068_.png,https://drive.google.com/file/d/12QO_HryLow6x9aV_FlLxC9-6mWSg2dDj/view?usp=drivesdk,An organic object that feels pitted to the touch and looks orb-like.,95.7,Yellow,Spring,Juicy,Round,mandarin,1005
mandalina_00073_.png,https://drive.google.com/file/d/12dkyvF18F_3NIsHhEj_TFmvwbQ80Eou3/view?usp=drivesdk,This specimen is circular and features a bumpy appearance.,175.7,Red,Autumn,Tart,Flattened,mandarin,1006
mandalina_00074_.png,https://drive.google.com/file/d/13_jNeXljIYWBTFprmbhdFgTyEx4kzPJb/view?usp=drivesdk,An organic object that feels textured to the touch and looks globe-shaped.,117.4,Red,Spring,Sweet,Small-Round,mandarin,1007
mandalina_00072_.png,https://drive.google.com/file/d/18Az8zVDNHSyVytedy6V94HyOlGAm4BgG/view?usp=drivesdk,This specimen is circular and features a matte appearance.,124.8,Red,Autumn,Fruity,Flattened,mandarin,1008
mandalina_00076_.png,https://drive.google.com/file/d/1K_SBIFyI5BpdAIo_COuYGmPQqKCPZxFs/view?usp=drivesdk,A sunset-colored item with a flattened silhouette.,161.3,Red,Autumn,Sweet,Asymmetric,mandarin,1009
mandalina_00069_.png,https://drive.google.com/file/d/1L5whKFaczjMwcvZGu_q-yo909iriZbdG/view?usp=drivesdk,A palm-sized object distinguishable by its reddish hue and flattened form.,129.9,Red,Autumn,Sharp,Flattened,mandarin,1010
mandalina_00075_.png,https://drive.google.com/file/d/1LHigr7LlV_qjHoUgUa9vXy5_HLhy7roY/view?usp=drivesdk,This specimen is flattened and features a bumpy appearance.,157.5,Red,Autumn,Sharp,Flattened,mandarin,1011
mandalina_00070_.png,https://drive.google.com/file/d/1MP4VVsoIQU-n3jGABZPf40ZcpoPSrYHL/view?usp=drivesdk,A small sample distinguishable by its orange-hued hue and orb-like form.,103.5,Red,Winter,Tart,Asymmetric,mandarin,1012
mandalina_00067_.png,https://drive.google.com/file/d/1UCvxjh7WPJMlyupvo26FA9CE3giZneb0/view?usp=drivesdk,A palm-sized circular produce with a uneven reddish surface.,78.5,Brown,Spring,Sweet,Round,mandarin,1013
mandalina_00071_.png,https://drive.google.com/file/d/1e-BQSB7XCVA_EUwUGSDTJqg1mDWUy-NR/view?usp=drivesdk,A palm-sized spherical item with a uneven orange surface.,94.5,Red,Autumn,Juicy,Flattened,mandarin,1014
mandalina_00066_.png,https://drive.google.com/file/d/1evx1MOWdeoMcRKYA6FU151zuwS5jSHvH/view?usp=drivesdk,An organic produce that feels matte to the touch and looks globe-shaped.,81.7,Yellow,Spring,Tart,Small-Round,mandarin,1015
mandalina_00080_.png,https://drive.google.com/file/d/1jCzYKXSL8v0ifrYqHcSeg7rqu6OhoiNP/view?usp=drivesdk,A reddish item with a round silhouette.,127.4,Orange,Autumn,Tart,Small-Round,mandarin,1016
mandalina_00079_.png,https://drive.google.com/file/d/1rTvis5kEkaH1awlQSbBefJrNkkfaR1v3/view?usp=drivesdk,A palm-sized object distinguishable by its warm-colored hue and orb-like form.,107.5,Orange,Spring,Tart,Flattened,mandarin,1017
mandalina_00061_.png,https://drive.google.com/file/d/1BvE7Z6Z0NKZiXK6ul4npSAIkSe_ct67-/view?usp=drivesdk,This object is orb-like and features a rough appearance.,93.4,Yellow,Spring,Sweet,Small-Round,mandarin,1018
mandalina_00063_.png,https://drive.google.com/file/d/1DOzgtXnE9hCsFPeXL8L6t5xHwbhM_CzB/view?usp=drivesdk,This sample is globe-shaped and features a matte appearance.,184.2,Yellow,Autumn,Fruity,Small-Round,mandarin,1019
mandalina_00059_.png,https://drive.google.com/file/d/1J_1B7j0e9lBaYRdxWXIuK4uFHc7thAJu/view?usp=drivesdk,This object is flattened and features a uneven appearance.,144.8,Brown,Autumn,Tart,Round,mandarin,1020
mandalina_00050_.png,https://drive.google.com/file/d/1LTVTfax2KcBXLO_xCZri0L-NzPr72Y3B/view?usp=drivesdk,An organic produce that feels bumpy to the touch and looks globe-shaped.,108.3,Yellow,Spring,Sweet,Round,mandarin,1021
mandalina_00057_.png,https://drive.google.com/file/d/1Mr0Hstj3VjzehEtHLRIF2sf-EEAivQAP/view?usp=drivesdk,A small sample distinguishable by its sunset-colored hue and round form.,178.8,Brown,Winter,Sharp,Globular,mandarin,1022
mandalina_00054_.png,https://drive.google.com/file/d/1Ms3qNZcKk80bHtn6tmkc_sRRRKHO2l7j/view?usp=drivesdk,A palm-sized globe-shaped organic matter with a matte orange-hued surface.,210.3,Orange,Autumn,Sweet,Globular,mandarin,1023
mandalina_00053_.png,https://drive.google.com/file/d/1O84zJZfGZfZidTlOY143sehbc2sC_Z2R/view?usp=drivesdk,A small flattened organic matter with a rough orange-hued surface.,208,Orange,Spring,Fruity,Asymmetric,mandarin,1024
mandalina_00062_.png,https://drive.google.com/file/d/1SSFsW55cnrhEFLZ7kj8PdOyHgeae34X4/view?usp=drivesdk,A small sample distinguishable by its warm-colored hue and globe-shaped form.,155.5,Yellow,Winter,Sharp,Round,mandarin,1025
mandalina_00058_.png,https://drive.google.com/file/d/1W0KGew4iUra6bMXfVg4GQRbh2Li_e5Uk/view?usp=drivesdk,A palm-sized spherical item with a uneven orange-hued surface.,106.2,Yellow,Winter,Tart,Globular,mandarin,1026
mandalina_00052_.png,https://drive.google.com/file/d/1W1OeR9go5frhkQrDOhoZ05A9PYtKbk05/view?usp=drivesdk,A golden specimen with a orb-like silhouette.,115.5,Red,Spring,Fruity,Asymmetric,mandarin,1027
mandalina_00056_.png,https://drive.google.com/file/d/1WRrMOZtEiT_uY0s4mWKC8arFPx3VB5zk/view?usp=drivesdk,A small produce distinguishable by its warm-colored hue and round form.,123.8,Yellow,Spring,Sharp,Small-Round,mandarin,1028
mandalina_00055_.png,https://drive.google.com/file/d/1Xt9ty8tvW0ubmO2trQmoJJ5vXlvYe_IA/view?usp=drivesdk,An organic organic matter that feels bumpy to the touch and looks orb-like.,138.1,Yellow,Winter,Sharp,Globular,mandarin,1029
mandalina_00049_.png,https://drive.google.com/file/d/1agBLe31sP5XblfK1AGU7vhcWHIzZ9fmj/view?usp=drivesdk,A small round organic matter with a textured warm-colored surface.,43.7,Orange,Spring,Sweet,Round,mandarin,1030
mandalina_00064_.png,https://drive.google.com/file/d/1noevXW3rXhgF4lOMuBVBg9IzifEvQxOj/view?usp=drivesdk,A palm-sized object distinguishable by its sunset-colored hue and circular form.,111.9,Yellow,Spring,Sweet,Round,mandarin,1031
mandalina_00051_.png,https://drive.google.com/file/d/1tYlMKGgw8yxDKWw-PbNnwbAJ6daaEXqy/view?usp=drivesdk,A small specimen distinguishable by its warm-colored hue and orb-like form.,79.8,Yellow,Spring,Sweet,Asymmetric,mandarin,1032
mandalina_00060_.png,https://drive.google.com/file/d/1ufw5fkXvAlTzLOK1IukrZIKFp_j6i9Sc/view?usp=drivesdk,This produce is spherical and features a textured appearance.,157.2,Yellow,Autumn,Sweet,Globular,mandarin,1033
mandalina_00032_.png,https://drive.google.com/file/d/18P5AMabYnUTEE-UHUptypr1R11ohkmno/view?usp=drivesdk,An organic object that feels rough to the touch and looks spherical.,92.5,Yellow,Winter,Juicy,Globular,mandarin,1034
mandalina_00040_.png,https://drive.google.com/file/d/1Nl4bJ_E4s01N7nqkJNAceJfGJagbQ08o/view?usp=drivesdk,A warm-colored item with a flattened silhouette.,168,Green,Spring,Juicy,Flattened,mandarin,1035
mandalina_00042_.png,https://drive.google.com/file/d/1Q8NuScM3vLFtKYteQM5sLjqF64wgle5z/view?usp=drivesdk,This specimen is globe-shaped and features a rough appearance.,134.1,Yellow,Spring,Sweet,Globular,mandarin,1036
mandalina_00033_.png,https://drive.google.com/file/d/1UWKyu_m0EW3YaDEwTTMQXvirOdbT85Ja/view?usp=drivesdk,This object is orb-like and features a matte appearance.,144.9,Yellow,Spring,Sharp,Asymmetric,mandarin,1037
mandalina_00043_.png,https://drive.google.com/file/d/1U_gjuhxBIj2xbH8geHOUIlCyWBrXbtBj/view?usp=drivesdk,A orange sample with a round silhouette.,152,Brown,Winter,Sweet,Round,mandarin,1038
mandalina_00045_.png,https://drive.google.com/file/d/1Z81SyPYusCJlDfGaeeI6wIs5NEVvbIzl/view?usp=drivesdk,A small sample distinguishable by its orange hue and spherical form.,64.1,Yellow,Spring,Juicy,Round,mandarin,1039
mandalina_00034_.png,https://drive.google.com/file/d/1_36nyv7HmqEm4R_OIqEhFIcxtxgLpMhe/view?usp=drivesdk,A small round specimen with a matte orange surface.,121.1,Yellow,Spring,Sharp,Small-Round,mandarin,1040
mandalina_00047_.png,https://drive.google.com/file/d/1gOY2KhLPAHNr6oTtHjJ2cMhtGuKZALUD/view?usp=drivesdk,An organic specimen that feels rough to the touch and looks globe-shaped.,155.7,Green,Autumn,Sweet,Globular,mandarin,1041
mandalina_00041_.png,https://drive.google.com/file/d/1jegMhP2cAMUfeNpHt1hQ4ul6xeX6CteY/view?usp=drivesdk,This item is flattened and features a textured appearance.,182,Yellow,Autumn,Sharp,Asymmetric,mandarin,1042
mandalina_00038_.png,https://drive.google.com/file/d/1yfy3CezHtVco9bwU8s_Vla4x94DTfeAn/view?usp=drivesdk,An organic organic matter that feels pitted to the touch and looks globe-shaped.,166.6,White/Pale,Spring,Juicy,Flattened,mandarin,1043
mandalina_00018_.png,https://drive.google.com/file/d/11OhSDTw2rZ7hAx4JEwJo8_jSzNlqv5ZA/view?usp=drivesdk,A palm-sized spherical object with a rough reddish surface.,123.9,Yellow,Spring,Sharp,Globular,mandarin,1044
mandalina_00023_.png,https://drive.google.com/file/d/19rXYY_Mkwnx5vJynnEB5-Va6z3FscoyI/view?usp=drivesdk,An organic specimen that feels bumpy to the touch and looks globe-shaped.,103.3,Yellow,Spring,Tart,Flattened,mandarin,1045
mandalina_00025_.png,https://drive.google.com/file/d/1CENMhJv2K_91OSM88VYhKYB2Xlz8d-ej/view?usp=drivesdk,An organic specimen that feels rough to the touch and looks flattened.,106.5,Yellow,Autumn,Sharp,Round,mandarin,1046
mandalina_00028_.png,https://drive.google.com/file/d/1V7lwgVOeHHtZv3kwm4xOdCjAaVlWOjRS/view?usp=drivesdk,A sunset-colored sample with a globe-shaped silhouette.,173,Yellow,Winter,Sharp,Round,mandarin,1047
mandalina_00022_.png,https://drive.google.com/file/d/1YSZYfyhdSF3Ec8CcRdV8eH2hYibGQfAf/view?usp=drivesdk,A small sample distinguishable by its orange-hued hue and flattened form.,72.4,Yellow,Spring,Fruity,Round,mandarin,1048
mandalina_00030_.png,https://drive.google.com/file/d/1d22B4bNb0Hk0pr_t4C_6Wp0FGyeRJ7gx/view?usp=drivesdk,A small item distinguishable by its golden hue and orb-like form.,162.8,Yellow,Autumn,Fruity,Asymmetric,mandarin,1049
mandalina_00026_.png,https://drive.google.com/file/d/1fEVT33L95VMeAJ1ZfGeKoPETgwj6BItw/view?usp=drivesdk,A sunset-colored object with a round silhouette.,138.1,Yellow,Winter,Sharp,Round,mandarin,1050
mandalina_00029_.png,https://drive.google.com/file/d/1tSFIouIxDTA0vQW_MnH5V1LotlnfxAvu/view?usp=drivesdk,A palm-sized specimen distinguishable by its reddish hue and flattened form.,123.7,Yellow,Spring,Sweet,Flattened,mandarin,1051
mandalina_00020_.png,https://drive.google.com/file/d/1tU2Hlal3AYgIGRLq6UUV22BCHlkcqA93/view?usp=drivesdk,A palm-sized round sample with a pitted golden surface.,83.1,Orange,Spring,Juicy,Globular,mandarin,1052
mandalina_00017_.png,https://drive.google.com/file/d/1tlyXMQnZXyfyTqwQa2xpe-cu6NUer6Is/view?usp=drivesdk,An organic sample that feels rough to the touch and looks orb-like.,48.5,Yellow,Autumn,Juicy,Flattened,mandarin,1053
mandalina_00016_.png,https://drive.google.com/file/d/1uvlmYliJKy2wijVx3mBbrL5H_dRyJghZ/view?usp=drivesdk,A palm-sized round produce with a matte warm-colored surface.,131.7,Orange,Spring,Fruity,Flattened,mandarin,1054
mandalina_00015_.png,https://drive.google.com/file/d/1wQYd5MHSQh7I9XguxlMPOpprdJBm1XJb/view?usp=drivesdk,This organic matter is globe-shaped and features a matte appearance.,129.7,Yellow,Winter,Sweet,Round,mandarin,1055
mandalina_00027_.png,https://drive.google.com/file/d/1xt-VGhn_6T8DNXomueXJ_PBjhyXy7mvn/view?usp=drivesdk,This object is round and features a bumpy appearance.,148.5,Yellow,Winter,Sweet,Small-Round,mandarin,1056
mandalina_00031_.png,https://drive.google.com/file/d/1zwHcicVMFuYqbntMRMdKhSobzZpTR3J1/view?usp=drivesdk,This sample is flattened and features a rough appearance.,162.1,Yellow,Winter,Fruity,Asymmetric,mandarin,1057
mandalina_00010_.png,https://drive.google.com/file/d/1KaQzikVvZhOzKEBo94cfpuhR2cS_qnZD/view?usp=drivesdk,A palm-sized organic matter distinguishable by its orange hue and spherical form.,156.2,Yellow,Autumn,Sharp,Round,mandarin,1058
mandalina_00012_.png,https://drive.google.com/file/d/1SdkBSAzpFktWMurM5T6-cF8uiyKZ3_JH/view?usp=drivesdk,A palm-sized spherical sample with a pitted golden surface.,134.2,Yellow,Autumn,Sharp,Globular,mandarin,1059
mandalina_00011_.png,https://drive.google.com/file/d/1TNPp7oa9bUU091VNY4YkIbJp-UJyHyje/view?usp=drivesdk,A small round sample with a matte orange-hued surface.,149.3,Yellow,Autumn,Tart,Small-Round,mandarin,1060
mandalina_00013_.png,https://drive.google.com/file/d/1a0F86B9JzaXB41yUtB5JZ-UjZUXVMt8z/view?usp=drivesdk,A small round produce with a rough sunset-colored surface.,161.3,Yellow,Winter,Juicy,Small-Round,mandarin,1061
mandalina_00009_.png,https://drive.google.com/file/d/1v2fdASVTnZ1HqbwM3R5wesjaqhlenYJL/view?usp=drivesdk,A small flattened object with a bumpy orange-hued surface.,94.9,Red,Autumn,Tart,Round,mandarin,1062
mandalina_00008_.png,https://drive.google.com/file/d/1897BMlmZqPNK3mfGluY3OxcaI1sbCB6t/view?usp=drivesdk,A palm-sized circular produce with a matte reddish surface.,111.4,White/Pale,Winter,Sharp,Small-Round,mandarin,1063
mandalina_00007_.png,https://drive.google.com/file/d/18HQBIZZgNgGdd7ZuONgNZHaJctg-zHS_/view?usp=drivesdk,A small sample distinguishable by its orange-hued hue and round form.,132.1,Green,Autumn,Sharp,Asymmetric,mandarin,1064
mandalina_00005_.png,https://drive.google.com/file/d/1u3IX-PJIbpQ1zNfMKUNguWu9scjkmSlq/view?usp=drivesdk,An organic organic matter that feels bumpy to the touch and looks circular.,120.1,Yellow,Spring,Juicy,Small-Round,mandarin,1065
mandalina_00003_.png,https://drive.google.com/file/d/118d4bmvUtlhYWBV0gjh3-ReZ03i2FV09/view?usp=drivesdk,A warm-colored object with a round silhouette.,193,Yellow,Spring,Sweet,Flattened,mandarin,1066
mandalina_00001_.png,https://drive.google.com/file/d/1FuboJR_j3gDC9lTHVVKgBm8EkWO2dDJ7/view?usp=drivesdk,A small item distinguishable by its golden hue and orb-like form.,86.8,Brown,Autumn,Fruity,Round,mandarin,1067
mandalina_00004_.png,https://drive.google.com/file/d/1tRXtbeS1cM3xPcdDo9zMebUHFdfa8WQY/view?usp=drivesdk,A palm-sized orb-like item with a rough golden surface.,148.6,Yellow,Autumn,Tart,Globular,mandarin,1068
ComfyUI_00999_.png,https://drive.google.com/file/d/14Se7C1y27xZYWyHIZGDlT1aJ4aLcM0Q3/view?usp=drivesdk,A palm-sized sample distinguishable by its orange hue and circular form.,112.5,Yellow,Spring,Fruity,Round,mandarin,1069
ComfyUI_00001_.png,https://drive.google.com/file/d/1DAMczxb1uPtYqnk2Qt9liS-oiMlZE0g0/view?usp=drivesdk,A small organic matter distinguishable by its orange-hued hue and round form.,107.2,Brown,Winter,Fruity,Globular,mandarin,1070
ComfyUI_00034_.png,https://drive.google.com/file/d/1TrAco9aESCDzujb1EKICCNd7tU1111nl/view?usp=drivesdk,An organic produce that feels bumpy to the touch and looks globe-shaped.,190.7,Yellow,Winter,Fruity,Flattened,mandarin,1071
ComfyUI_00031_.png,https://drive.google.com/file/d/1UFuui-pNZroIia1jg1sXG8X1gckZBTgU/view?usp=drivesdk,An organic item that feels textured to the touch and looks spherical.,82.8,Brown,Winter,Sweet,Globular,mandarin,1072
ComfyUI_00012_.png,https://drive.google.com/file/d/15XruiQDClk3xx-19rMEGfwlTvgsQQuQA/view?usp=drivesdk,A palm-sized produce distinguishable by its sunset-colored hue and round form.,145.7,Red,Spring,Sweet,Asymmetric,mandarin,1073
ComfyUI_00023_.png,https://drive.google.com/file/d/16OPWihZHNIwfMe4r3ncMcmt8bAIGBTN-/view?usp=drivesdk,A palm-sized specimen distinguishable by its reddish hue and spherical form.,117.3,Red,Autumn,Sharp,Globular,mandarin,1074
ComfyUI_00018_.png,https://drive.google.com/file/d/1NrAsJ89kixq-PWYZ7_URz5YCIi_GI8s-/view?usp=drivesdk,A palm-sized orb-like produce with a rough orange surface.,181.2,Yellow,Winter,Tart,Globular,mandarin,1075
ComfyUI_00014_.png,https://drive.google.com/file/d/1Xvw-DAq8Q6zjLVyoMs78MYkmBxBsJOA_/view?usp=drivesdk,An organic object that feels rough to the touch and looks circular.,166.4,Red,Autumn,Juicy,Round,mandarin,1076
ComfyUI_00017_.png,https://drive.google.com/file/d/1Yf8irAvsoSeVNcFCNejTkMUbtTaqtKlx/view?usp=drivesdk,This produce is orb-like and features a textured appearance.,98.6,Brown,Autumn,Sharp,Round,mandarin,1077
ComfyUI_00021_.png,https://drive.google.com/file/d/1bGG6CPAr68arCM2uie6hQzTaeHrbu-8_/view?usp=drivesdk,A small organic matter distinguishable by its sunset-colored hue and flattened form.,126,Green,Winter,Juicy,Small-Round,mandarin,1078
ComfyUI_00010_.png,https://drive.google.com/file/d/1c4c9C3FDHhiqBiDWuG6UXIGv6jtwj84w/view?usp=drivesdk,A small orb-like object with a rough golden surface.,144,Green,Winter,Fruity,Round,mandarin,1079
ComfyUI_00024_.png,https://drive.google.com/file/d/1jA7cQBwKcIqW5n0DwDCtK1NOqZEAGXDl/view?usp=drivesdk,A small circular produce with a bumpy sunset-colored surface.,136.3,Orange,Winter,Sweet,Asymmetric,mandarin,1080
ComfyUI_00019_.png,https://drive.google.com/file/d/1prAmUWj3r7TTklTBLuTdSABMZhXiH6T2/view?usp=drivesdk,A warm-colored organic matter with a round silhouette.,122.4,Yellow,Spring,Sharp,Asymmetric,mandarin,1081
ComfyUI_00016_.png,https://drive.google.com/file/d/1w3Ct01xpdUBMyl4q_KhQDAfgZjaAwh9f/view?usp=drivesdk,A small circular object with a pitted golden surface.,128.3,Green,Autumn,Fruity,Round,mandarin,1082
ComfyUI_00004_.png,https://drive.google.com/file/d/1U-FkaFDxb73WiDszeXW0_P0YYdeEvLGz/view?usp=drivesdk,This organic matter is round and features a rough appearance.,159.3,Green,Autumn,Sweet,Small-Round,mandarin,1083
ComfyUI_00463_.png,https://drive.google.com/file/d/19Yc4EZCpAijqG9KGt00bE9Ic73LlwNvX/view?usp=drivesdk,This item is round and features a uneven appearance.,74.3,Red,Spring,Sharp,Asymmetric,mandarin,1084
ComfyUI_00469_.png,https://drive.google.com/file/d/1SvwANp8TMDez2zsOMB-Qg8aJiqLb5WXP/view?usp=drivesdk,A small sample distinguishable by its golden hue and orb-like form.,83.7,Red,Autumn,Tart,Globular,mandarin,1085
ComfyUI_00467_.png,https://drive.google.com/file/d/1XyJlPGFJGIgAgbLrz0sk7sSYF7VnKNb7/view?usp=drivesdk,A palm-sized object distinguishable by its reddish hue and circular form.,98.7,Red,Winter,Sharp,Globular,mandarin,1086
ComfyUI_00468_.png,https://drive.google.com/file/d/1pHrh9A_Whz6qowr-53NUCX46P-JeCjXb/view?usp=drivesdk,A palm-sized organic matter distinguishable by its orange hue and spherical form.,121.9,Red,Autumn,Sharp,Round,mandarin,1087
ComfyUI_00440_.png,https://drive.google.com/file/d/11K_LySDE0vBXtAOylVg9aKtjuBvY6N1h/view?usp=drivesdk,A small orb-like item with a matte golden surface.,131.8,Red,Winter,Tart,Flattened,mandarin,1088
ComfyUI_00452_.png,https://drive.google.com/file/d/17aMfKR-BNr1Pka6d63Z-lnMf192pF951/view?usp=drivesdk,A reddish object with a round silhouette.,98.2,Red,Winter,Sweet,Flattened,mandarin,1089
ComfyUI_00441_.png,https://drive.google.com/file/d/18u5Vs4j2-rG4deOlTDjIee8VFHIb-8lN/view?usp=drivesdk,An organic object that feels matte to the touch and looks circular.,179.1,Red,Autumn,Juicy,Globular,mandarin,1090
ComfyUI_00449_.png,https://drive.google.com/file/d/1IT8Fw_3t-wlPzmyP43pdIlFEV_wmwQxd/view?usp=drivesdk,This object is orb-like and features a bumpy appearance.,164.4,Red,Winter,Sweet,Globular,mandarin,1091
ComfyUI_00451_.png,https://drive.google.com/file/d/1Nq0XWJvYdm5uJYUkkJV_HRPc0_02abTU/view?usp=drivesdk,An organic sample that feels rough to the touch and looks globe-shaped.,85.5,Red,Winter,Tart,Globular,mandarin,1092
ComfyUI_00454_.png,https://drive.google.com/file/d/1QODjABRi7AOaf5Mw2rwatfoGpUWvNDyw/view?usp=drivesdk,A palm-sized circular object with a uneven warm-colored surface.,137.5,Red,Autumn,Sharp,Small-Round,mandarin,1093
ComfyUI_00446_.png,https://drive.google.com/file/d/1TlXOzYXkvdKLR0bo4Hv-_9MMvwq2Vdvc/view?usp=drivesdk,This specimen is circular and features a uneven appearance.,130.5,Red,Winter,Fruity,Flattened,mandarin,1094
ComfyUI_00447_.png,https://drive.google.com/file/d/1jGdBH-ZykTvz68SFzNBi3JbNiU0-WCSy/view?usp=drivesdk,A small circular object with a rough warm-colored surface.,52.8,Red,Spring,Sweet,Globular,mandarin,1095
ComfyUI_00448_.png,https://drive.google.com/file/d/1jbjUl4j0k7j4X9PGjA6ycnMliRw2ZOgP/view?usp=drivesdk,A orange-hued sample with a orb-like silhouette.,107.1,Red,Winter,Juicy,Small-Round,mandarin,1096
ComfyUI_00442_.png,https://drive.google.com/file/d/1z18-RkF2dt6j1qhq-W6kBgTksuzi0YHl/view?usp=drivesdk,This specimen is orb-like and features a pitted appearance.,132.2,Red,Winter,Sweet,Flattened,mandarin,1097
ComfyUI_00439_.png,https://drive.google.com/file/d/10W6MOVAu9_EcmVp2eneuwhnnC-GCHtbL/view?usp=drivesdk,A palm-sized globe-shaped item with a uneven sunset-colored surface.,124.8,Red,Winter,Sweet,Globular,mandarin,1098
ComfyUI_00432_.png,https://drive.google.com/file/d/13yE_aqCsiOB62cFc8KECdIHoLalPmtp9/view?usp=drivesdk,An organic object that feels rough to the touch and looks spherical.,95,Red,Winter,Sweet,Asymmetric,mandarin,1099
ComfyUI_00425_.png,https://drive.google.com/file/d/1TJfv_-0y2iTyx9A37wtg6vFZA-bRBZDY/view?usp=drivesdk,An organic object that feels textured to the touch and looks globe-shaped.,112,Red,Spring,Fruity,Small-Round,mandarin,1100
ComfyUI_00438_.png,https://drive.google.com/file/d/1VqZyqRwkjgw1NcwZuEVK8hjKZwGdDfhx/view?usp=drivesdk,An organic object that feels matte to the touch and looks circular.,146.8,Red,Autumn,Tart,Globular,mandarin,1101
ComfyUI_00437_.png,https://drive.google.com/file/d/1b6mVFO4-64GMtwjPpR7BRgB16yAfYCZA/view?usp=drivesdk,A small sample distinguishable by its golden hue and circular form.,72.6,Red,Spring,Fruity,Flattened,mandarin,1102
ComfyUI_00426_.png,https://drive.google.com/file/d/1dNKg-7qQHiEg12Lj5GJSD5ZmHtJab2X4/view?usp=drivesdk,A small spherical specimen with a textured orange-hued surface.,117.8,Red,Autumn,Fruity,Flattened,mandarin,1103
ComfyUI_00424_.png,https://drive.google.com/file/d/1jaGn69F4z-WF2gBuAHGUIsUk6GkoY0Fc/view?usp=drivesdk,A golden organic matter with a spherical silhouette.,51.8,Red,Autumn,Tart,Asymmetric,mandarin,1104
ComfyUI_00436_.png,https://drive.google.com/file/d/1lmbRjWqR9ydj3EfDr4z3eI1TaTGPZPz9/view?usp=drivesdk,A orange specimen with a round silhouette.,151.5,Red,Autumn,Sharp,Round,mandarin,1105
ComfyUI_00419_.png,https://drive.google.com/file/d/135usZbTJkoCKN11wc46aNirzTx84pwi8/view?usp=drivesdk,An organic organic matter that feels uneven to the touch and looks globe-shaped.,128.3,Red,Winter,Fruity,Globular,mandarin,1106
ComfyUI_00414_.png,https://drive.google.com/file/d/15DDLO50GiyM-GSoa4y5jpps1gaJyU7ux/view?usp=drivesdk,A orange-hued sample with a round silhouette.,152.2,Red,Winter,Juicy,Flattened,mandarin,1107
ComfyUI_00415_.png,https://drive.google.com/file/d/1A0yo8nHii0zPscaPJdmD_KpvIM_H-aGE/view?usp=drivesdk,A small item distinguishable by its orange hue and round form.,74.7,Red,Autumn,Fruity,Flattened,mandarin,1108
ComfyUI_00416_.png,https://drive.google.com/file/d/1Ez4Q6OK-TOIf4aPjPins3Tz2IWbmfLV6/view?usp=drivesdk,This object is globe-shaped and features a textured appearance.,114.7,Red,Winter,Sharp,Flattened,mandarin,1109
ComfyUI_00421_.png,https://drive.google.com/file/d/1MJJp1siY3xj1yUUZ3ySBhcWVRcubfcnu/view?usp=drivesdk,This specimen is round and features a uneven appearance.,137.3,Red,Winter,Sweet,Asymmetric,mandarin,1110
ComfyUI_00423_.png,https://drive.google.com/file/d/1OTCSMPDwhWMk6nmlZRQP49hZgLE7V0ke/view?usp=drivesdk,A warm-colored object with a orb-like silhouette.,90.2,Red,Spring,Sharp,Asymmetric,mandarin,1111
ComfyUI_00422_.png,https://drive.google.com/file/d/1XguEQ89JiJqrQGj4Wz4OiWcBhuiSxY5d/view?usp=drivesdk,A reddish object with a flattened silhouette.,121.2,Red,Spring,Tart,Round,mandarin,1112
ComfyUI_00413_.png,https://drive.google.com/file/d/1idWSOPziuelC6NvfO354kCCXMVzLCrfU/view?usp=drivesdk,A palm-sized round sample with a bumpy warm-colored surface.,148.1,Red,Spring,Juicy,Round,mandarin,1113
ComfyUI_00420_.png,https://drive.google.com/file/d/1nq8uDjJt-3tJZ1eCqigJQ2iOwk2PD5qP/view?usp=drivesdk,An organic item that feels rough to the touch and looks globe-shaped.,146.2,Red,Winter,Sweet,Asymmetric,mandarin,1114
ComfyUI_00418_.png,https://drive.google.com/file/d/1paRclIKMkgKfLnAn31_B53HzDERrB2t1/view?usp=drivesdk,A small specimen distinguishable by its warm-colored hue and spherical form.,85.6,Red,Winter,Juicy,Round,mandarin,1115
ComfyUI_00417_.png,https://drive.google.com/file/d/1uE83v904B4nfEt1mze1Ns9-2oK9En7ZJ/view?usp=drivesdk,An organic specimen that feels rough to the touch and looks flattened.,87.2,Red,Winter,Fruity,Flattened,mandarin,1116
ComfyUI_00404_.png,https://drive.google.com/file/d/11n5EOYv1Ng013y46PgMKMLnWQnvF7NIu/view?usp=drivesdk,A palm-sized circular specimen with a textured sunset-colored surface.,150.4,Red,Winter,Juicy,Globular,mandarin,1117
ComfyUI_00399_.png,https://drive.google.com/file/d/19n49EW1QK6oiMn6rxL9BFjVfWogi7ZYF/view?usp=drivesdk,A small orb-like specimen with a pitted orange surface.,194.5,Red,Spring,Tart,Round,mandarin,1118
ComfyUI_00407_.png,https://drive.google.com/file/d/1D5UI_nqulG13Zur-RlJ-2zTfIqNR9KZH/view?usp=drivesdk,This sample is round and features a textured appearance.,87.6,Red,Autumn,Fruity,Asymmetric,mandarin,1119
ComfyUI_00405_.png,https://drive.google.com/file/d/1K2_fyTOyDCdkgU634UuAmY8KWz_yVW28/view?usp=drivesdk,This specimen is circular and features a matte appearance.,184.1,Red,Spring,Sweet,Globular,mandarin,1120
ComfyUI_00401_.png,https://drive.google.com/file/d/1LQlyMNbuHS-FmorLc1tPK4eeGf2RB-Ac/view?usp=drivesdk,A small globe-shaped item with a uneven reddish surface.,77.6,Red,Winter,Sweet,Asymmetric,mandarin,1121
ComfyUI_00400_.png,https://drive.google.com/file/d/1RX-d3yVsxJofoW_w4xrISoJoGBI2QkZm/view?usp=drivesdk,A sunset-colored produce with a spherical silhouette.,170.8,Red,Autumn,Sweet,Small-Round,mandarin,1122
ComfyUI_00408_.png,https://drive.google.com/file/d/1e0H40uxK3lKFbgXh9Wm7YDXp-qpH0mxA/view?usp=drivesdk,This item is flattened and features a bumpy appearance.,163.8,Red,Spring,Tart,Globular,mandarin,1123
IMG_9607_aug3.jpg,https://drive.google.com/file/d/1DFboOGVn8DzEOsLQxHFGE_uxo9F_4JN9/view?usp=drivesdk,A small object distinguishable by its reddish hue and orb-like form.,85.3,Yellow,Winter,Sharp,Asymmetric,mandarin,1124
IMG_1105_aug2.jpg,https://drive.google.com/file/d/1VLUGTkRAtT9XMzBhSo-8uu-yPQFdzPND/view?usp=drivesdk,This sample is spherical and features a bumpy appearance.,146.6,Yellow,Spring,Sharp,Round,mandarin,1125
IMG_1105_aug1.jpg,https://drive.google.com/file/d/1jP9QlJVIC9BE3xpp1AOu8lgmX0Mewr5G/view?usp=drivesdk,A palm-sized specimen distinguishable by its reddish hue and flattened form.,141.3,Yellow,Winter,Fruity,Flattened,mandarin,1126
IMG_1105_aug3.jpg,https://drive.google.com/file/d/1mRExs8WAsfrQF3uzqR0qyT6UWhgkg-XO/view?usp=drivesdk,A warm-colored object with a orb-like silhouette.,105.5,Yellow,Autumn,Fruity,Round,mandarin,1127
IMG_9613_aug1.jpg,https://drive.google.com/file/d/10NDAnufJ4rOmP0xXyCLb0tbCCll8WV9q/view?usp=drivesdk,A small orb-like object with a matte sunset-colored surface.,125.2,Yellow,Autumn,Fruity,Asymmetric,mandarin,1128
IMG_9613_aug2.jpg,https://drive.google.com/file/d/15paBTC1PRVBZrNSbEqaFrPrkEay5Kk4n/view?usp=drivesdk,A warm-colored item with a globe-shaped silhouette.,115.7,Yellow,Spring,Sweet,Asymmetric,mandarin,1129
IMG_9613_aug3.jpg,https://drive.google.com/file/d/1VBf2A3PWAEYR3T_YuHhjuS5jg6Sqhh3U/view?usp=drivesdk,A small produce distinguishable by its reddish hue and globe-shaped form.,106.5,Yellow,Spring,Tart,Asymmetric,mandarin,1130
IMG_9607_aug1.jpg,https://drive.google.com/file/d/1YS0qhLak_KRpI4W01vwDBzgHxxD8OYP_/view?usp=drivesdk,This organic matter is circular and features a matte appearance.,126.5,Yellow,Spring,Juicy,Globular,mandarin,1131
IMG_9607_aug2.jpg,https://drive.google.com/file/d/1wrgwRureEVMXBNBLcMED1nnqOc6lwBfw/view?usp=drivesdk,An organic specimen that feels rough to the touch and looks orb-like.,155.2,Yellow,Spring,Sweet,Globular,mandarin,1132
IMG_9612_aug3.jpg,https://drive.google.com/file/d/13IMB8go9c5rPuue0r3Wz3AWjSaIkYVvL/view?usp=drivesdk,A small circular produce with a rough sunset-colored surface.,94.5,Orange,Spring,Juicy,Globular,mandarin,1133
IMG_9612_aug2.jpg,https://drive.google.com/file/d/13b-VW1IJBcQwSC2TFNZTR5FcyQ7oYLZZ/view?usp=drivesdk,This produce is orb-like and features a rough appearance.,133.3,Orange,Winter,Juicy,Globular,mandarin,1134
IMG_9612_aug1.jpg,https://drive.google.com/file/d/18vzPX7boxzQmWLdLsOgyhi5k0qjo5-xZ/view?usp=drivesdk,An organic produce that feels bumpy to the touch and looks globe-shaped.,108.3,Red,Winter,Sweet,Small-Round,mandarin,1135
IMG_9362_aug2.jpg,https://drive.google.com/file/d/10TEaWhK3cVz1KEzuHGFCb_xiPP2WwaJL/view?usp=drivesdk,This organic matter is flattened and features a textured appearance.,95.7,Yellow,Winter,Tart,Flattened,mandarin,1136
IMG_9606_aug3.jpg,https://drive.google.com/file/d/17pW4l6HTaGIjlSez2-GBxzGmrGq6qveX/view?usp=drivesdk,This produce is orb-like and features a textured appearance.,57.5,Yellow,Autumn,Juicy,Globular,mandarin,1137
IMG_9362_aug1.jpg,https://drive.google.com/file/d/1Qd4Qn0Neix757TvD8Z_wgon-ioTe2RGy/view?usp=drivesdk,A small object distinguishable by its reddish hue and spherical form.,155.4,Yellow,Spring,Tart,Asymmetric,mandarin,1138
IMG_9362_aug3.jpg,https://drive.google.com/file/d/1U7-I4WacAOIUNrfaOUjWqjsibXbW35wA/view?usp=drivesdk,A palm-sized object distinguishable by its sunset-colored hue and circular form.,136.6,Yellow,Spring,Tart,Asymmetric,mandarin,1139
IMG_9606_aug2.jpg,https://drive.google.com/file/d/1iEWgkAGQJO4FfUGxMj2avLmR1GILnblt/view?usp=drivesdk,A sunset-colored item with a round silhouette.,134.6,Orange,Spring,Fruity,Small-Round,mandarin,1140
IMG_9606_aug1.jpg,https://drive.google.com/file/d/1pWKzE8KS_Q4HP2AcO03oGRy-ccjHo0hd/view?usp=drivesdk,This organic matter is globe-shaped and features a uneven appearance.,145.5,Yellow,Winter,Tart,Round,mandarin,1141
IMG_1104_aug1.jpg,https://drive.google.com/file/d/1-H-ZRSrhGHo8gR-F2Wxs06EO5a7UAPjA/view?usp=drivesdk,A golden organic matter with a spherical silhouette.,65.6,Yellow,Autumn,Juicy,Globular,mandarin,1142
IMG_1104_aug2.jpg,https://drive.google.com/file/d/1hx-6r9MUl9hp2VUiyOIH0SZeAQOP8D9B/view?usp=drivesdk,A reddish object with a flattened silhouette.,90.1,Yellow,Spring,Juicy,Flattened,mandarin,1143
IMG_1104_aug3.jpg,https://drive.google.com/file/d/1luQ_0UB7MoVOb1ZXwBPo_-3kVE5oSuQD/view?usp=drivesdk,A small sample distinguishable by its reddish hue and round form.,92.4,Yellow,Winter,Sweet,Round,mandarin,1144
IMG_9599_aug3.jpg,https://drive.google.com/file/d/1EIyGBSNzK_l9FpzmDDKQpNxz3Q52Jjhr/view?usp=drivesdk,A small object distinguishable by its reddish hue and globe-shaped form.,158.6,Orange,Autumn,Sweet,Flattened,mandarin,1145
IMG_9599_aug1.jpg,https://drive.google.com/file/d/1FDW-CH8f5PAQ8jRcwwr79a3VS3PVv8dY/view?usp=drivesdk,A palm-sized object distinguishable by its reddish hue and flattened form.,141.9,Yellow,Winter,Juicy,Flattened,mandarin,1146
IMG_1106_aug1.jpg,https://drive.google.com/file/d/1K4BS-v3TSXcnr2ocrNgJW8BDeTvvaJlK/view?usp=drivesdk,An organic item that feels rough to the touch and looks flattened.,98.3,Yellow,Winter,Sweet,Round,mandarin,1147
IMG_9599_aug2.jpg,https://drive.google.com/file/d/1Z2S04ejv7OxeeXJal9r7UemvmlC6CmLy/view?usp=drivesdk,A small globe-shaped sample with a rough golden surface.,78,Red,Autumn,Sweet,Round,mandarin,1148
IMG_1106_aug2.jpg,https://drive.google.com/file/d/1gozNPpEc7Ui0Z8d1Glzo1_vgSxFOa0qS/view?usp=drivesdk,A palm-sized produce distinguishable by its warm-colored hue and orb-like form.,125.9,Red,Autumn,Juicy,Globular,mandarin,1149
IMG_1106_aug3.jpg,https://drive.google.com/file/d/1ySr_Cqp7A99CrgINuBd4EX0TbH5fnp_y/view?usp=drivesdk,This organic matter is round and features a textured appearance.,95.2,Yellow,Winter,Fruity,Asymmetric,mandarin,1150
IMG_1099_aug1.jpg,https://drive.google.com/file/d/1H9o3FizWcOGNwuYLRVSJkJ_tjfmDHjAs/view?usp=drivesdk,This specimen is circular and features a uneven appearance.,199.7,Yellow,Autumn,Fruity,Small-Round,mandarin,1151
IMG_1099_aug2.jpg,https://drive.google.com/file/d/1MbDnNPRVYfn67EtFV75ElqCl0KabFRFh/view?usp=drivesdk,A orange organic matter with a circular silhouette.,216.5,Yellow,Winter,Sharp,Flattened,mandarin,1152
IMG_1099_aug3.jpg,https://drive.google.com/file/d/1adAbumKegihKUtIt2Q8YmJ8FDy2SNP9G/view?usp=drivesdk,A orange object with a circular silhouette.,135.7,Yellow,Spring,Tart,Asymmetric,mandarin,1153
IMG_9348_aug1.jpg,https://drive.google.com/file/d/1S6Q5Av26e--Nk39ZrFGdw9kEo5Y9PDoX/view?usp=drivesdk,An organic sample that feels textured to the touch and looks orb-like.,88.7,Yellow,Spring,Tart,Round,mandarin,1154
IMG_9348_aug3.jpg,https://drive.google.com/file/d/1X5l6rM16OrjI43iKOxG5qf-kkEmKeXRQ/view?usp=drivesdk,A palm-sized circular sample with a matte sunset-colored surface.,146.6,Yellow,Autumn,Tart,Flattened,mandarin,1155
IMG_9348_aug2.jpg,https://drive.google.com/file/d/1lHK8vXiZE8qjBe96kSzAMniCO5d0LLVv/view?usp=drivesdk,A sunset-colored object with a spherical silhouette.,162.4,Yellow,Autumn,Fruity,Globular,mandarin,1156
IMG_9360_aug3.jpg,https://drive.google.com/file/d/1hQMr8hGGisiI0SdqzwjeuucSKbPQLjpD/view?usp=drivesdk,An organic object that feels textured to the touch and looks spherical.,154.2,Yellow,Winter,Tart,Round,mandarin,1157
IMG_9360_aug1.jpg,https://drive.google.com/file/d/1pb3JxazzmAQnta8HEyUSkpP-W3jlGE6A/view?usp=drivesdk,A palm-sized circular sample with a rough golden surface.,68,Yellow,Autumn,Sharp,Flattened,mandarin,1158
IMG_9360_aug2.jpg,https://drive.google.com/file/d/1xlsW4xrXJijqXvWjOS4gqqD38cgim_mt/view?usp=drivesdk,A orange item with a flattened silhouette.,40.7,Yellow,Spring,Sweet,Round,mandarin,1159
IMG_9610_aug2.jpg,https://drive.google.com/file/d/1nNfuo1iby3lPMeMUVfwNmgaDNcX-Wojl/view?usp=drivesdk,A small item distinguishable by its reddish hue and globe-shaped form.,141.3,Yellow,Autumn,Tart,Small-Round,mandarin,1160
IMG_9610_aug1.jpg,https://drive.google.com/file/d/1tLRr4aR1ac874rhQ0RethW5NzogikTr3/view?usp=drivesdk,A sunset-colored object with a round silhouette.,146.1,Brown,Spring,Sharp,Round,mandarin,1161
IMG_9610_aug3.jpg,https://drive.google.com/file/d/1uRMqg07QmTiEQuBtH3FUgAUZjp_hVYYx/view?usp=drivesdk,An organic organic matter that feels textured to the touch and looks circular.,115.5,Yellow,Winter,Tart,Round,mandarin,1162
IMG_9604_aug2.jpg,https://drive.google.com/file/d/10BpXuK5uQVT4jEbRk8XxoRV3X7QcVmpL/view?usp=drivesdk,A warm-colored item with a globe-shaped silhouette.,110.7,Yellow,Spring,Sharp,Asymmetric,mandarin,1163
IMG_9604_aug1.jpg,https://drive.google.com/file/d/1YFDFkc7cYf_HuehBiTqLWA0LihlN755g/view?usp=drivesdk,An organic specimen that feels bumpy to the touch and looks round.,131.1,Yellow,Spring,Juicy,Round,mandarin,1164
IMG_9604_aug3.jpg,https://drive.google.com/file/d/1xMpDWwvnvkFmfS98xRcCZ9Vi83RmxZyw/view?usp=drivesdk,An organic produce that feels textured to the touch and looks orb-like.,95.1,Yellow,Spring,Tart,Flattened,mandarin,1165
IMG_9605_aug2.jpg,https://drive.google.com/file/d/10EcsayquFpwWX-rVSyjSZ5oVfMNF0uXZ/view?usp=drivesdk,A small orb-like specimen with a uneven golden surface.,177.1,Yellow,Spring,Fruity,Round,mandarin,1166
IMG_9605_aug3.jpg,https://drive.google.com/file/d/1LyZKYPPD49lMZCPgCUNejZNZJcm-EfPd/view?usp=drivesdk,A sunset-colored organic matter with a orb-like silhouette.,123.5,Yellow,Autumn,Fruity,Globular,mandarin,1167
IMG_9605_aug1.jpg,https://drive.google.com/file/d/1x8qd6WmqN_YdJz6TwioPL0cx5SFNZprO/view?usp=drivesdk,A small spherical specimen with a matte sunset-colored surface.,94.7,Yellow,Autumn,Sharp,Asymmetric,mandarin,1168
IMG_9611_aug2.jpg,https://drive.google.com/file/d/13aNWGSRnZq-bMJDPhGvJ9B6vfoAsD396/view?usp=drivesdk,A warm-colored object with a globe-shaped silhouette.,150.8,Yellow,Winter,Sweet,Asymmetric,mandarin,1169
IMG_9611_aug3.jpg,https://drive.google.com/file/d/1K3G2hyXKFexzfsITrglnhaEMQIL7OFzh/view?usp=drivesdk,A reddish sample with a spherical silhouette.,39.8,Yellow,Winter,Tart,Small-Round,mandarin,1170
IMG_9611_aug1.jpg,https://drive.google.com/file/d/1moIX047U8ScKHuTzjeGmmff5Oq41g2eA/view?usp=drivesdk,An organic produce that feels rough to the touch and looks orb-like.,154,Yellow,Spring,Juicy,Round,mandarin,1171
IMG_9361_aug3.jpg,https://drive.google.com/file/d/1DeG9Rer1zjCbaoeaSPPaslF0aL_4GOla/view?usp=drivesdk,This object is spherical and features a bumpy appearance.,91,Yellow,Spring,Tart,Asymmetric,mandarin,1172
IMG_9361_aug1.jpg,https://drive.google.com/file/d/1f3DXHdzJTaR0_DPahhG5H8ryY7yz3M_I/view?usp=drivesdk,A palm-sized orb-like specimen with a textured warm-colored surface.,123.7,Yellow,Winter,Juicy,Globular,mandarin,1173
IMG_9361_aug2.jpg,https://drive.google.com/file/d/1mgfOnp8jcheTRTDOvEc5jkrQg_vO5iIz/view?usp=drivesdk,This produce is flattened and features a pitted appearance.,245.3,Yellow,Winter,Tart,Asymmetric,mandarin,1174
IMG_1098_aug2.jpg,https://drive.google.com/file/d/105dmlf5fgjPf5g_-LmLh_bRtb5iBZiNN/view?usp=drivesdk,This item is orb-like and features a matte appearance.,84.3,Yellow,Autumn,Tart,Flattened,mandarin,1175
IMG_9349_aug1.jpg,https://drive.google.com/file/d/17tonnB31XUmYkwLOD0YpS9AEKeJZ10Jk/view?usp=drivesdk,A small specimen distinguishable by its orange-hued hue and orb-like form.,130.7,Yellow,Autumn,Sweet,Globular,mandarin,1176
IMG_9349_aug3.jpg,https://drive.google.com/file/d/1mYhFFHKHP3RMD2HldmtzrCs-u9gio2A1/view?usp=drivesdk,A small produce distinguishable by its orange hue and flattened form.,93.5,Yellow,Winter,Sweet,Globular,mandarin,1177
IMG_1098_aug3.jpg,https://drive.google.com/file/d/1wM_oAxpNlFI6JIf6bodyvC4R3SMbVmk2/view?usp=drivesdk,A orange-hued produce with a round silhouette.,119.9,Yellow,Spring,Sweet,Small-Round,mandarin,1178
IMG_9349_aug2.jpg,https://drive.google.com/file/d/1zwfDdKVagg462dmn4J3xE2eFmAW6Ipz3/view?usp=drivesdk,A warm-colored produce with a orb-like silhouette.,143.5,Yellow,Spring,Fruity,Flattened,mandarin,1179
IMG_1107_aug1.jpg,https://drive.google.com/file/d/19dYh8IwUK_3gQMCUcusphAvXViRQ0CCr/view?usp=drivesdk,An organic specimen that feels pitted to the touch and looks spherical.,181.5,Yellow,Winter,Sweet,Asymmetric,mandarin,1180
IMG_1098_aug1.jpg,https://drive.google.com/file/d/1CI8XjgwdKRXt4j0X1C0vShQaq-IvQEbY/view?usp=drivesdk,An organic sample that feels rough to the touch and looks flattened.,176.9,Yellow,Autumn,Tart,Round,mandarin,1181
IMG_1107_aug3.jpg,https://drive.google.com/file/d/1RWHZ-leoDv1tenS-dUUGHDQ5N6BLb5Hy/view?usp=drivesdk,An organic item that feels pitted to the touch and looks flattened.,140.2,Yellow,Winter,Fruity,Asymmetric,mandarin,1182
IMG_1107_aug2.jpg,https://drive.google.com/file/d/1xZQU8cQnlVir_n7VAANn_JgDXVu92Evl/view?usp=drivesdk,This produce is flattened and features a bumpy appearance.,167.9,Yellow,Spring,Fruity,Flattened,mandarin,1183
IMG_9598_aug3.jpg,https://drive.google.com/file/d/1dBdGiW8V8Web4YqcFcB9JZi6CF2dVPlx/view?usp=drivesdk,This item is flattened and features a matte appearance.,129.4,Yellow,Spring,Sharp,Flattened,mandarin,1184
IMG_9598_aug1.jpg,https://drive.google.com/file/d/1dVULOlksIJyD3inmWavq9SJv8Ns-WRSV/view?usp=drivesdk,This sample is flattened and features a pitted appearance.,158.9,Brown,Autumn,Tart,Globular,mandarin,1185
IMG_9598_aug2.jpg,https://drive.google.com/file/d/1wFeeB4GnENoGGvj-pmxmzGX3dwpjKySI/view?usp=drivesdk,A warm-colored produce with a circular silhouette.,124,Orange,Autumn,Tart,Globular,mandarin,1186
IMG_1103_aug3.jpg,https://drive.google.com/file/d/10ojAo3DMRHyEPm0EO5OcD9IROTsgAWKJ/view?usp=drivesdk,This specimen is spherical and features a bumpy appearance.,109.4,Yellow,Spring,Juicy,Flattened,mandarin,1187
IMG_1103_aug2.jpg,https://drive.google.com/file/d/12aRheHcv-Dyvk5fbobWA_yOqkRJBMbN_/view?usp=drivesdk,An organic produce that feels matte to the touch and looks orb-like.,164.4,Yellow,Autumn,Juicy,Round,mandarin,1188
IMG_1103_aug1.jpg,https://drive.google.com/file/d/1YxUT6CB3DacFXyqsdW-SufRlbKmLjeuA/view?usp=drivesdk,A small circular organic matter with a uneven orange-hued surface.,185.2,Yellow,Winter,Sharp,Asymmetric,mandarin,1189
IMG_9359_aug2.jpg,https://drive.google.com/file/d/1-4FP_f1QLxV7tPQgvXL1O9LEfioJ164P/view?usp=drivesdk,An organic specimen that feels bumpy to the touch and looks round.,140.8,Yellow,Winter,Sharp,Asymmetric,mandarin,1190
IMG_9359_aug3.jpg,https://drive.google.com/file/d/1Kw-wmvGHYfmYXXjH9WjOJGbuO9rS9Reb/view?usp=drivesdk,This specimen is flattened and features a uneven appearance.,93.3,Yellow,Winter,Juicy,Asymmetric,mandarin,1191
IMG_9359_aug1.jpg,https://drive.google.com/file/d/1ON9BV4qQ3HAGlzXFGzm46mIniCTZyNPV/view?usp=drivesdk,A small orb-like produce with a uneven sunset-colored surface.,106.8,Yellow,Autumn,Sharp,Asymmetric,mandarin,1192
IMG_9615_aug1.jpg,https://drive.google.com/file/d/10JLepeb5L57cg3tmPn0luSF2FxHQaB4-/view?usp=drivesdk,A small item distinguishable by its sunset-colored hue and round form.,167,Yellow,Winter,Tart,Flattened,mandarin,1193
IMG_9615_aug2.jpg,https://drive.google.com/file/d/1MyHeWlFuLxdrDnK5YZNmt7eVPwe0UYXR/view?usp=drivesdk,A warm-colored produce with a orb-like silhouette.,153.9,Yellow,Spring,Sharp,Flattened,mandarin,1194
IMG_9615_aug3.jpg,https://drive.google.com/file/d/1YGGWksay_MTYesOtctVlbeSu6YHVkSdK/view?usp=drivesdk,A palm-sized object distinguishable by its warm-colored hue and spherical form.,152.2,Yellow,Autumn,Tart,Asymmetric,mandarin,1195
IMG_9601_aug3.jpg,https://drive.google.com/file/d/15SJ71GwTGKeMDIovI7AZfT8vlN_DjO_m/view?usp=drivesdk,This sample is orb-like and features a uneven appearance.,171.2,Yellow,Autumn,Juicy,Globular,mandarin,1196
IMG_9601_aug2.jpg,https://drive.google.com/file/d/1XUGGGII50YIvcs-weU_iwSJMe4gDoXLQ/view?usp=drivesdk,A orange-hued object with a circular silhouette.,202.6,Yellow,Spring,Sweet,Round,mandarin,1197
IMG_9601_aug1.jpg,https://drive.google.com/file/d/1YdqoNQ0Ws8hH0CKJmlfCmvee36xiEdz5/view?usp=drivesdk,This object is spherical and features a uneven appearance.,124.7,Yellow,Winter,Sharp,Globular,mandarin,1198
IMG_9600_aug2.jpg,https://drive.google.com/file/d/18zjE-9iBu77VymJ5Qqd5vlb3ijB2t-h8/view?usp=drivesdk,This produce is circular and features a matte appearance.,179.7,Orange,Autumn,Juicy,Small-Round,mandarin,1199
IMG_9600_aug3.jpg,https://drive.google.com/file/d/1BKtnJoOB3kvfwG_ACMHROcMb27K6H2at/view?usp=drivesdk,This item is globe-shaped and features a matte appearance.,83.8,Yellow,Spring,Tart,Asymmetric,mandarin,1200
IMG_9600_aug1.jpg,https://drive.google.com/file/d/1knELGLV6kONVojHExB-W_MmRxYzu-4yE/view?usp=drivesdk,A palm-sized object distinguishable by its golden hue and orb-like form.,131.2,Orange,Spring,Sweet,Small-Round,mandarin,1201
IMG_9614_aug2.jpg,https://drive.google.com/file/d/1S-5MStVICl5reg4_orQn_rqoagbKcDT0/view?usp=drivesdk,A palm-sized produce distinguishable by its reddish hue and orb-like form.,183.6,Yellow,Spring,Sweet,Asymmetric,mandarin,1202
IMG_9614_aug1.jpg,https://drive.google.com/file/d/1_kK47LaMuXEyQrzE1nUGG43kU3vttmnR/view?usp=drivesdk,A palm-sized item distinguishable by its sunset-colored hue and spherical form.,167.9,Yellow,Winter,Juicy,Flattened,mandarin,1203
IMG_9614_aug3.jpg,https://drive.google.com/file/d/1nXx2eKBMCDW-BtNOXWqQl3Hce1lxKgdJ/view?usp=drivesdk,This organic matter is round and features a bumpy appearance.,111.5,Yellow,Autumn,Fruity,Asymmetric,mandarin,1204
IMG_9358_aug1.jpg,https://drive.google.com/file/d/19wwNVvZWThsvbghq_CVPt1l-lp6tubOO/view?usp=drivesdk,An organic object that feels rough to the touch and looks globe-shaped.,90,Yellow,Spring,Sharp,Asymmetric,mandarin,1205
IMG_9358_aug3.jpg,https://drive.google.com/file/d/1Tu1ImD_ZeLpARibGTjLEh_Xq1FGJ8Ph5/view?usp=drivesdk,A palm-sized circular object with a bumpy golden surface.,145.7,Yellow,Winter,Tart,Round,mandarin,1206
IMG_9358_aug2.jpg,https://drive.google.com/file/d/1b-e4oSQak5K7Dg4foiW6jav-uvHXfZHN/view?usp=drivesdk,This specimen is round and features a textured appearance.,96.8,Yellow,Winter,Sweet,Asymmetric,mandarin,1207
IMG_1102_aug2.jpg,https://drive.google.com/file/d/1FfcGGYElHAx9kaBOPUVKYzqU1jVcHliC/view?usp=drivesdk,An organic object that feels rough to the touch and looks flattened.,172,Yellow,Autumn,Sharp,Round,mandarin,1208
IMG_1102_aug1.jpg,https://drive.google.com/file/d/1S_ATORdMziSjRI0zEz7GnGghzp47aA9V/view?usp=drivesdk,A palm-sized item distinguishable by its sunset-colored hue and round form.,110.2,Yellow,Autumn,Sharp,Globular,mandarin,1209
IMG_1102_aug3.jpg,https://drive.google.com/file/d/1wOxtd6BWwqAh_I2TBsFue_M-laZlZs7v/view?usp=drivesdk,A small circular produce with a uneven warm-colored surface.,117.5,Yellow,Autumn,Juicy,Small-Round,mandarin,1210
IMG_1100_aug3.jpg,https://drive.google.com/file/d/1IXuxknmRawRer7Tvs6MJ7NK6oIvQVacu/view?usp=drivesdk,A palm-sized flattened specimen with a matte golden surface.,88,Yellow,Autumn,Tart,Round,mandarin,1211
IMG_1100_aug1.jpg,https://drive.google.com/file/d/1_gwZV1wfwZlUGT1lRfSnPrVf6SNLTnMF/view?usp=drivesdk,This item is round and features a textured appearance.,99.6,Yellow,Spring,Sweet,Asymmetric,mandarin,1212
IMG_1100_aug2.jpg,https://drive.google.com/file/d/1f21hWnxziwVoQB3iHUH_ebHwT_kWoYER/view?usp=drivesdk,An organic object that feels uneven to the touch and looks orb-like.,180.3,Red,Spring,Tart,Globular,mandarin,1213
IMG_9603_aug1.jpg,https://drive.google.com/file/d/1BU9Vl8l9Wov7j2SrSL2r4xBSAq18D6dD/view?usp=drivesdk,A orange object with a spherical silhouette.,145,Yellow,Spring,Juicy,Small-Round,mandarin,1214
IMG_9602_aug2.jpg,https://drive.google.com/file/d/1Xei0W_Qt5nqUiGceAjU41VdNczZW6h57/view?usp=drivesdk,A orange-hued object with a flattened silhouette.,170.3,Orange,Winter,Fruity,Flattened,mandarin,1215
IMG_9602_aug1.jpg,https://drive.google.com/file/d/1_iJOOaQoSqEg7w2_dHti9b_v42UaXrIc/view?usp=drivesdk,A small round sample with a bumpy orange surface.,83.1,Yellow,Winter,Fruity,Round,mandarin,1216
IMG_9603_aug2.jpg,https://drive.google.com/file/d/1pBLMOCgtVV8ErQW4cXvZMH-w10RM1Gjq/view?usp=drivesdk,A small item distinguishable by its warm-colored hue and orb-like form.,103.4,Yellow,Winter,Juicy,Asymmetric,mandarin,1217
IMG_9602_aug3.jpg,https://drive.google.com/file/d/1saUmD1iO8yIl2RaEjw5nFyyPy8eaRAWE/view?usp=drivesdk,A orange organic matter with a orb-like silhouette.,186.7,Red,Spring,Fruity,Round,mandarin,1218
IMG_9603_aug3.jpg,https://drive.google.com/file/d/1v2qHKe5cPbxidATlXvOZJqYB9iug24UZ/view?usp=drivesdk,An organic organic matter that feels rough to the touch and looks flattened.,161.6,Yellow,Winter,Fruity,Globular,mandarin,1219
IMG_9300_aug2.jpg,https://drive.google.com/file/d/1PESar-vMyoAEgDxifV3gaBlG08XepZY9/view?usp=drivesdk,A small object distinguishable by its orange-hued hue and flattened form.,118.3,Yellow,Winter,Juicy,Small-Round,mandarin,1220
IMG_1101_aug1.jpg,https://drive.google.com/file/d/1ZfoJlnc_vVDbajF13LXwf1IhjBHnu8CD/view?usp=drivesdk,This organic matter is globe-shaped and features a bumpy appearance.,89.8,Orange,Autumn,Tart,Flattened,mandarin,1221
IMG_9300_aug1.jpg,https://drive.google.com/file/d/1bie7lfP3uDWWzFbQQ1v19fvvPZYh-KVq/view?usp=drivesdk,An organic item that feels uneven to the touch and looks spherical.,219.6,Yellow,Winter,Sharp,Globular,mandarin,1222
IMG_1101_aug3.jpg,https://drive.google.com/file/d/1e5BSM-HvuITFFI1D1vh2gSIpDROQ8MyN/view?usp=drivesdk,This sample is circular and features a textured appearance.,200,Orange,Winter,Juicy,Flattened,mandarin,1223
IMG_9300_aug3.jpg,https://drive.google.com/file/d/1JWIsdgK-TCvlCV0RIBuYZnnHzuWAZk33/view?usp=drivesdk,A small sample distinguishable by its orange-hued hue and flattened form.,128.9,Yellow,Spring,Sweet,Globular,mandarin,1224
IMG_1101_aug2.jpg,https://drive.google.com/file/d/1libyR_RohJh_7iOh_mNeyTLrGCESdcmy/view?usp=drivesdk,A small specimen distinguishable by its golden hue and orb-like form.,145.2,Yellow,Winter,Tart,Flattened,mandarin,1225
IMG_9314_aug3.jpg,https://drive.google.com/file/d/15FoFMbIVzLIrwon_5EKOnhmgIyIbPQhO/view?usp=drivesdk,An organic specimen that feels bumpy to the touch and looks flattened.,103,Yellow,Autumn,Sharp,Asymmetric,mandarin,1226
IMG_9314_aug1.jpg,https://drive.google.com/file/d/18J-cLeh3Pe1u_1KinNvHuQIMj0J1cy86/view?usp=drivesdk,A small circular sample with a uneven sunset-colored surface.,156.6,Yellow,Winter,Tart,Globular,mandarin,1227
IMG_9314_aug2.jpg,https://drive.google.com/file/d/1E8fG8tzZkfA_jC40bhLPIxjcqtPLuH5l/view?usp=drivesdk,A warm-colored object with a round silhouette.,207.2,Yellow,Winter,Juicy,Round,mandarin,1228
IMG_9315_aug3.jpg,https://drive.google.com/file/d/1W9hXBmE0AGlbsNcV3wfBUTU6g2krsRfS/view?usp=drivesdk,This item is globe-shaped and features a bumpy appearance.,136.2,Yellow,Winter,Sharp,Small-Round,mandarin,1229
IMG_9315_aug1.jpg,https://drive.google.com/file/d/1g6kXDjrMMIMPC_L6VOF80IxFM0kmIdxq/view?usp=drivesdk,A palm-sized round sample with a bumpy orange-hued surface.,170.7,Yellow,Spring,Juicy,Globular,mandarin,1230
IMG_9315_aug2.jpg,https://drive.google.com/file/d/1lNgTJfKhj8wzJ0FMmASVsjWsHQAnTJ1E/view?usp=drivesdk,A small specimen distinguishable by its sunset-colored hue and round form.,160.8,Green,Winter,Tart,Asymmetric,mandarin,1231
IMG_9301_aug3.jpg,https://drive.google.com/file/d/16ygE59Uwql5-vnHhLDFOCRL0VjO1ZS6B/view?usp=drivesdk,This sample is globe-shaped and features a pitted appearance.,103.4,Yellow,Autumn,Sweet,Flattened,mandarin,1232
IMG_9301_aug2.jpg,https://drive.google.com/file/d/1hcD3WcHBD7qs9o7npR_CjzElr3DNYkDN/view?usp=drivesdk,A orange sample with a spherical silhouette.,127.3,Yellow,Autumn,Sharp,Flattened,mandarin,1233
IMG_9301_aug1.jpg,https://drive.google.com/file/d/1raus8tXL7yjCxt6OXPqeNclRzrgh6p79/view?usp=drivesdk,An organic organic matter that feels uneven to the touch and looks circular.,112.7,Yellow,Spring,Sharp,Globular,mandarin,1234
IMG_9317_aug1.jpg,https://drive.google.com/file/d/1-k2LUrZZXKTGo1A1vxcNuxwdwdyri8YW/view?usp=drivesdk,A small specimen distinguishable by its reddish hue and circular form.,161.2,Brown,Winter,Sharp,Flattened,mandarin,1235
IMG_9317_aug3.jpg,https://drive.google.com/file/d/1OYKAa8IOc7Urg6ldWzhtAKogpAzHgqke/view?usp=drivesdk,This sample is flattened and features a rough appearance.,100.7,Brown,Spring,Juicy,Flattened,mandarin,1236
IMG_9303_aug2.jpg,https://drive.google.com/file/d/1R44ieTAeG2l6rwpDv7GFUvrMpspmwevZ/view?usp=drivesdk,This item is circular and features a pitted appearance.,136,Yellow,Autumn,Tart,Round,mandarin,1237
IMG_9317_aug2.jpg,https://drive.google.com/file/d/1Sjr2GHtZv5ijEtwXld5KUkwm8TsMZ7ce/view?usp=drivesdk,This object is orb-like and features a textured appearance.,134.9,Yellow,Autumn,Fruity,Small-Round,mandarin,1238
IMG_9303_aug1.jpg,https://drive.google.com/file/d/1_Ml7EHMjFcOSS8iCbwVgbTutFomnq-Kk/view?usp=drivesdk,A small orb-like item with a matte orange-hued surface.,160.4,Yellow,Autumn,Sweet,Flattened,mandarin,1239
IMG_9303_aug3.jpg,https://drive.google.com/file/d/1ohWJjGYyBenophhSgkwtlTDYbu3l41Zz/view?usp=drivesdk,A palm-sized circular object with a bumpy reddish surface.,163,Yellow,Spring,Juicy,Round,mandarin,1240
IMG_9128_aug1.jpg,https://drive.google.com/file/d/1-mQ-CTUI8mLXjs3MiT1SmloGAsXY7uMs/view?usp=drivesdk,This item is globe-shaped and features a matte appearance.,129.9,Yellow,Autumn,Sweet,Small-Round,mandarin,1241
IMG_9128_aug3.jpg,https://drive.google.com/file/d/12SXIu8KCMuPhhxrO4Ab240BVLCCd5GE_/view?usp=drivesdk,An organic specimen that feels matte to the touch and looks round.,217.1,Yellow,Winter,Sharp,Flattened,mandarin,1242
IMG_9302_aug2.jpg,https://drive.google.com/file/d/15zkBtjMca4lP2ag1HD65Kk6U__f2lUtU/view?usp=drivesdk,A palm-sized orb-like produce with a uneven orange surface.,147.5,Yellow,Winter,Fruity,Round,mandarin,1243
IMG_9128_aug2.jpg,https://drive.google.com/file/d/1A_sgVJNJbHAJOkSYBJGHbSfIOI4bWxgU/view?usp=drivesdk,An organic object that feels uneven to the touch and looks globe-shaped.,80.7,Yellow,Spring,Fruity,Globular,mandarin,1244
IMG_9302_aug1.jpg,https://drive.google.com/file/d/1BpJuqrvl0iEe2IyzgxEw-685ldLM8uSE/view?usp=drivesdk,This produce is flattened and features a rough appearance.,79.2,Yellow,Spring,Sweet,Globular,mandarin,1245
IMG_9129_aug1.jpg,https://drive.google.com/file/d/1F86CJIuSZ6c9eoQfmARUiSEKmx27Btws/view?usp=drivesdk,This produce is circular and features a uneven appearance.,118.7,Yellow,Winter,Juicy,Globular,mandarin,1246
IMG_9129_aug3.jpg,https://drive.google.com/file/d/1XSqM-luxChNH0fEE-Jc9xCz2H4cYXtDn/view?usp=drivesdk,A palm-sized spherical produce with a bumpy orange surface.,206.3,Yellow,Spring,Tart,Small-Round,mandarin,1247
IMG_9302_aug3.jpg,https://drive.google.com/file/d/1_4cFBlHaPr3_uGc7w7WpsOm2suc_oFDJ/view?usp=drivesdk,This object is circular and features a textured appearance.,125,Yellow,Spring,Juicy,Round,mandarin,1248
IMG_9129_aug2.jpg,https://drive.google.com/file/d/1rWfY30BjJA0E6sJuRJcaOKAm0U3U9OYy/view?usp=drivesdk,A small sample distinguishable by its warm-colored hue and orb-like form.,168.3,Yellow,Spring,Tart,Globular,mandarin,1249
IMG_9316_aug3.jpg,https://drive.google.com/file/d/10VSY1VthyjFS2g-bvBqnMI2LQK2QQkx1/view?usp=drivesdk,This object is circular and features a bumpy appearance.,149.6,Yellow,Spring,Juicy,Flattened,mandarin,1250
IMG_9316_aug2.jpg,https://drive.google.com/file/d/1XUobFUgETZHQSKESYNZH8IrvfAqWxlTi/view?usp=drivesdk,A small item distinguishable by its reddish hue and round form.,49.9,Yellow,Autumn,Fruity,Globular,mandarin,1251
IMG_9316_aug1.jpg,https://drive.google.com/file/d/1fDmhf-_YO4xT1UCGhIzjCqZRUIPvRFRz/view?usp=drivesdk,A golden object with a globe-shaped silhouette.,152.1,Yellow,Winter,Juicy,Flattened,mandarin,1252
IMG_9299_aug3.jpg,https://drive.google.com/file/d/1IZkoWrdxziA5gsCOYqzJvEBKsnddJev8/view?usp=drivesdk,An organic produce that feels uneven to the touch and looks globe-shaped.,142.7,Yellow,Winter,Sweet,Flattened,mandarin,1253
IMG_9299_aug2.jpg,https://drive.google.com/file/d/1bMfJUADsIKUAgg79kFhvNL3NzRxX-F6Z/view?usp=drivesdk,This specimen is globe-shaped and features a bumpy appearance.,98.4,Yellow,Winter,Juicy,Globular,mandarin,1254
IMG_9299_aug1.jpg,https://drive.google.com/file/d/1dIyjmTzJDYndO7OdjW_XiqgEzEhP1RiG/view?usp=drivesdk,An organic sample that feels bumpy to the touch and looks spherical.,133.3,Yellow,Spring,Tart,Small-Round,mandarin,1255
IMG_9312_aug3.jpg,https://drive.google.com/file/d/1EYJiauLTB2lk4Nuj0LOHuKVM1MNi2Uss/view?usp=drivesdk,This sample is circular and features a bumpy appearance.,161.4,Yellow,Winter,Sweet,Flattened,mandarin,1256
IMG_9312_aug2.jpg,https://drive.google.com/file/d/1WAbq0SPOJXGHxIRTArGxoHpfr5dyIV50/view?usp=drivesdk,A palm-sized flattened organic matter with a textured orange surface.,136.8,Yellow,Autumn,Fruity,Globular,mandarin,1257
IMG_9312_aug1.jpg,https://drive.google.com/file/d/1t6hGaY-YR9HOcYuz5uhorusqunTwLfJ4/view?usp=drivesdk,A small globe-shaped sample with a rough golden surface.,165.7,Yellow,Autumn,Juicy,Small-Round,mandarin,1258
IMG_9306_aug1.jpg,https://drive.google.com/file/d/1A_DA55HbSQV2CC4BwgA5qdfIBCOtwKwr/view?usp=drivesdk,A small globe-shaped produce with a matte reddish surface.,84,Yellow,Autumn,Juicy,Flattened,mandarin,1259
IMG_9306_aug2.jpg,https://drive.google.com/file/d/1RZWPqtDvdhE-GfozaASDEVZ0xz-0yB7O/view?usp=drivesdk,An organic sample that feels uneven to the touch and looks spherical.,120.3,Yellow,Spring,Tart,Globular,mandarin,1260
IMG_9306_aug3.jpg,https://drive.google.com/file/d/1phrmBKyfMu6D5pgXmd5NisbxUFT_2wN_/view?usp=drivesdk,A golden organic matter with a spherical silhouette.,67.7,Yellow,Spring,Fruity,Flattened,mandarin,1261
IMG_9313_aug2.jpg,https://drive.google.com/file/d/1BLRoM1YMALMMiaRxnqZ6HE0VeAGWwyLm/view?usp=drivesdk,A small spherical organic matter with a bumpy sunset-colored surface.,201,Yellow,Autumn,Fruity,Globular,mandarin,1262
IMG_9307_aug1.jpg,https://drive.google.com/file/d/1C7_sckBaqFOcdlAxPZtZkI37QkQf_atU/view?usp=drivesdk,A palm-sized item distinguishable by its warm-colored hue and round form.,140.5,Yellow,Spring,Juicy,Globular,mandarin,1263
IMG_9307_aug2.jpg,https://drive.google.com/file/d/1GVH7dtChJ2vsV2sQUvafHvDp5yaDd_kv/view?usp=drivesdk,This specimen is orb-like and features a uneven appearance.,95.1,Yellow,Winter,Fruity,Small-Round,mandarin,1264
IMG_9313_aug3.jpg,https://drive.google.com/file/d/1chAYVpXnUttR5W5fQs7QafNaCfDOzHdA/view?usp=drivesdk,A orange-hued sample with a circular silhouette.,170.4,Brown,Winter,Sharp,Flattened,mandarin,1265
IMG_9313_aug1.jpg,https://drive.google.com/file/d/1t0IKHTuxmojj5U1VLnSgcu32GTGK4l1D/view?usp=drivesdk,A golden produce with a circular silhouette.,87.9,Brown,Spring,Sweet,Asymmetric,mandarin,1266
IMG_9307_aug3.jpg,https://drive.google.com/file/d/1xGTSdEFNYGNH7g7NZokEjq6NRInH5u5M/view?usp=drivesdk,An organic specimen that feels uneven to the touch and looks orb-like.,99.8,Yellow,Winter,Sweet,Flattened,mandarin,1267
IMG_9298_aug2.jpg,https://drive.google.com/file/d/10kqPJsuLrmmFpitUFHMx0cfHUzl1TRSA/view?usp=drivesdk,A small organic matter distinguishable by its sunset-colored hue and flattened form.,124.6,Yellow,Spring,Tart,Globular,mandarin,1268
IMG_9298_aug3.jpg,https://drive.google.com/file/d/17VHaALf0_d8EQytT6asY0nuJf4QLcS5A/view?usp=drivesdk,A small produce distinguishable by its orange hue and circular form.,140.5,Yellow,Spring,Sharp,Flattened,mandarin,1269
IMG_9305_aug3.jpg,https://drive.google.com/file/d/1WxKgCU8aXpBi9gWwoqoDJfgNvOnOUGBs/view?usp=drivesdk,A small specimen distinguishable by its sunset-colored hue and orb-like form.,141.4,Yellow,Winter,Tart,Asymmetric,mandarin,1270
IMG_9298_aug1.jpg,https://drive.google.com/file/d/1xg9l-5kAjQagu5coC3TlWeiAWZRhYqUj/view?usp=drivesdk,A warm-colored specimen with a flattened silhouette.,64.2,Yellow,Autumn,Sharp,Round,mandarin,1271
IMG_9305_aug1.jpg,https://drive.google.com/file/d/1-6LMw-ZtL2tSywFt8nM_aSgJ9LUkYPHq/view?usp=drivesdk,A small orb-like object with a uneven reddish surface.,262.1,Yellow,Winter,Juicy,Round,mandarin,1272
IMG_9311_aug1.jpg,https://drive.google.com/file/d/1-LFtSPjnWTADUyDhLZvoRoYq2USEsSwD/view?usp=drivesdk,This specimen is globe-shaped and features a pitted appearance.,139.3,Yellow,Spring,Sweet,Globular,mandarin,1273
IMG_9311_aug3.jpg,https://drive.google.com/file/d/16I_oR-ZRTraEuatakQnAaPdc3hqlNiP5/view?usp=drivesdk,An organic organic matter that feels bumpy to the touch and looks globe-shaped.,168.6,Yellow,Winter,Fruity,Small-Round,mandarin,1274
IMG_9311_aug2.jpg,https://drive.google.com/file/d/1ASHipgyHgwqTThplnJ4IqOwHYxkxQSUL/view?usp=drivesdk,A palm-sized specimen distinguishable by its reddish hue and globe-shaped form.,112.6,Yellow,Winter,Sharp,Asymmetric,mandarin,1275
IMG_9305_aug2.jpg,https://drive.google.com/file/d/1YQoeyOAk4OUX78y2sKF7yFpH53PFiaRB/view?usp=drivesdk,A palm-sized circular produce with a uneven sunset-colored surface.,144.5,Yellow,Autumn,Juicy,Small-Round,mandarin,1276
IMG_9310_aug3.jpg,https://drive.google.com/file/d/16nUNLmhRLjoDsvQ69eUNFMZkEK1I0jV0/view?usp=drivesdk,A golden organic matter with a orb-like silhouette.,185.5,Yellow,Autumn,Juicy,Asymmetric,mandarin,1277
IMG_9310_aug2.jpg,https://drive.google.com/file/d/16WKfZdUYcs1SPWrKEOunt7eQ1tIVCYsl/view?usp=drivesdk,An organic produce that feels bumpy to the touch and looks round.,145.9,Yellow,Winter,Tart,Flattened,mandarin,1278
IMG_9310_aug1.jpg,https://drive.google.com/file/d/1D0YlG6hq_xd1nAqAuD-O6oGI_WBFqT8i/view?usp=drivesdk,This sample is flattened and features a uneven appearance.,134.2,Yellow,Spring,Fruity,Globular,mandarin,1279
IMG_9304_aug3.jpg,https://drive.google.com/file/d/1kuPpRbQPveLSAVbnXx3BocD-3r07vegc/view?usp=drivesdk,A orange sample with a circular silhouette.,96.8,Yellow,Spring,Sharp,Globular,mandarin,1280
IMG_9296_aug2.jpg,https://drive.google.com/file/d/1-IRKWMO-DFRqc2XGv4z0SJ_jd2pHJPb-/view?usp=drivesdk,This organic matter is round and features a uneven appearance.,156.3,Yellow,Winter,Tart,Asymmetric,mandarin,1281
IMG_9304_aug1.jpg,https://drive.google.com/file/d/13dqoh27RK5YxVkxwz9anZLVy_noDItHU/view?usp=drivesdk,A reddish object with a orb-like silhouette.,140.4,Yellow,Autumn,Juicy,Asymmetric,mandarin,1282
IMG_9304_aug2.jpg,https://drive.google.com/file/d/1rpcSGUIHaOWMEhiV-SqaTdJXnaZ66sVC/view?usp=drivesdk,A orange-hued organic matter with a orb-like silhouette.,147.4,Yellow,Spring,Fruity,Globular,mandarin,1283
IMG_9296_aug1.jpg,https://drive.google.com/file/d/1wFF_3KT-2YoKCFuGATD7UlgJHjVuXTV3/view?usp=drivesdk,A small globe-shaped specimen with a uneven sunset-colored surface.,112.9,Yellow,Winter,Fruity,Flattened,mandarin,1284
IMG_9296_aug3.jpg,https://drive.google.com/file/d/1wONqlfGeJalWf5VnWyRt-Z5TG_cZ3Xfo/view?usp=drivesdk,A palm-sized organic matter distinguishable by its orange-hued hue and flattened form.,136.2,Brown,Autumn,Sharp,Round,mandarin,1285
IMG_9309_aug3.jpg,https://drive.google.com/file/d/1GD_JAuR6ajdf5NwyO-heUeiPHcvV7Brn/view?usp=drivesdk,A sunset-colored object with a circular silhouette.,169.8,Yellow,Spring,Fruity,Flattened,mandarin,1286
IMG_9309_aug1.jpg,https://drive.google.com/file/d/1VYQsfkHMdtzz6m5PH_I1LqSqERowEMTA/view?usp=drivesdk,A small round organic matter with a uneven orange surface.,98.3,Yellow,Autumn,Juicy,Small-Round,mandarin,1287
IMG_9309_aug2.jpg,https://drive.google.com/file/d/1gH5AABy2EJd66DcYTVEXeTdwDlLPLkM1/view?usp=drivesdk,A palm-sized object distinguishable by its reddish hue and globe-shaped form.,90.3,Yellow,Autumn,Tart,Round,mandarin,1288
IMG_9320_aug3.jpg,https://drive.google.com/file/d/136r6yD7t6Ki6tupXsgqj4uHQUWQBv8Pg/view?usp=drivesdk,An organic sample that feels pitted to the touch and looks globe-shaped.,157.1,Yellow,Autumn,Juicy,Flattened,mandarin,1289
IMG_9321_aug3.jpg,https://drive.google.com/file/d/1BvmkVHObkMEOEcUu5tfyTjxEI--BmVzi/view?usp=drivesdk,A palm-sized specimen distinguishable by its reddish hue and flattened form.,128.2,Yellow,Winter,Sweet,Flattened,mandarin,1290
IMG_9321_aug1.jpg,https://drive.google.com/file/d/1Cqwk0pIqmOjegDzm2cxvlV46bjidL8AP/view?usp=drivesdk,A small object distinguishable by its warm-colored hue and round form.,106.7,Green,Winter,Sharp,Flattened,mandarin,1291
IMG_9321_aug2.jpg,https://drive.google.com/file/d/1SNY9-4Y1EqTQ-ikJcrJvMbWcBjhomIoM/view?usp=drivesdk,A small round object with a pitted warm-colored surface.,136.3,Yellow,Autumn,Sweet,Globular,mandarin,1292
IMG_9308_aug3.jpg,https://drive.google.com/file/d/193prrQX2KQuQJGYkHw3CSA5JDfGtGaXZ/view?usp=drivesdk,A orange-hued produce with a orb-like silhouette.,124.8,Yellow,Winter,Sharp,Globular,mandarin,1293
IMG_9320_aug1.jpg,https://drive.google.com/file/d/1CSnnFszaGuBgpzUfvMA2v_2iHw0-8KwW/view?usp=drivesdk,A reddish sample with a flattened silhouette.,163.7,Yellow,Winter,Juicy,Flattened,mandarin,1294
IMG_9308_aug2.jpg,https://drive.google.com/file/d/1IxKbYJOK6Pd6hRWUW_OJHINoQPgDo23u/view?usp=drivesdk,A small specimen distinguishable by its orange hue and orb-like form.,110,Yellow,Autumn,Fruity,Round,mandarin,1295
IMG_9320_aug2.jpg,https://drive.google.com/file/d/1JlfB8MHPw7IaiWnBdvY1ZsW4BsYVJNEI/view?usp=drivesdk,A orange-hued organic matter with a orb-like silhouette.,170.8,Yellow,Autumn,Juicy,Round,mandarin,1296
IMG_9308_aug1.jpg,https://drive.google.com/file/d/1ST_OJcu9kMUcliYjjBvmAgDpBq_QLzny/view?usp=drivesdk,This sample is round and features a uneven appearance.,108,Yellow,Winter,Tart,Globular,mandarin,1297
IMG_9295_aug3.jpg,https://drive.google.com/file/d/1-CZ9hiRnOqHpHbkBXiM5ezD09rWWDrWU/view?usp=drivesdk,A palm-sized organic matter distinguishable by its golden hue and circular form.,108.2,Yellow,Spring,Sharp,Small-Round,mandarin,1298
IMG_9295_aug1.jpg,https://drive.google.com/file/d/1032rT3rbm3wEORZIZAaGX7MCSFM2rjRT/view?usp=drivesdk,An organic specimen that feels uneven to the touch and looks round.,98,Yellow,Autumn,Fruity,Round,mandarin,1299
IMG_9297_aug2.jpg,https://drive.google.com/file/d/1d4YQY-8gKxGKgt40t71O1vl78lFFmz8J/view?usp=drivesdk,A orange object with a spherical silhouette.,183.9,Orange,Spring,Sharp,Flattened,mandarin,1300
IMG_9297_aug1.jpg,https://drive.google.com/file/d/1ntpylSgbZxyoJcVTP7cKBJNDdrtM6m5W/view?usp=drivesdk,A small flattened produce with a textured orange surface.,85.5,Yellow,Winter,Tart,Globular,mandarin,1301
IMG_9295_aug2.jpg,https://drive.google.com/file/d/1xqTFqOW9gWQJn0gqU8GO6uJO9tLP-IcT/view?usp=drivesdk,A palm-sized item distinguishable by its orange-hued hue and spherical form.,148.4,Yellow,Spring,Sharp,Small-Round,mandarin,1302
IMG_9297_aug3.jpg,https://drive.google.com/file/d/1zGLlzQDtXS2lSqhjglaqO_TOgUP9UDxA/view?usp=drivesdk,A small circular produce with a uneven golden surface.,101.3,Yellow,Spring,Juicy,Flattened,mandarin,1303
IMG_9322_aug3.jpg,https://drive.google.com/file/d/1G5wDCS3cBv1c7W_B0g_CfKS47eGCadTQ/view?usp=drivesdk,A orange item with a flattened silhouette.,113.5,Yellow,Spring,Juicy,Flattened,mandarin,1304
IMG_9322_aug1.jpg,https://drive.google.com/file/d/1tA-5qecU8BsMw5kWnrRVQNBcTnlk2_ro/view?usp=drivesdk,A small globe-shaped organic matter with a bumpy orange-hued surface.,136,Yellow,Autumn,Fruity,Flattened,mandarin,1305
IMG_9322_aug2.jpg,https://drive.google.com/file/d/1tFrGXSkC2iOZDaARJ2jhrroVUuN0INUG/view?usp=drivesdk,A golden sample with a circular silhouette.,119.2,Green,Autumn,Fruity,Globular,mandarin,1306
IMG_9323_aug1.jpg,https://drive.google.com/file/d/1PWVL1E6KpgNCOyvQLDK8XjWS_nsSlF2d/view?usp=drivesdk,A small spherical organic matter with a matte warm-colored surface.,105.5,Yellow,Winter,Fruity,Round,mandarin,1307
IMG_9323_aug3.jpg,https://drive.google.com/file/d/1Yo2rcxQA-KSlIaMNAx744ifHGdiCN_Nu/view?usp=drivesdk,A small item distinguishable by its reddish hue and globe-shaped form.,105.8,Green,Autumn,Sweet,Globular,mandarin,1308
IMG_9323_aug2.jpg,https://drive.google.com/file/d/1rlVwYCsGBe5ho0uBQ7B_mOeAGXic8em1/view?usp=drivesdk,This organic matter is circular and features a rough appearance.,140.7,Yellow,Spring,Fruity,Round,mandarin,1309
IMG_9294_aug1.jpg,https://drive.google.com/file/d/1Ng6tPs7mvAbx-qkNjQhRqpQ1dNc6n3T5/view?usp=drivesdk,This organic matter is round and features a pitted appearance.,181.5,Yellow,Winter,Sharp,Globular,mandarin,1310
IMG_9294_aug2.jpg,https://drive.google.com/file/d/1ZhGaEj4VCBai2wLwy_B5NY_ZubdU5Xj7/view?usp=drivesdk,This item is flattened and features a pitted appearance.,116.7,Yellow,Winter,Tart,Small-Round,mandarin,1311
IMG_9294_aug3.jpg,https://drive.google.com/file/d/1aXpny7OFnsDvcCiwcrQfLtnnCmWvhmNA/view?usp=drivesdk,A palm-sized flattened sample with a rough golden surface.,122.6,Yellow,Winter,Fruity,Round,mandarin,1312
IMG_9131_aug3.jpg,https://drive.google.com/file/d/1c2nOb83VqjSb3tl12Vai15Kny1e4lwFE/view?usp=drivesdk,A small produce distinguishable by its warm-colored hue and round form.,129.2,Yellow,Spring,Tart,Small-Round,mandarin,1313
IMG_9131_aug1.jpg,https://drive.google.com/file/d/1eoBcaCRldkEjzr0hEafobsZR1Fs6T94A/view?usp=drivesdk,A small produce distinguishable by its orange-hued hue and globe-shaped form.,179.9,Yellow,Winter,Fruity,Small-Round,mandarin,1314
IMG_9125_aug1.jpg,https://drive.google.com/file/d/1fYHMamS_g5FudYAdFfD7FjAfN-IZYocA/view?usp=drivesdk,A palm-sized orb-like produce with a bumpy golden surface.,130.7,Yellow,Winter,Juicy,Small-Round,mandarin,1315
IMG_9125_aug3.jpg,https://drive.google.com/file/d/1irea3U2gXQTWy4B_Yb_5rU7er89ZIBuH/view?usp=drivesdk,An organic sample that feels rough to the touch and looks circular.,173.1,Yellow,Winter,Sweet,Flattened,mandarin,1316
IMG_9131_aug2.jpg,https://drive.google.com/file/d/1ruvqTzI53mvfuujTTENxems0LB2nnP-T/view?usp=drivesdk,An organic specimen that feels uneven to the touch and looks circular.,188.2,Yellow,Autumn,Juicy,Round,mandarin,1317
IMG_9125_aug2.jpg,https://drive.google.com/file/d/1xWktR47hNkmoGZBAq4PfcSdnCllWyRau/view?usp=drivesdk,This sample is circular and features a matte appearance.,190.2,Yellow,Spring,Juicy,Asymmetric,mandarin,1318
IMG_9130_aug2.jpg,https://drive.google.com/file/d/148w5t5EN_od6EnKZ-eEFerpzKhHl-MK6/view?usp=drivesdk,An organic specimen that feels rough to the touch and looks round.,117.9,Yellow,Spring,Tart,Globular,mandarin,1319
IMG_9130_aug3.jpg,https://drive.google.com/file/d/1cQUibmndWjr0K2ZgmNCMaZ9uttzjvDfC/view?usp=drivesdk,A warm-colored organic matter with a orb-like silhouette.,74.1,Yellow,Autumn,Tart,Round,mandarin,1320
IMG_9130_aug1.jpg,https://drive.google.com/file/d/1oy4geZ-r7EaDy_Atdz503kPIYoNOIk5W/view?usp=drivesdk,A palm-sized produce distinguishable by its warm-colored hue and flattened form.,107.4,Yellow,Winter,Juicy,Globular,mandarin,1321
IMG_9291_aug2.jpg,https://drive.google.com/file/d/1Cbo0RqWcZijDefnvkjukhOuuLZdcLoNX/view?usp=drivesdk,A reddish specimen with a orb-like silhouette.,145.6,Yellow,Spring,Fruity,Asymmetric,mandarin,1322
IMG_9291_aug3.jpg,https://drive.google.com/file/d/1WNVn6xdAWN_mU20270jM-C3ufbJg0yQL/view?usp=drivesdk,A palm-sized globe-shaped object with a textured sunset-colored surface.,187.4,Yellow,Spring,Juicy,Round,mandarin,1323
IMG_9291_aug1.jpg,https://drive.google.com/file/d/11DKF_nTkt9MqLuZweQIZvTnZ4M2MVV4C/view?usp=drivesdk,An organic item that feels rough to the touch and looks spherical.,162.3,Yellow,Winter,Fruity,Globular,mandarin,1324
IMG_9293_aug2.jpg,https://drive.google.com/file/d/19dTA8dqbOvZGn9SjQv7pySy04h69TltE/view?usp=drivesdk,This produce is spherical and features a pitted appearance.,151.7,Yellow,Autumn,Sweet,Globular,mandarin,1325
IMG_9293_aug1.jpg,https://drive.google.com/file/d/1DPilW1fS8FI5LCFWNHpghmqlWJ6KcL3Z/view?usp=drivesdk,A warm-colored object with a circular silhouette.,63.5,Yellow,Spring,Juicy,Asymmetric,mandarin,1326
IMG_9293_aug3.jpg,https://drive.google.com/file/d/1enGSZKtsUsZYXyon_dsWQayUi4lMB7HO/view?usp=drivesdk,A small flattened specimen with a pitted reddish surface.,127,Yellow,Winter,Sweet,Round,mandarin,1327
IMG_9318_aug1.jpg,https://drive.google.com/file/d/1ZxOkmIZ8SbugDTI6_TplURwlCgeMrhhS/view?usp=drivesdk,This object is flattened and features a matte appearance.,158.5,Yellow,Autumn,Juicy,Globular,mandarin,1328
IMG_9318_aug3.jpg,https://drive.google.com/file/d/1e-ZFWmdC-vvhn__L58NOLfSSlBdxv4N4/view?usp=drivesdk,A orange produce with a orb-like silhouette.,162.6,Yellow,Spring,Juicy,Round,mandarin,1329
IMG_9318_aug2.jpg,https://drive.google.com/file/d/1j6AI-w4RtYNmlXL9HqwhrOH0msIceb3f/view?usp=drivesdk,A orange-hued produce with a round silhouette.,136.5,Yellow,Autumn,Sweet,Globular,mandarin,1330
IMG_9127_aug2.jpg,https://drive.google.com/file/d/11hbUP6wts-7LKtqJipX2dT220lxBJUz6/view?usp=drivesdk,This specimen is flattened and features a textured appearance.,123.1,Yellow,Spring,Juicy,Asymmetric,mandarin,1331
IMG_9126_aug3.jpg,https://drive.google.com/file/d/1BTH3MCaFwrBcfpJfVpOuGDrD5Y8-HdQI/view?usp=drivesdk,This organic matter is globe-shaped and features a matte appearance.,162.9,Yellow,Winter,Tart,Flattened,mandarin,1332
IMG_9126_aug1.jpg,https://drive.google.com/file/d/1H10_79MqhvbgSw75CInd6GwygztvaChk/view?usp=drivesdk,This sample is flattened and features a textured appearance.,151.8,Yellow,Autumn,Sharp,Round,mandarin,1333
IMG_9127_aug3.jpg,https://drive.google.com/file/d/1hZN30FO7KiEk6Q6LHJI10NXjELun3ncD/view?usp=drivesdk,This item is spherical and features a bumpy appearance.,68,Orange,Winter,Juicy,Flattened,mandarin,1334
IMG_9126_aug2.jpg,https://drive.google.com/file/d/1ipp2xzG8LR7RVhrTPcGomOl_mqcJ8-oU/view?usp=drivesdk,This item is globe-shaped and features a matte appearance.,100.8,Yellow,Winter,Tart,Asymmetric,mandarin,1335
IMG_9319_aug3.jpg,https://drive.google.com/file/d/12YuBBFTzGM6DBu8qu7OGceqrYeXZ_ZU8/view?usp=drivesdk,A sunset-colored produce with a spherical silhouette.,155.6,Yellow,Spring,Sharp,Small-Round,mandarin,1336
IMG_9319_aug1.jpg,https://drive.google.com/file/d/1b3TMTmRYiT4Nv1_SC3Ifn6AX1ERAIGmQ/view?usp=drivesdk,A orange-hued produce with a circular silhouette.,136.5,Yellow,Autumn,Tart,Globular,mandarin,1337
IMG_9127_aug1.jpg,https://drive.google.com/file/d/1tOZKaHSVuEfo1zLIkZd5yFVWvs3mIzEi/view?usp=drivesdk,This produce is globe-shaped and features a matte appearance.,115.7,Yellow,Autumn,Sharp,Small-Round,mandarin,1338
IMG_9319_aug2.jpg,https://drive.google.com/file/d/1zuAGmYDJuiSbCgD9Aci8kIWJdOc4njKC/view?usp=drivesdk,A golden object with a round silhouette.,95.9,Yellow,Autumn,Sweet,Small-Round,mandarin,1339
IMG_9292_aug1.jpg,https://drive.google.com/file/d/16WMtThrBOB-oJpmfONh-GiiUvYZ01PPj/view?usp=drivesdk,A palm-sized circular specimen with a textured orange surface.,71.7,Yellow,Spring,Fruity,Asymmetric,mandarin,1340
IMG_9292_aug2.jpg,https://drive.google.com/file/d/1A4fIfVKA3deUS99SkIiqcltB0RVEUNzP/view?usp=drivesdk,An organic item that feels uneven to the touch and looks circular.,113,Yellow,Winter,Sharp,Globular,mandarin,1341
IMG_9292_aug3.jpg,https://drive.google.com/file/d/1y1turhbbs589hpAbUPfuPPt_LIFdDaIT/view?usp=drivesdk,A warm-colored produce with a globe-shaped silhouette.,113.3,Yellow,Winter,Sharp,Small-Round,mandarin,1342
IMG_9342_aug1.jpg,https://drive.google.com/file/d/10r2WfDsYsIgfsRjCE710vXYA38Lpfs4N/view?usp=drivesdk,A small organic matter distinguishable by its golden hue and circular form.,158.5,Yellow,Autumn,Juicy,Round,mandarin,1343
IMG_9342_aug3.jpg,https://drive.google.com/file/d/12u8I49RIRmN_ISIdLSTx39ijJZ4_C83v/view?usp=drivesdk,An organic produce that feels uneven to the touch and looks spherical.,94.8,Orange,Winter,Tart,Small-Round,mandarin,1344
IMG_1093_aug2.jpg,https://drive.google.com/file/d/16FZRZnRIKfsk3W8laZA2OT_7B516BRkq/view?usp=drivesdk,A palm-sized specimen distinguishable by its orange-hued hue and globe-shaped form.,113.4,Yellow,Spring,Sharp,Round,mandarin,1345
IMG_1093_aug1.jpg,https://drive.google.com/file/d/1NRiRBqIRmf9h6rJmEEBobzkga2sqw20N/view?usp=drivesdk,A palm-sized circular specimen with a rough warm-colored surface.,129.7,Red,Winter,Tart,Round,mandarin,1346
IMG_9342_aug2.jpg,https://drive.google.com/file/d/1jABLzDCHDm1HuWtQKGwk_sydktNLl4BF/view?usp=drivesdk,A small specimen distinguishable by its orange-hued hue and circular form.,92.6,Orange,Autumn,Juicy,Round,mandarin,1347
IMG_1093_aug3.jpg,https://drive.google.com/file/d/1qhBR7c1k8KOCtiKrFpokQSH8l5YFhYpH/view?usp=drivesdk,This specimen is spherical and features a bumpy appearance.,222.9,Yellow,Spring,Fruity,Small-Round,mandarin,1348
IMG_9356_aug1.jpg,https://drive.google.com/file/d/1KAeMjv-rHKT6nCvce9uaMQIdMi5oH8EE/view?usp=drivesdk,A small orb-like organic matter with a uneven reddish surface.,148.9,Yellow,Spring,Tart,Flattened,mandarin,1349
IMG_9357_aug1.jpg,https://drive.google.com/file/d/1_CBSsd6BdzgIUqVKYdBoRbl93zyZq074/view?usp=drivesdk,An organic organic matter that feels pitted to the touch and looks globe-shaped.,53.5,Yellow,Spring,Tart,Flattened,mandarin,1350
IMG_9356_aug3.jpg,https://drive.google.com/file/d/1gqcC-98xBsRRvLStwYbY_0qW4XA29Nki/view?usp=drivesdk,A palm-sized sample distinguishable by its warm-colored hue and flattened form.,134.2,Yellow,Spring,Tart,Small-Round,mandarin,1351
IMG_9357_aug3.jpg,https://drive.google.com/file/d/1pBR12YO-y1ZAN8Ch7XaCqLmYV3YllWqo/view?usp=drivesdk,A warm-colored organic matter with a spherical silhouette.,113.6,Yellow,Spring,Sweet,Asymmetric,mandarin,1352
IMG_9357_aug2.jpg,https://drive.google.com/file/d/1wXMmiRBe7pzDK9ZTja5QahRUmzezIwBM/view?usp=drivesdk,A small item distinguishable by its golden hue and spherical form.,113.4,Yellow,Autumn,Sharp,Globular,mandarin,1353
IMG_9356_aug2.jpg,https://drive.google.com/file/d/1yJivraERfFmAKNHYVYFteHrNGFOp9iH-/view?usp=drivesdk,An organic object that feels rough to the touch and looks spherical.,127.3,Yellow,Autumn,Sharp,Flattened,mandarin,1354
IMG_9343_aug3.jpg,https://drive.google.com/file/d/14DywQEr5rRt3hhQCyfvHJzClalohraXq/view?usp=drivesdk,An organic object that feels pitted to the touch and looks flattened.,131,Yellow,Spring,Tart,Round,mandarin,1355
IMG_9343_aug2.jpg,https://drive.google.com/file/d/1EurCmEejmcoGJYe-W35KCQAbTkbCyCmP/view?usp=drivesdk,A palm-sized spherical sample with a textured reddish surface.,158.7,Yellow,Spring,Tart,Flattened,mandarin,1356
IMG_9343_aug1.jpg,https://drive.google.com/file/d/1hdjmVnLI-Tl8YUgjgnGWQh6QXZ7QjkbQ/view?usp=drivesdk,An organic item that feels textured to the touch and looks circular.,134,Yellow,Autumn,Sweet,Flattened,mandarin,1357
IMG_1092_aug2.jpg,https://drive.google.com/file/d/18LV7tOmIRT1Hho8mrdBVzhp-M_oUAUDg/view?usp=drivesdk,A small object distinguishable by its warm-colored hue and round form.,143.9,Yellow,Spring,Sweet,Flattened,mandarin,1358
IMG_1092_aug3.jpg,https://drive.google.com/file/d/1CdUoM6WSGxlMArSWSXTkm1uc0l_a1J27/view?usp=drivesdk,A palm-sized organic matter distinguishable by its reddish hue and globe-shaped form.,175.8,Yellow,Spring,Sharp,Small-Round,mandarin,1359
IMG_1092_aug1.jpg,https://drive.google.com/file/d/1D3q0CnBgvunDNOmu1_qWQQSH6Sr0bZGv/view?usp=drivesdk,A palm-sized produce distinguishable by its orange-hued hue and orb-like form.,138.5,Yellow,Autumn,Sweet,Small-Round,mandarin,1360
IMG_9355_aug2.jpg,https://drive.google.com/file/d/12A0WpOSwBX0mKk7ZNtTA7sk6Ia64zAgb/view?usp=drivesdk,A reddish sample with a round silhouette.,152.1,Yellow,Spring,Sharp,Round,mandarin,1361
IMG_9355_aug3.jpg,https://drive.google.com/file/d/1C_37GZpJ4syAAB84Cz9f0xb8YKMKJYuk/view?usp=drivesdk,A golden specimen with a flattened silhouette.,159.8,Yellow,Autumn,Juicy,Small-Round,mandarin,1362
IMG_9355_aug1.jpg,https://drive.google.com/file/d/1fENu2XSdxJcpSGQiCu7R4sH8akTxbGSy/view?usp=drivesdk,A golden specimen with a spherical silhouette.,92.4,Yellow,Spring,Tart,Flattened,mandarin,1363
IMG_9354_aug1.jpg,https://drive.google.com/file/d/1fxZuNZ-89aCC5RdLrEHclRO92YN74tHG/view?usp=drivesdk,A orange-hued specimen with a globe-shaped silhouette.,71.4,Brown,Spring,Sweet,Flattened,mandarin,1364
IMG_9354_aug3.jpg,https://drive.google.com/file/d/1qcYwz0gx2e4vXRz07Va-o-nVnP3CW2FD/view?usp=drivesdk,This produce is circular and features a uneven appearance.,194.8,Brown,Autumn,Sharp,Asymmetric,mandarin,1365
IMG_9354_aug2.jpg,https://drive.google.com/file/d/1x1BQHBne8dYSHBLk8hFuXnN7V6SbJWdD/view?usp=drivesdk,A sunset-colored sample with a spherical silhouette.,78.2,Yellow,Winter,Sharp,Flattened,mandarin,1366
IMG_9350_aug2.jpg,https://drive.google.com/file/d/13T3nJR5xvbpgRLMG0C7npxdPdUVmgyor/view?usp=drivesdk,An organic sample that feels rough to the touch and looks spherical.,109.2,Yellow,Winter,Sharp,Flattened,mandarin,1367
IMG_1095_aug2.jpg,https://drive.google.com/file/d/1Bgc57S4fMuE9P716jQL5mZQYA8BuuElA/view?usp=drivesdk,A golden item with a round silhouette.,181.9,Orange,Spring,Juicy,Small-Round,mandarin,1368
IMG_1091_aug1.jpg,https://drive.google.com/file/d/1GVdQ0rZEJ53nBg0B16G8lEuxEHFF8HL3/view?usp=drivesdk,This specimen is spherical and features a bumpy appearance.,181.5,Red,Winter,Tart,Globular,mandarin,1369
IMG_1095_aug1.jpg,https://drive.google.com/file/d/1IGDGy3pbMqZMi-fqfWa1ner2ITJSk5A2/view?usp=drivesdk,A small spherical object with a textured orange-hued surface.,75.4,Orange,Autumn,Sharp,Flattened,mandarin,1370
IMG_9344_aug3.jpg,https://drive.google.com/file/d/1LGp6UuWs3kL9iJQaBSEN5dVFxNM7n_n1/view?usp=drivesdk,An organic specimen that feels pitted to the touch and looks circular.,89.1,Yellow,Winter,Sharp,Asymmetric,mandarin,1371
IMG_1091_aug3.jpg,https://drive.google.com/file/d/1Q97uRUPvgRAq8tX2RCTbGloWlMkz3Bof/view?usp=drivesdk,A warm-colored organic matter with a spherical silhouette.,205.2,Red,Winter,Tart,Asymmetric,mandarin,1372
IMG_9344_aug2.jpg,https://drive.google.com/file/d/1QhhiVZcasxoM7DRYDquujXivXmLbc7Ki/view?usp=drivesdk,A palm-sized globe-shaped produce with a rough warm-colored surface.,79.2,Yellow,Winter,Sharp,Asymmetric,mandarin,1373
IMG_1091_aug2.jpg,https://drive.google.com/file/d/1SpgYPYm937WLg8MKTO1mwtjr1jVe6_R4/view?usp=drivesdk,A orange specimen with a round silhouette.,180.3,Dark Red,Autumn,Sweet,Round,mandarin,1374
IMG_1095_aug3.jpg,https://drive.google.com/file/d/1g9VWQzjIt4X9L5-cM5o63V_FyvERbn2L/view?usp=drivesdk,This sample is orb-like and features a bumpy appearance.,109.6,Red,Spring,Juicy,Small-Round,mandarin,1375
IMG_9350_aug3.jpg,https://drive.google.com/file/d/1j_cbleIo7WwHhtL_rW5M1kQsVnIgA5Dy/view?usp=drivesdk,A palm-sized flattened sample with a uneven reddish surface.,123.1,Yellow,Winter,Sharp,Round,mandarin,1376
IMG_9350_aug1.jpg,https://drive.google.com/file/d/1uD06N5UqW9fmICy1h2933IcPTjoDn3Rw/view?usp=drivesdk,A orange-hued item with a round silhouette.,218.8,Yellow,Spring,Sharp,Round,mandarin,1377
IMG_9344_aug1.jpg,https://drive.google.com/file/d/1-Af-mZhT_iJZlDfQlbISDnZO_BdJDZ8C/view?usp=drivesdk,A small organic matter distinguishable by its warm-colored hue and flattened form.,48.1,Yellow,Spring,Juicy,Asymmetric,mandarin,1378
IMG_9608_aug3.jpg,https://drive.google.com/file/d/19BIkMHlISzhXDvfsF-ZM1WF4iXVM5w81/view?usp=drivesdk,An organic sample that feels bumpy to the touch and looks round.,111.7,Yellow,Winter,Juicy,Round,mandarin,1379
IMG_9608_aug1.jpg,https://drive.google.com/file/d/1Ln23z3hXScudjqrU6hYChPiTDmVQWlus/view?usp=drivesdk,A orange-hued object with a orb-like silhouette.,139.2,Yellow,Spring,Sweet,Flattened,mandarin,1380
IMG_9608_aug2.jpg,https://drive.google.com/file/d/1dnYd9bl8aVozSGfbDfi3N16Y-354rxcZ/view?usp=drivesdk,A small specimen distinguishable by its orange hue and flattened form.,141.9,Yellow,Spring,Sharp,Globular,mandarin,1381
IMG_9609_aug3.jpg,https://drive.google.com/file/d/1CDhmbGrYtQLqMgtKEluhLQ3-vfybOOzd/view?usp=drivesdk,This organic matter is circular and features a textured appearance.,120.9,Yellow,Winter,Juicy,Globular,mandarin,1382
IMG_9609_aug1.jpg,https://drive.google.com/file/d/1PCatUnOTWC9SxY5noqVQ2W0ostzRKf2l/view?usp=drivesdk,A palm-sized orb-like object with a bumpy golden surface.,165.4,Yellow,Winter,Sweet,Flattened,mandarin,1383
IMG_9609_aug2.jpg,https://drive.google.com/file/d/1UsGGej2iipZ4tYAlyldR3kni78D4T1uD/view?usp=drivesdk,An organic object that feels bumpy to the touch and looks flattened.,106.9,Orange,Winter,Sharp,Small-Round,mandarin,1384
IMG_9351_aug2.jpg,https://drive.google.com/file/d/169uW885MeiOEooG2rydvEKM24sKi6Upm/view?usp=drivesdk,This organic matter is orb-like and features a uneven appearance.,157.4,Yellow,Winter,Fruity,Globular,mandarin,1385
IMG_9345_aug2.jpg,https://drive.google.com/file/d/195poJCZNb61sv7eLH49iKYlV2f45udSP/view?usp=drivesdk,A small sample distinguishable by its reddish hue and round form.,168.8,Yellow,Winter,Juicy,Flattened,mandarin,1386
IMG_9351_aug1.jpg,https://drive.google.com/file/d/1XKOGvge2kPO7faLkoCL2kx--TA0BYwc9/view?usp=drivesdk,A palm-sized circular object with a textured warm-colored surface.,128.6,Yellow,Spring,Juicy,Round,mandarin,1387
IMG_9345_aug1.jpg,https://drive.google.com/file/d/1_DxpSFOe3EpUOvCBBEG4FlW8H92WmzFs/view?usp=drivesdk,A palm-sized specimen distinguishable by its warm-colored hue and globe-shaped form.,116.7,Brown,Spring,Fruity,Small-Round,mandarin,1388
IMG_9345_aug3.jpg,https://drive.google.com/file/d/1oWwQUB9y_4Tkw3wNupnuioyhmTawlJ3r/view?usp=drivesdk,A small orb-like sample with a bumpy orange surface.,167.7,Yellow,Autumn,Sharp,Globular,mandarin,1389
IMG_9351_aug3.jpg,https://drive.google.com/file/d/1xpVSD5BZ-OyeGluecGEmpWbN3HZRWRbG/view?usp=drivesdk,An organic object that feels bumpy to the touch and looks round.,107.8,Yellow,Spring,Tart,Round,mandarin,1390
IMG_1094_aug2.jpg,https://drive.google.com/file/d/12362BJyEXiZKo75_2ufW2wZ36XzNv8XW/view?usp=drivesdk,A palm-sized orb-like object with a textured golden surface.,140.3,Yellow,Spring,Sharp,Globular,mandarin,1391
IMG_1094_aug3.jpg,https://drive.google.com/file/d/14C2fA2tsu9P_aHKzpljg1CgnuPjZMXhw/view?usp=drivesdk,A sunset-colored specimen with a orb-like silhouette.,71.3,Yellow,Spring,Juicy,Round,mandarin,1392
IMG_1094_aug1.jpg,https://drive.google.com/file/d/1EM8__1XjMrG99HTaT794u_3b2feoLD4t/view?usp=drivesdk,A palm-sized globe-shaped object with a pitted orange surface.,107.3,Yellow,Winter,Sweet,Asymmetric,mandarin,1393
IMG_0942_aug2.jpg,https://drive.google.com/file/d/1T8BlO8bns-yeN747q29Xz-NoE8Vtp4-w/view?usp=drivesdk,A small organic matter distinguishable by its sunset-colored hue and flattened form.,204.8,Brown,Spring,Sweet,Small-Round,mandarin,1394
IMG_0942_aug1.jpg,https://drive.google.com/file/d/1y7hCjq4YIBsG5JEIeXas1ZKBS5LxQwy-/view?usp=drivesdk,A palm-sized specimen distinguishable by its warm-colored hue and circular form.,43.3,Yellow,Autumn,Sweet,Asymmetric,mandarin,1395
IMG_0942_aug3.jpg,https://drive.google.com/file/d/1yzzLt_QKezxfG9nYGA78a2QCfLYAqJiC/view?usp=drivesdk,A small item distinguishable by its orange-hued hue and spherical form.,227,Brown,Spring,Tart,Small-Round,mandarin,1396
IMG_0940_aug3.jpg,https://drive.google.com/file/d/144M-GnhUTN1ZTFSrC-DtvFg_sRtk6LnY/view?usp=drivesdk,This object is flattened and features a rough appearance.,195.2,Orange,Spring,Sharp,Asymmetric,mandarin,1397
IMG_0940_aug1.jpg,https://drive.google.com/file/d/19RHpvJkVUL1yzPZOrNu8MNZ2SmnTJ-H4/view?usp=drivesdk,This organic matter is globe-shaped and features a uneven appearance.,114.2,Yellow,Winter,Tart,Globular,mandarin,1398
IMG_0940_aug2.jpg,https://drive.google.com/file/d/1PjTgWpVAoVRAiaKgLhp1nUrrsYdKbcRI/view?usp=drivesdk,An organic sample that feels pitted to the touch and looks orb-like.,100.4,Yellow,Winter,Tart,Small-Round,mandarin,1399
IMG_9596_aug1.jpg,https://drive.google.com/file/d/1BUh-Jj7R_CF2do88q8altiDcdFDL8gGX/view?usp=drivesdk,A orange object with a spherical silhouette.,64,Orange,Autumn,Sweet,Globular,mandarin,1400
IMG_1096_aug2.jpg,https://drive.google.com/file/d/1dUk9qmJn9iex5rZ4DoRQH3VSESLOGguw/view?usp=drivesdk,A warm-colored sample with a globe-shaped silhouette.,164.6,Yellow,Autumn,Fruity,Globular,mandarin,1401
IMG_1096_aug1.jpg,https://drive.google.com/file/d/1f6aWmuwHkKve3AsZEUWWSsJY0FIGn_Km/view?usp=drivesdk,A palm-sized flattened organic matter with a rough warm-colored surface.,76.4,Yellow,Winter,Sharp,Round,mandarin,1402
IMG_9596_aug2.jpg,https://drive.google.com/file/d/1vjpZNCbnhPh_ZaYcnbzegMkzTp1V8MFX/view?usp=drivesdk,This specimen is flattened and features a bumpy appearance.,100.5,Yellow,Spring,Juicy,Globular,mandarin,1403
IMG_1096_aug3.jpg,https://drive.google.com/file/d/1wQ1YRZ14GQHzo4IlOLRZ-tAGinI835Ak/view?usp=drivesdk,An organic sample that feels pitted to the touch and looks spherical.,175.4,Yellow,Spring,Fruity,Flattened,mandarin,1404
IMG_9596_aug3.jpg,https://drive.google.com/file/d/1zntOCf6XmkhVfOcNgMnUm6IDigGupp4-/view?usp=drivesdk,A small object distinguishable by its sunset-colored hue and circular form.,96.3,Orange,Winter,Sweet,Flattened,mandarin,1405
IMG_9353_aug3.jpg,https://drive.google.com/file/d/14w-XMV4pbMnuxLSPcoBnCU43vmyIva9T/view?usp=drivesdk,This specimen is flattened and features a bumpy appearance.,128.1,Brown,Winter,Fruity,Globular,mandarin,1406
IMG_9352_aug1.jpg,https://drive.google.com/file/d/1BkpR8VdCIGQ3etIgzDCFdLMYxdpR-bgx/view?usp=drivesdk,A small flattened item with a textured golden surface.,123.6,Yellow,Winter,Juicy,Flattened,mandarin,1407
IMG_9352_aug3.jpg,https://drive.google.com/file/d/1P1R6n6akLdAr0opPxk9IUqLZpVcK9oFn/view?usp=drivesdk,A palm-sized round sample with a uneven warm-colored surface.,161.2,Yellow,Winter,Tart,Globular,mandarin,1408
IMG_9352_aug2.jpg,https://drive.google.com/file/d/1WuNEgsYAFzgpl8oqbNIwxOTmNgop07SV/view?usp=drivesdk,A small flattened produce with a uneven warm-colored surface.,117.2,Yellow,Spring,Juicy,Small-Round,mandarin,1409
IMG_9353_aug1.jpg,https://drive.google.com/file/d/1pUJIobZi4KExWD_1RNazAo4DpKDWSvAW/view?usp=drivesdk,A reddish item with a globe-shaped silhouette.,141.8,Brown,Autumn,Tart,Round,mandarin,1410
IMG_9353_aug2.jpg,https://drive.google.com/file/d/1xF6eTMllmehHhZcmPSlbvVCHuMkXum5R/view?usp=drivesdk,A palm-sized orb-like item with a uneven warm-colored surface.,70,Yellow,Winter,Juicy,Globular,mandarin,1411
IMG_9346_aug2.jpg,https://drive.google.com/file/d/199dOD0dG8fSZljrXq4t8x3fCqMpZ7caU/view?usp=drivesdk,A palm-sized globe-shaped produce with a textured warm-colored surface.,77.5,Yellow,Autumn,Fruity,Globular,mandarin,1412
IMG_9346_aug1.jpg,https://drive.google.com/file/d/1TzbVoabZO2gyYL8LzTM3OSrJ8gFuhHRp/view?usp=drivesdk,A golden specimen with a spherical silhouette.,130,Yellow,Winter,Juicy,Round,mandarin,1413
IMG_9346_aug3.jpg,https://drive.google.com/file/d/1uqzuTE1v4jk1p9UQUxbTKGnOJJIxO5-d/view?usp=drivesdk,A small specimen distinguishable by its warm-colored hue and round form.,146.4,Yellow,Autumn,Sharp,Globular,mandarin,1414
IMG_1097_aug2.jpg,https://drive.google.com/file/d/14QBDXnJmbM-CqT4aGVXPNxJ-yHwRUJ8Z/view?usp=drivesdk,An organic specimen that feels textured to the touch and looks round.,121.2,Yellow,Autumn,Fruity,Round,mandarin,1415
IMG_1097_aug1.jpg,https://drive.google.com/file/d/1OF--HFkABNZM-RmQBy0IwxnfUhHj6-BI/view?usp=drivesdk,A palm-sized item distinguishable by its orange hue and globe-shaped form.,205.6,Yellow,Spring,Sharp,Globular,mandarin,1416
IMG_1097_aug3.jpg,https://drive.google.com/file/d/1dXV5peP8x-FSYNH_j_0XK4wcchVEbK-x/view?usp=drivesdk,A sunset-colored organic matter with a round silhouette.,182.3,Yellow,Autumn,Sharp,Globular,mandarin,1417
IMG_9597_aug1.jpg,https://drive.google.com/file/d/1C5V7ViLucEppKtWY7l7Rk3pkfFBp3tH5/view?usp=drivesdk,A small item distinguishable by its orange-hued hue and flattened form.,194.4,Orange,Winter,Sharp,Asymmetric,mandarin,1418
IMG_9597_aug3.jpg,https://drive.google.com/file/d/1_BhbYxpg3xngl5wzU9aD9YgsC6yH9MTW/view?usp=drivesdk,A golden specimen with a circular silhouette.,137.4,Yellow,Autumn,Fruity,Asymmetric,mandarin,1419
IMG_9597_aug2.jpg,https://drive.google.com/file/d/1aWcYPQhlitCR3BjJcsJ8KF5sllh5cV0z/view?usp=drivesdk,This object is round and features a bumpy appearance.,161.7,Yellow,Winter,Juicy,Flattened,mandarin,1420
IMG_0941_aug2.jpg,https://drive.google.com/file/d/10FDG7Q5d380PlkvWyZAU68NAgHXqP5ds/view?usp=drivesdk,This specimen is flattened and features a rough appearance.,144.7,Yellow,Autumn,Sweet,Globular,mandarin,1421
IMG_0941_aug1.jpg,https://drive.google.com/file/d/18WWuwlFbiNY0kLKwUZ3AAk6VpQ8Yc8ZQ/view?usp=drivesdk,A palm-sized produce distinguishable by its orange-hued hue and globe-shaped form.,94.5,Orange,Spring,Sweet,Globular,mandarin,1422
IMG_0941_aug3.jpg,https://drive.google.com/file/d/1Jnh5fy_VmsXWvZVfGsT1EZBvvAw-H2a9/view?usp=drivesdk,An organic item that feels bumpy to the touch and looks flattened.,132.5,Red,Winter,Sharp,Flattened,mandarin,1423
mandarin_generated_140.jpg,https://drive.google.com/file/d/1cnYk5uHDG2uKMq0pUKt9Pyz-KHBokne-/view?usp=drivesdk,This produce is flattened and features a bumpy appearance.,202.3,Orange,Winter,Juicy,Globular,mandarin,1424
mandarin_generated_139.jpg,https://drive.google.com/file/d/1dm25pS0rxWZnlGXh4FurmgZi8_zsdh6f/view?usp=drivesdk,An organic sample that feels pitted to the touch and looks flattened.,92.6,Red,Winter,Fruity,Small-Round,mandarin,1425
mandarin_generated_138.jpg,https://drive.google.com/file/d/1t1cn6BheGVLd1ClelYwaQ9b4QWg6SE3g/view?usp=drivesdk,This produce is round and features a rough appearance.,180.3,Yellow,Spring,Fruity,Round,mandarin,1426
mandarin_generated_136.jpg,https://drive.google.com/file/d/1tu5JY6GN-bK2kcAkpjUOOYAepouBu6bk/view?usp=drivesdk,A palm-sized object distinguishable by its orange-hued hue and spherical form.,139.3,Red,Spring,Juicy,Asymmetric,mandarin,1427
mandarin_generated_135.jpg,https://drive.google.com/file/d/1c2ASrgyUCzR_66cLrbOL7MYm0bzJa2Xo/view?usp=drivesdk,An organic item that feels matte to the touch and looks globe-shaped.,131.1,Red,Autumn,Juicy,Asymmetric,mandarin,1428
mandarin_generated_132.jpg,https://drive.google.com/file/d/1k7NwoEAvrZrfHvMQCc9FD1DBxYespVe3/view?usp=drivesdk,A golden specimen with a globe-shaped silhouette.,103.2,Red,Autumn,Sharp,Flattened,mandarin,1429
mandarin_generated_131.jpg,https://drive.google.com/file/d/1GuGBkl_wA8QJ90QdlQTffwQ6YfRpQeDR/view?usp=drivesdk,This item is orb-like and features a matte appearance.,199.3,Yellow,Autumn,Tart,Flattened,mandarin,1430
mandarin_generated_130.jpg,https://drive.google.com/file/d/10v4Da4HTR6eAUFJsYBgluapy1zDsX0nb/view?usp=drivesdk,This sample is flattened and features a pitted appearance.,135,Orange,Spring,Juicy,Globular,mandarin,1431
mandarin_generated_128.jpg,https://drive.google.com/file/d/1H5ly3Lwd2hdbwmfQhD9EAVjpbmrWi6YO/view?usp=drivesdk,An organic item that feels pitted to the touch and looks globe-shaped.,149.7,Red,Spring,Sweet,Small-Round,mandarin,1432
mandarin_generated_127.jpg,https://drive.google.com/file/d/1rIp7KISIJX_NfQ6yWdUkqE9dn5aw0N8M/view?usp=drivesdk,An organic object that feels pitted to the touch and looks circular.,136.3,Red,Winter,Juicy,Round,mandarin,1433
mandarin_generated_123.jpg,https://drive.google.com/file/d/1EQj8eFOuZ8iqRJNsxEaOy5YAQeLViQ4h/view?usp=drivesdk,A palm-sized circular sample with a uneven warm-colored surface.,114,Red,Autumn,Sweet,Globular,mandarin,1434
mandarin_generated_122.jpg,https://drive.google.com/file/d/1tzaJfNjmGkO7aebJHPLRMcrvtbaVQDBg/view?usp=drivesdk,A palm-sized sample distinguishable by its sunset-colored hue and circular form.,139.8,Red,Winter,Juicy,Globular,mandarin,1435
mandarin_generated_120.jpg,https://drive.google.com/file/d/1FGz9dHX4i-FxgoO7zlZTJcOSuNl6Yo3-/view?usp=drivesdk,A palm-sized produce distinguishable by its orange-hued hue and spherical form.,144.8,Red,Winter,Tart,Globular,mandarin,1436
mandarin_generated_118.jpg,https://drive.google.com/file/d/18Z_Zc3yK0UPephIcJ5AIaJsMuG8ZN4EN/view?usp=drivesdk,An organic specimen that feels pitted to the touch and looks flattened.,202.7,Red,Spring,Sharp,Asymmetric,mandarin,1437
mandarin_generated_115.jpg,https://drive.google.com/file/d/1iQaKovZEkLtxx1xjQmMMPMT7FI2u2gE1/view?usp=drivesdk,This produce is circular and features a uneven appearance.,169.3,Red,Spring,Sharp,Round,mandarin,1438
mandarin_generated_114.jpg,https://drive.google.com/file/d/1nOIBL8IRbsudyLtWi4vMh78TF_m-YqwA/view?usp=drivesdk,A palm-sized produce distinguishable by its orange hue and flattened form.,134.3,Yellow,Autumn,Sweet,Globular,mandarin,1439
mandarin_generated_111.jpg,https://drive.google.com/file/d/1oyE98I23ptXmMiQlL9_1sgSgtCWQcZzW/view?usp=drivesdk,A palm-sized sample distinguishable by its sunset-colored hue and circular form.,118.4,Red,Spring,Fruity,Globular,mandarin,1440
mandarin_generated_110.jpg,https://drive.google.com/file/d/1pZjgeQgiPJaxOFxHHS3SElXfYuMhhIMo/view?usp=drivesdk,A palm-sized item distinguishable by its sunset-colored hue and circular form.,120.8,Red,Winter,Sharp,Small-Round,mandarin,1441
mandarin_generated_109.jpg,https://drive.google.com/file/d/1OZr2CeoQst_Y_7tg-9ME0R_l2eOGhTFJ/view?usp=drivesdk,A small spherical item with a pitted golden surface.,172.4,Orange,Autumn,Tart,Globular,mandarin,1442
mandarin_generated_108.jpg,https://drive.google.com/file/d/1BXBwuMYaYTTCWHyZU_m9-FEfFPXYi6Of/view?usp=drivesdk,This item is circular and features a matte appearance.,108.5,Red,Winter,Sharp,Globular,mandarin,1443
mandarin_generated_107.jpg,https://drive.google.com/file/d/1J8pcnvKKYZGRVTx7KcbzyEGX4tBj2nOt/view?usp=drivesdk,This object is round and features a bumpy appearance.,117,Red,Spring,Sharp,Round,mandarin,1444
mandarin_generated_106.jpg,https://drive.google.com/file/d/1uDhfRbtYId7z__Vdh5B8eiwoO7k-pm_q/view?usp=drivesdk,This produce is orb-like and features a bumpy appearance.,116.7,Red,Spring,Juicy,Round,mandarin,1445
mandarin_generated_104.jpg,https://drive.google.com/file/d/1mVllah2VgB73dnGNVyhIevUd2ERpe_Ws/view?usp=drivesdk,This produce is orb-like and features a uneven appearance.,92.5,Red,Spring,Sweet,Small-Round,mandarin,1446
mandarin_generated_103.jpg,https://drive.google.com/file/d/1OUiOKrEuKFNpHXVvG6oPxevhwPmP7xAz/view?usp=drivesdk,A small sample distinguishable by its orange hue and orb-like form.,130.7,Red,Spring,Sharp,Asymmetric,mandarin,1447
mandarin_generated_102.jpg,https://drive.google.com/file/d/1aD0LZe7Jb_YzllstW9vZpsuX9MHiB7aH/view?usp=drivesdk,This organic matter is circular and features a rough appearance.,93,Red,Autumn,Sharp,Asymmetric,mandarin,1448
mandarin_generated_99.jpg,https://drive.google.com/file/d/1SGsVViqFWSEsQTbFAK5wTeqMiR6dUdsJ/view?usp=drivesdk,A small produce distinguishable by its reddish hue and globe-shaped form.,89.6,Yellow,Winter,Tart,Flattened,mandarin,1449
mandarin_generated_98.jpg,https://drive.google.com/file/d/1h8bJHvvmKgwC6nFGaDN_lR_qtF9Mh-rY/view?usp=drivesdk,A palm-sized round sample with a uneven warm-colored surface.,98.7,Red,Spring,Tart,Flattened,mandarin,1450
mandarin_generated_97.jpg,https://drive.google.com/file/d/1GMCTjoI3ldSiKtTCRyk-JVuNLfZBSocO/view?usp=drivesdk,A orange-hued organic matter with a orb-like silhouette.,109.6,Red,Spring,Fruity,Flattened,mandarin,1451
mandarin_generated_96.jpg,https://drive.google.com/file/d/1jHIPBXB9z8WVrwnSMhAksiF8ccm7XFK4/view?usp=drivesdk,This sample is orb-like and features a rough appearance.,115.7,Red,Autumn,Fruity,Round,mandarin,1452
mandarin_generated_94.jpg,https://drive.google.com/file/d/1e5kJi1eHLFeuFA74Y46xRo2IUIxtpV8c/view?usp=drivesdk,A small flattened item with a matte orange surface.,131.1,Green,Spring,Sharp,Asymmetric,mandarin,1453
mandarin_generated_93.jpg,https://drive.google.com/file/d/1nc6p3IOKzw-aaPUwaK0Fw3x0fKL7Qnm6/view?usp=drivesdk,A golden specimen with a circular silhouette.,140.1,Orange,Autumn,Fruity,Flattened,mandarin,1454
mandarin_generated_92.jpg,https://drive.google.com/file/d/1CtmYv0xHQIWPk1BV_MrAy_8d5kr2-eH9/view?usp=drivesdk,A palm-sized item distinguishable by its orange hue and circular form.,166.9,Red,Spring,Sharp,Small-Round,mandarin,1455
mandarin_generated_91.jpg,https://drive.google.com/file/d/1hdX055G2iVdk0rrTnjBM3SwB8XHL_wQD/view?usp=drivesdk,This item is circular and features a uneven appearance.,208.9,Red,Winter,Sweet,Flattened,mandarin,1456
mandarin_generated_89.jpg,https://drive.google.com/file/d/1zbZvsrjiOzfbLFVFrDMIR46gXBSdm5LK/view?usp=drivesdk,A sunset-colored produce with a round silhouette.,160.5,Red,Winter,Tart,Globular,mandarin,1457
mandarin_generated_88.jpg,https://drive.google.com/file/d/1M7wxs2EMjo-0nB9ceEiLXKqFiNkeKmOI/view?usp=drivesdk,A small spherical produce with a matte sunset-colored surface.,147,Yellow,Winter,Juicy,Asymmetric,mandarin,1458
mandarin_generated_86.jpg,https://drive.google.com/file/d/1WiDQrbKuy_2B4bmspfhqyjjc-SwAaXGT/view?usp=drivesdk,A orange specimen with a circular silhouette.,85.7,Orange,Autumn,Sharp,Small-Round,mandarin,1459
mandarin_generated_83.jpg,https://drive.google.com/file/d/1vcOYtfFooI-UfDZiYDf3_6yVIq9-93BA/view?usp=drivesdk,A small spherical sample with a uneven warm-colored surface.,190.7,Green,Autumn,Fruity,Flattened,mandarin,1460
mandarin_generated_81.jpg,https://drive.google.com/file/d/1X-2qQVkV9yIOuT-YciXyfY4rzsKpYKDs/view?usp=drivesdk,A golden produce with a flattened silhouette.,106.1,Green,Spring,Fruity,Flattened,mandarin,1461
mandarin_generated_80.jpg,https://drive.google.com/file/d/1oy_w4sbN-yYczHAjAY-ROaVfTUgt12VF/view?usp=drivesdk,This item is globe-shaped and features a bumpy appearance.,139.9,Red,Winter,Tart,Small-Round,mandarin,1462
mandarin_generated_79.jpg,https://drive.google.com/file/d/1omt44irN_SUydbAHd2s4Co5x__I5V37I/view?usp=drivesdk,A reddish item with a orb-like silhouette.,148.7,Red,Autumn,Juicy,Round,mandarin,1463
mandarin_generated_78.jpg,https://drive.google.com/file/d/1ihXMkP3h5sxdWJb42Yyv5pR_EVzGBQMH/view?usp=drivesdk,This item is circular and features a textured appearance.,90.9,Green,Autumn,Sweet,Globular,mandarin,1464
mandarin_generated_76.jpg,https://drive.google.com/file/d/1k2Q_VnCJ_xOvxHD7I8NtAL2873bZ8xvu/view?usp=drivesdk,An organic item that feels textured to the touch and looks round.,167,Orange,Spring,Sharp,Globular,mandarin,1465
mandarin_generated_75.jpg,https://drive.google.com/file/d/1m1dBPYNvyaY5MkiqWNuMfatiDPHIh0iM/view?usp=drivesdk,A small circular organic matter with a textured orange surface.,117.8,Yellow,Winter,Sweet,Flattened,mandarin,1466
mandarin_generated_73.jpg,https://drive.google.com/file/d/1n1BU8R2_OZNjwtWukzmbDGgCZMF637Fr/view?usp=drivesdk,This item is round and features a bumpy appearance.,142.3,Yellow,Spring,Sharp,Small-Round,mandarin,1467
mandarin_generated_72.jpg,https://drive.google.com/file/d/1dAr6vmSSuxZB8_yS5oj5BhdfkSfti_Iu/view?usp=drivesdk,A palm-sized sample distinguishable by its warm-colored hue and circular form.,96.8,Red,Spring,Juicy,Flattened,mandarin,1468
mandarin_generated_71.jpg,https://drive.google.com/file/d/19MC2OFgh917qKakmx1Rnlpt2znbNQE_B/view?usp=drivesdk,An organic sample that feels bumpy to the touch and looks globe-shaped.,84.5,Red,Autumn,Sharp,Flattened,mandarin,1469
mandarin_generated_70.jpg,https://drive.google.com/file/d/1-6lFVLBZJSXXh0QEtLiAu3zDqG4kcEn0/view?usp=drivesdk,An organic item that feels textured to the touch and looks orb-like.,111.4,Yellow,Spring,Sweet,Small-Round,mandarin,1470
mandarin_generated_69.jpg,https://drive.google.com/file/d/16kz7hc2Ub4VfYUDY0titAjAwzQmAx4Hd/view?usp=drivesdk,An organic item that feels textured to the touch and looks globe-shaped.,142.9,Green,Spring,Sharp,Small-Round,mandarin,1471
mandarin_generated_68.jpg,https://drive.google.com/file/d/1-v_8-dB4GQJkpgoAC1C1hVBJPapcltId/view?usp=drivesdk,A small object distinguishable by its golden hue and circular form.,124,Red,Winter,Sweet,Globular,mandarin,1472
mandarin_generated_65.jpg,https://drive.google.com/file/d/1KzdViM1YEvOnvKI4NpfuJJrzkW5PrO6Y/view?usp=drivesdk,A sunset-colored object with a flattened silhouette.,118.5,Red,Winter,Tart,Round,mandarin,1473
mandarin_generated_64.jpg,https://drive.google.com/file/d/1tEETJE0KnIzI0rQGXd43g_0WwMAqSbMj/view?usp=drivesdk,This item is round and features a matte appearance.,103.3,Red,Spring,Juicy,Globular,mandarin,1474
mandarin_generated_63.jpg,https://drive.google.com/file/d/1ANrRLi_BZP2r4gBz8U0jrsyepL3h7Stn/view?usp=drivesdk,This produce is globe-shaped and features a pitted appearance.,112.6,Red,Autumn,Fruity,Flattened,mandarin,1475
mandarin_generated_62.jpg,https://drive.google.com/file/d/1bGP1F1gVC9tl-U8TTfkcxb4QjYcoE9En/view?usp=drivesdk,A palm-sized round sample with a bumpy orange-hued surface.,134.5,Red,Spring,Sweet,Asymmetric,mandarin,1476
mandarin_generated_61.jpg,https://drive.google.com/file/d/1kMiRQ_udNOVjaLNA0SbQC8a72peIjOej/view?usp=drivesdk,An organic object that feels rough to the touch and looks spherical.,119.1,Red,Autumn,Tart,Flattened,mandarin,1477
mandarin_generated_60.jpg,https://drive.google.com/file/d/1BH5g5uJveJgiCvB9Beg5q1lj4GS_PxRA/view?usp=drivesdk,A palm-sized circular specimen with a rough warm-colored surface.,193.2,Orange,Spring,Fruity,Small-Round,mandarin,1478
mandarin_generated_59.jpg,https://drive.google.com/file/d/1gHhEZqx_kHt_-5_oxRvrZV5cKUUy1EuT/view?usp=drivesdk,This sample is spherical and features a rough appearance.,146.1,Red,Spring,Sweet,Small-Round,mandarin,1479
mandarin_generated_58.jpg,https://drive.google.com/file/d/1Ln39u5EuOC16KOuQdQgJfD5lJvI95KaB/view?usp=drivesdk,A orange-hued organic matter with a flattened silhouette.,155.3,Orange,Autumn,Sweet,Round,mandarin,1480
mandarin_generated_57.jpg,https://drive.google.com/file/d/1WN936ePMQ7KqrNCFA-WQl99hJeeYr-Nw/view?usp=drivesdk,A small flattened specimen with a pitted warm-colored surface.,117.7,Red,Winter,Juicy,Globular,mandarin,1481
mandarin_generated_56.jpg,https://drive.google.com/file/d/1d0DfD3xNPgYMkmuDvaIEomRpyXhAEqAM/view?usp=drivesdk,This item is round and features a matte appearance.,71.9,Green,Winter,Fruity,Asymmetric,mandarin,1482
mandarin_generated_55.jpg,https://drive.google.com/file/d/1NgYfryrjcpfWFz5RnbtVCaMWtYRf8cm4/view?usp=drivesdk,This item is spherical and features a bumpy appearance.,118.6,Red,Spring,Sharp,Asymmetric,mandarin,1483
mandarin_generated_54.jpg,https://drive.google.com/file/d/1DMcx_FEUBO4olBTVLLQ_XQ6_DAmBl6F8/view?usp=drivesdk,An organic produce that feels matte to the touch and looks globe-shaped.,125.4,Orange,Winter,Sharp,Asymmetric,mandarin,1484
mandarin_generated_53.jpg,https://drive.google.com/file/d/1LE-ODO-DQ7o7NGsyZik13JkkcNwXwJ9j/view?usp=drivesdk,An organic sample that feels pitted to the touch and looks orb-like.,97.7,Yellow,Winter,Sharp,Round,mandarin,1485
mandarin_generated_52.jpg,https://drive.google.com/file/d/148MnCbGjE3kLeSVGoXki9DjvPskUrxV5/view?usp=drivesdk,An organic item that feels textured to the touch and looks globe-shaped.,114.9,Orange,Autumn,Tart,Small-Round,mandarin,1486
mandarin_generated_51.jpg,https://drive.google.com/file/d/1PNi3kLfVQjWScRZJ5HcHKMWRxyMej50l/view?usp=drivesdk,A palm-sized sample distinguishable by its reddish hue and round form.,141.2,Green,Spring,Sharp,Flattened,mandarin,1487
mandarin_generated_50.jpg,https://drive.google.com/file/d/132nCXpsqpJBMwzPh4MkgVvdhdoS0jkaW/view?usp=drivesdk,A small orb-like produce with a bumpy orange-hued surface.,123.2,Orange,Autumn,Juicy,Flattened,mandarin,1488
mandarin_generated_48.jpg,https://drive.google.com/file/d/104EL2S1Bm7y5P9PviKhQ1V4sAx6GxN0K/view?usp=drivesdk,This produce is flattened and features a matte appearance.,79.9,Yellow,Spring,Juicy,Small-Round,mandarin,1489
mandarin_generated_47.jpg,https://drive.google.com/file/d/1reNfPxCYmMfT3NnFZur0TW0SaynaUS5U/view?usp=drivesdk,This organic matter is spherical and features a pitted appearance.,116.9,Yellow,Winter,Sweet,Flattened,mandarin,1490
mandarin_generated_45.jpg,https://drive.google.com/file/d/1HB-2j8BtHFylWw_g80c_Z8apwX8-kmMu/view?usp=drivesdk,An organic produce that feels uneven to the touch and looks flattened.,146.2,Green,Spring,Tart,Asymmetric,mandarin,1491
mandarin_generated_44.jpg,https://drive.google.com/file/d/16_AnlY78INa_F5ev8vYqT_uRK1G_suWm/view?usp=drivesdk,This sample is globe-shaped and features a textured appearance.,129.1,Red,Autumn,Juicy,Asymmetric,mandarin,1492
mandarin_generated_42.jpg,https://drive.google.com/file/d/1l67x_KJCzcZqcwxkO4qo65n8k0cmvSp_/view?usp=drivesdk,This sample is round and features a textured appearance.,121.7,Green,Spring,Tart,Flattened,mandarin,1493
mandarin_generated_41.jpg,https://drive.google.com/file/d/17tyWd_qaNRI5B1LX_TsA1sG6MSq9CbO7/view?usp=drivesdk,An organic object that feels uneven to the touch and looks spherical.,188,Red,Autumn,Fruity,Round,mandarin,1494
mandarin_generated_40.jpg,https://drive.google.com/file/d/1FDw34Ye8rLAL0ikSMYJ5r-8cDpVRMW_v/view?usp=drivesdk,A small produce distinguishable by its sunset-colored hue and round form.,54.2,Yellow,Winter,Sweet,Asymmetric,mandarin,1495
mandarin_generated_38.jpg,https://drive.google.com/file/d/1NuPtZtZXRnPEzPLgiA7FYcLLkyER9ldn/view?usp=drivesdk,A small flattened item with a uneven sunset-colored surface.,107.3,Red,Autumn,Sharp,Round,mandarin,1496
mandarin_generated_37.jpg,https://drive.google.com/file/d/14U_cGIYNFH_VsOtga1ZLvNlI21GuiADW/view?usp=drivesdk,A small specimen distinguishable by its orange-hued hue and circular form.,117.9,Red,Spring,Tart,Flattened,mandarin,1497
mandarin_generated_36.jpg,https://drive.google.com/file/d/1DgI0RbO3RalwG9U_yZ00LNUn_R-5qkC2/view?usp=drivesdk,A golden organic matter with a flattened silhouette.,134.4,Yellow,Spring,Fruity,Round,mandarin,1498
mandarin_generated_35.jpg,https://drive.google.com/file/d/1RkzWshFU3vnqja1GsRhipAhYSPSdNiVA/view?usp=drivesdk,This specimen is round and features a rough appearance.,124.9,Green,Winter,Sweet,Round,mandarin,1499
mandarin_generated_32.jpg,https://drive.google.com/file/d/1vB7SvanH_hUVePTesd_rIK9g_R7qDfZV/view?usp=drivesdk,A warm-colored item with a round silhouette.,103,Red,Autumn,Fruity,Flattened,mandarin,1500
mandarin_generated_30.jpg,https://drive.google.com/file/d/1X8-eGxMygtRjZAVWLlYQ2mIpNpWq_105/view?usp=drivesdk,An organic sample that feels pitted to the touch and looks flattened.,182.5,Red,Winter,Sweet,Small-Round,mandarin,1501
mandarin_generated_29.jpg,https://drive.google.com/file/d/1gbihUOT3S_YWRQqi8m3kx50RHv4eKjL1/view?usp=drivesdk,A orange-hued item with a circular silhouette.,142.5,Red,Winter,Sharp,Small-Round,mandarin,1502
mandarin_generated_28.jpg,https://drive.google.com/file/d/1w_namgsP7G-vhuix64kNNadzIB3_ZXWL/view?usp=drivesdk,This sample is round and features a pitted appearance.,96,Red,Autumn,Fruity,Globular,mandarin,1503
mandarin_generated_27.jpg,https://drive.google.com/file/d/1QxK7WAJfIG0rad-XahZqNvYr1ee6Pk-b/view?usp=drivesdk,This produce is globe-shaped and features a matte appearance.,109.7,Red,Spring,Fruity,Globular,mandarin,1504
mandarin_generated_26.jpg,https://drive.google.com/file/d/1z-uxNlVU58V4pYc-88OTmKHvmOzvEloE/view?usp=drivesdk,A small orb-like produce with a matte warm-colored surface.,159.6,Red,Autumn,Sweet,Asymmetric,mandarin,1505
mandarin_generated_25.jpg,https://drive.google.com/file/d/1Z-CotYJ2QykowJ9qN4XvHjrzNf6qyLuN/view?usp=drivesdk,A sunset-colored object with a round silhouette.,142.7,Green,Winter,Sharp,Round,mandarin,1506
mandarin_generated_24.jpg,https://drive.google.com/file/d/1zIrWWsEjLcsFy7it85vG_PcfMtCRKaZl/view?usp=drivesdk,A orange-hued organic matter with a orb-like silhouette.,91.7,Green,Spring,Tart,Flattened,mandarin,1507
mandarin_generated_22.jpg,https://drive.google.com/file/d/1RKhc0jqQ-VP3mMOY1cF1ox6K0EbdtsM6/view?usp=drivesdk,A small round object with a bumpy orange-hued surface.,203.1,Yellow,Winter,Sweet,Round,mandarin,1508
mandarin_generated_20.jpg,https://drive.google.com/file/d/1piQaxitB8rTmrFqJ4gk0YjG1a55vHEcJ/view?usp=drivesdk,A golden organic matter with a flattened silhouette.,96.8,Red,Winter,Juicy,Round,mandarin,1509
mandarin_generated_19.jpg,https://drive.google.com/file/d/13rKBz8rPPQ6Fy6fXQzHPOkvBRyBIRxNY/view?usp=drivesdk,A palm-sized sample distinguishable by its golden hue and spherical form.,117.1,Red,Spring,Sharp,Round,mandarin,1510
mandarin_generated_18.jpg,https://drive.google.com/file/d/1m2xRKmTPjJWe1v9w-7v-Jm9JPt4CwE9A/view?usp=drivesdk,A golden produce with a flattened silhouette.,171,Orange,Spring,Juicy,Asymmetric,mandarin,1511
mandarin_generated_17.jpg,https://drive.google.com/file/d/1euh8dVwviRq-_GCdshOwGIeXKCwJyJqu/view?usp=drivesdk,A small spherical sample with a uneven reddish surface.,93.8,Orange,Winter,Fruity,Small-Round,mandarin,1512
mandarin_generated_16.jpg,https://drive.google.com/file/d/1S6sLbzEbpvX9qRqqEJmOIwPm0iIj6ZPv/view?usp=drivesdk,This specimen is flattened and features a bumpy appearance.,127.5,Red,Spring,Juicy,Small-Round,mandarin,1513
mandarin_generated_15.jpg,https://drive.google.com/file/d/1IL0SJ_noJlf2ZKj0e2JWBd9vzbbYGWp_/view?usp=drivesdk,This organic matter is globe-shaped and features a bumpy appearance.,118.2,Red,Autumn,Fruity,Small-Round,mandarin,1514
mandarin_generated_14.jpg,https://drive.google.com/file/d/1dvUCI2DsZFGQqxx1Of2RHqpAB4w-ADBi/view?usp=drivesdk,This object is globe-shaped and features a textured appearance.,106,Red,Autumn,Sweet,Round,mandarin,1515
mandarin_generated_13.jpg,https://drive.google.com/file/d/17yxqQYW9v60oNz2XkPWklfAwx6HHnMYp/view?usp=drivesdk,An organic sample that feels uneven to the touch and looks round.,87.5,Red,Winter,Tart,Globular,mandarin,1516
mandarin_generated_12.jpg,https://drive.google.com/file/d/1VX7wVXcyDLZq2BsAxvg543m6kjG4sxXv/view?usp=drivesdk,This object is globe-shaped and features a bumpy appearance.,178.8,Yellow,Autumn,Sweet,Globular,mandarin,1517
mandarin_generated_11.jpg,https://drive.google.com/file/d/1eNNERTwTijsA95erdpiHpu88_vEiarIB/view?usp=drivesdk,A small round item with a bumpy warm-colored surface.,111.2,Red,Spring,Sharp,Asymmetric,mandarin,1518
mandarin_generated_10.jpg,https://drive.google.com/file/d/1GTK_j54npQq29rIkWVWPr5sae3UBVW9E/view?usp=drivesdk,A palm-sized orb-like specimen with a rough sunset-colored surface.,56.3,Yellow,Winter,Sharp,Flattened,mandarin,1519
mandarin_generated_9.jpg,https://drive.google.com/file/d/18g7dYbXt2sfbbZWPP4lHyD3X7zotc8C9/view?usp=drivesdk,A reddish specimen with a circular silhouette.,144.5,Red,Autumn,Fruity,Small-Round,mandarin,1520
mandarin_generated_8.jpg,https://drive.google.com/file/d/1Qp3Q0lsMA1PYBt-zurxjngb1v1A4yn1u/view?usp=drivesdk,This produce is flattened and features a rough appearance.,159.3,Red,Spring,Juicy,Globular,mandarin,1521
mandarin_generated_6.jpg,https://drive.google.com/file/d/13lFEEDWIJ5ZufxPBEg_pMlzVkSLDDlxb/view?usp=drivesdk,This sample is globe-shaped and features a rough appearance.,77.8,Red,Winter,Juicy,Asymmetric,mandarin,1522
mandarin_generated_4.jpg,https://drive.google.com/file/d/1Gp72JT1a0hCd5XHYJ9Ka1sLugeZf2a35/view?usp=drivesdk,A small flattened sample with a matte warm-colored surface.,145.9,Green,Spring,Sweet,Globular,mandarin,1523
mandarin_generated_3.jpg,https://drive.google.com/file/d/1X1GAEfLdf3EEDDIYd9d48w5RlSWXcI_i/view?usp=drivesdk,A reddish object with a spherical silhouette.,170.4,Red,Spring,Tart,Asymmetric,mandarin,1524
mandarin_generated_2.jpg,https://drive.google.com/file/d/1HHDV4bi2tA2RokcQQ0dHKm4PNnj2hpng/view?usp=drivesdk,A sunset-colored object with a spherical silhouette.,154.5,Red,Winter,Fruity,Asymmetric,mandarin,1525
banana_white_99.jpg,https://drive.google.com/file/d/1YRVi58JEOPpE5dM-x1uq9Bf5R-CAU-su/view?usp=drivesdk,A golden item with a oblong silhouette.,198.1,Yellow,Year Round,Starchy,Asymmetric,banana,1526
banana_white_98.jpg,https://drive.google.com/file/d/1ksCAsKCnguIeiu1Jndno_QHE7tG-g4ir/view?usp=drivesdk,An organic item that feels sleek to the touch and looks lengthy.,195.9,Yellow,Year Round,Starchy,Curved,banana,1527
banana_white_97.jpg,https://drive.google.com/file/d/1AhCfAqBPxsdjInFc6OlxcTQrxYLwHSRL/view?usp=drivesdk,A medium oval produce with a shiny pale yellow surface.,242.5,Yellow,Year Round,Starchy,Long,banana,1528
banana_white_94.jpg,https://drive.google.com/file/d/17OY529kXNixi8soiLsT4tt68qQScZGmo/view?usp=drivesdk,An organic item that feels polished to the touch and looks elongated.,227.6,Yellow,Spring,Sweet,Long,banana,1529
banana_white_93.jpg,https://drive.google.com/file/d/1n9AE-RrnzUcYINdjEFYSi2Xz5WPjjsHb/view?usp=drivesdk,A long sample distinguishable by its bright hue and lengthy form.,177.7,Yellow,Summer,Starchy,Cylindrical,banana,1530
banana_white_92.jpg,https://drive.google.com/file/d/1qcLYWcmP4sYY3Pv2mImXso61Qth2NduZ/view?usp=drivesdk,A long produce distinguishable by its pale yellow hue and elongated form.,220,Orange,Summer,Starchy,Long,banana,1531
banana_white_91.jpg,https://drive.google.com/file/d/1IOYOS1JTs0wWyZhr6h4RK56-SVU-4dKJ/view?usp=drivesdk,A long elongated produce with a polished pale yellow surface.,224.1,Orange,Year Round,Mild,Cylindrical,banana,1532
banana_white_90.jpg,https://drive.google.com/file/d/1FNyxUHnzzR_F-2Ajl1UMwnMgZmY8lXCe/view?usp=drivesdk,A medium item distinguishable by its yellowish hue and lengthy form.,214.8,Yellow,Year Round,Mild,Long,banana,1533
banana_white_89.jpg,https://drive.google.com/file/d/1m1ryrAU1Fh8CgqQgr292t-UrkN-FfVHs/view?usp=drivesdk,A medium produce distinguishable by its yellowish hue and elongated form.,203.9,Yellow,Year Round,Sweet,Curved,banana,1534
banana_white_88.jpg,https://drive.google.com/file/d/1UY8lzdWY7JSV48WTEeWYj1BJz6Df6qSP/view?usp=drivesdk,This object is lengthy and features a shiny appearance.,221,Yellow,Year Round,Mild,Cylindrical,banana,1535
banana_white_87.jpg,https://drive.google.com/file/d/1x1itDtWrquQcPOzaBm9adp0DjFEK-1aS/view?usp=drivesdk,This item is lengthy and features a shiny appearance.,249.8,Yellow,Summer,Earthy,Asymmetric,banana,1536
banana_white_85.jpg,https://drive.google.com/file/d/1ko9t-o2dBhAV8qHFD-iQPZhzz-GXQGBG/view?usp=drivesdk,This item is curved and features a sleek appearance.,201.1,Orange,Year Round,Starchy,Long,banana,1537
banana_white_84.jpg,https://drive.google.com/file/d/1Nj88GLHGIgQ1yGaq7nMICK5NmC3jjTop/view?usp=drivesdk,A long specimen distinguishable by its yellowish hue and curved form.,241.2,Yellow,Year Round,Sweet,Asymmetric,banana,1538
banana_white_83.jpg,https://drive.google.com/file/d/1whxSvk7Ojk0XQpFXUDWwFG10QNhNsL7y/view?usp=drivesdk,This sample is oblong and features a shiny appearance.,280.6,Yellow,Year Round,Earthy,Curved,banana,1539
banana_white_82.jpg,https://drive.google.com/file/d/14_kXQNJP6fDKSwqjaFtyiGl6TyqsMyqX/view?usp=drivesdk,A long oval produce with a glossy pale yellow surface.,182.8,Orange,Spring,Sweet,Cylindrical,banana,1540
banana_white_81.jpg,https://drive.google.com/file/d/1aTfcysDtSM8mzsrtXniL-Jauz1KIu0np/view?usp=drivesdk,A medium item distinguishable by its bright hue and oval form.,227.7,Orange,Summer,Mild,Curved,banana,1541
banana_white_79.jpg,https://drive.google.com/file/d/1Um108TlxwCpS5fQkqtuXFK--JzupSVk5/view?usp=drivesdk,This organic matter is lengthy and features a sleek appearance.,174.1,Orange,Year Round,Starchy,Curved,banana,1542
banana_white_78.jpg,https://drive.google.com/file/d/1A-A5a4OU4h2lP6LVuYy7A3qG3q4AAiyq/view?usp=drivesdk,This object is curved and features a shiny appearance.,188.8,Orange,Spring,Starchy,Asymmetric,banana,1543
banana_white_77.jpg,https://drive.google.com/file/d/1G4JlJoGXV70aEvL6_shoyD4TbhNSUOgg/view?usp=drivesdk,An organic object that feels polished to the touch and looks elongated.,211.2,Orange,Spring,Sweet,Asymmetric,banana,1544
banana_white_76.jpg,https://drive.google.com/file/d/1tQjNmcaR55iKC61AfbDvtitmYK-Q6gtc/view?usp=drivesdk,A golden specimen with a curved silhouette.,228,Orange,Year Round,Mild,Asymmetric,banana,1545
banana_white_74.jpg,https://drive.google.com/file/d/1OXMrK6nId4yur-zwWSF5gJK5sqyPNeku/view?usp=drivesdk,An organic produce that feels glossy to the touch and looks lengthy.,191.2,Yellow,Spring,Starchy,Curved,banana,1546
banana_white_73.jpg,https://drive.google.com/file/d/1RErtUFU2iWS2G-qQg5Eq0ThJExPvt5Ui/view?usp=drivesdk,An organic specimen that feels shiny to the touch and looks lengthy.,217.1,Orange,Summer,Starchy,Asymmetric,banana,1547
banana_white_72.jpg,https://drive.google.com/file/d/1JL93zGvV27agbD4mcgTQLxa-w-vnIYHx/view?usp=drivesdk,A yellowish object with a oblong silhouette.,209.2,Orange,Spring,Mild,Curved,banana,1548
banana_white_70.jpg,https://drive.google.com/file/d/1AEmrnKzocbf9ltPHHwSYKRCBnskDqv1X/view?usp=drivesdk,A long sample distinguishable by its yellowish hue and oblong form.,176.1,Yellow,Spring,Starchy,Curved,banana,1549
banana_white_68.jpg,https://drive.google.com/file/d/1JGaAMYO7MxNYuF7Z5Uh66NwP-GPLML2j/view?usp=drivesdk,A golden sample with a elongated silhouette.,255.4,Yellow,Year Round,Sweet,Asymmetric,banana,1550
banana_white_67.jpg,https://drive.google.com/file/d/1XT_XAXwaoD7963536RC_JueR6F5J590M/view?usp=drivesdk,A bright specimen with a oval silhouette.,209.9,Orange,Spring,Earthy,Asymmetric,banana,1551
banana_white_66.jpg,https://drive.google.com/file/d/1MEu9goHkOxoBPrZc-DxRaQ-8FmlxflSe/view?usp=drivesdk,A medium curved item with a smooth bright surface.,213.1,Yellow,Year Round,Earthy,Long,banana,1552
banana_white_65.jpg,https://drive.google.com/file/d/1fjgYDc9WkahVfM1soHfLt3aLZwhl40Dz/view?usp=drivesdk,A long produce distinguishable by its golden hue and elongated form.,203.7,Yellow,Summer,Mild,Cylindrical,banana,1553
banana_white_64.jpg,https://drive.google.com/file/d/1pasU5sOqoU4JNG-g1HA_t9VvoxhpWDBd/view?usp=drivesdk,An organic sample that feels sleek to the touch and looks elongated.,201.4,Orange,Spring,Earthy,Asymmetric,banana,1554
banana_white_63.jpg,https://drive.google.com/file/d/1m_AXC4Q7KIeOhaSFo-eKi1hMXq0oOn3B/view?usp=drivesdk,A long sample distinguishable by its pale yellow hue and elongated form.,211,Orange,Summer,Starchy,Long,banana,1555
banana_white_61.jpg,https://drive.google.com/file/d/1A1WvzFnNvZTlwDkMyL4fozvolCYCsEa-/view?usp=drivesdk,An organic produce that feels glossy to the touch and looks oblong.,169.4,Yellow,Spring,Sweet,Asymmetric,banana,1556
banana_white_60.jpg,https://drive.google.com/file/d/1sH01ZYD23WAXUviAJIamihvxR5PIS9NT/view?usp=drivesdk,A long object distinguishable by its yellowish hue and oval form.,193.1,Yellow,Year Round,Starchy,Long,banana,1557
banana_white_58.jpg,https://drive.google.com/file/d/1mwDaoccVbm1x7mYpPVfPbp3Z9BsDH6ym/view?usp=drivesdk,A golden specimen with a elongated silhouette.,193.1,Yellow,Year Round,Sweet,Asymmetric,banana,1558
banana_white_56.jpg,https://drive.google.com/file/d/15KKVE53ZCYCR6op3AGbr1wF61RBno42s/view?usp=drivesdk,An organic organic matter that feels shiny to the touch and looks elongated.,207.8,Orange,Summer,Mild,Asymmetric,banana,1559
banana_white_55.jpg,https://drive.google.com/file/d/1g4rOPKdKkEclrcA5rEc7GyJNu3cKSIeu/view?usp=drivesdk,An organic sample that feels polished to the touch and looks lengthy.,247.9,Yellow,Summer,Earthy,Curved,banana,1560
banana_white_54.jpg,https://drive.google.com/file/d/1EvQ7BEvnvmY310qpn_ldjeTBGlwnOWYg/view?usp=drivesdk,A pale yellow object with a elongated silhouette.,239.1,Yellow,Spring,Earthy,Cylindrical,banana,1561
banana_white_53.jpg,https://drive.google.com/file/d/1hynrTOMmxLowU0-8hcLBz8focBruZCU0/view?usp=drivesdk,A long lengthy organic matter with a sleek yellowish surface.,179.7,Orange,Year Round,Mild,Asymmetric,banana,1562
banana_white_51.jpg,https://drive.google.com/file/d/1sS30eYgXRK3rCqUSBF3ucXOiQt6sIFGR/view?usp=drivesdk,An organic sample that feels polished to the touch and looks oval.,281.4,Yellow,Summer,Sweet,Curved,banana,1563
banana_white_50.jpg,https://drive.google.com/file/d/1ZIGeuGqTv_NA6i3WcqLolDn7IhTvOvFd/view?usp=drivesdk,An organic object that feels shiny to the touch and looks curved.,225.9,Yellow,Summer,Mild,Cylindrical,banana,1564
banana_white_49.jpg,https://drive.google.com/file/d/13NP6fOmTTuyZDaVZHwi3wOEexMksJGcD/view?usp=drivesdk,A yellowish sample with a oblong silhouette.,178.7,Yellow,Summer,Starchy,Curved,banana,1565
banana_white_46.jpg,https://drive.google.com/file/d/1xg1nwgXRNgDiwssrScjKC41klHnqcvZq/view?usp=drivesdk,A medium lengthy organic matter with a polished yellowish surface.,194.6,Yellow,Summer,Earthy,Asymmetric,banana,1566
banana_white_45.jpg,https://drive.google.com/file/d/1kVN3o-oQn0PSMYADRq6qTfSg05Ts76sL/view?usp=drivesdk,A yellowish specimen with a oblong silhouette.,209.8,Orange,Year Round,Earthy,Long,banana,1567
banana_white_42.jpg,https://drive.google.com/file/d/1f85qQOEmiprBa9fUawhqFiRu1ZXLqCYb/view?usp=drivesdk,This sample is lengthy and features a shiny appearance.,209,Yellow,Summer,Earthy,Cylindrical,banana,1568
banana_white_41.jpg,https://drive.google.com/file/d/13bmFlBewFPO0Ot-wgO137wU-08UKnx6m/view?usp=drivesdk,A long organic matter distinguishable by its bright hue and oblong form.,253.3,Orange,Summer,Sweet,Asymmetric,banana,1569
banana_white_40.jpg,https://drive.google.com/file/d/1r85JWvHGXQ0SdzL84Eg03T2Sbi4ud5G0/view?usp=drivesdk,A medium item distinguishable by its yellowish hue and oblong form.,246.7,Yellow,Spring,Mild,Asymmetric,banana,1570
banana_white_38.jpg,https://drive.google.com/file/d/1bbGbKGK1M65_GlU8SfFlSGzEvCEkE19I/view?usp=drivesdk,A medium curved produce with a polished bright surface.,188.2,Yellow,Spring,Mild,Curved,banana,1571
banana_white_37.jpg,https://drive.google.com/file/d/1Pi-ZT6C4bspewflhIkJYZXglB19gIWGx/view?usp=drivesdk,This produce is lengthy and features a shiny appearance.,230.8,Yellow,Summer,Starchy,Long,banana,1572
banana_white_36.jpg,https://drive.google.com/file/d/1b0T3YaPwz1qhLWurjG6rR2Qw1Bjx7rmT/view?usp=drivesdk,A pale yellow object with a oblong silhouette.,214,Orange,Spring,Sweet,Curved,banana,1573
banana_white_35.jpg,https://drive.google.com/file/d/1BpgBdmFqd79eSSTTTaYPvQ1kOx_Mw8RB/view?usp=drivesdk,An organic object that feels smooth to the touch and looks oval.,215.8,Yellow,Year Round,Mild,Long,banana,1574
banana_white_34.jpg,https://drive.google.com/file/d/13CQL9ftRnjJJMI1-FVG27pAlgNUv4OEG/view?usp=drivesdk,This item is oblong and features a sleek appearance.,223.6,Orange,Year Round,Starchy,Cylindrical,banana,1575
banana_white_33.jpg,https://drive.google.com/file/d/1W6XIsSDZOP7BS9TIcBmiDCcK_PZn0UFA/view?usp=drivesdk,A long specimen distinguishable by its golden hue and curved form.,187.8,Orange,Year Round,Sweet,Long,banana,1576
banana_white_31.jpg,https://drive.google.com/file/d/1YGQYMmLv_zHDC62_GEpaz5vYr8hIRj5K/view?usp=drivesdk,A medium curved organic matter with a shiny yellowish surface.,218.7,Yellow,Year Round,Starchy,Long,banana,1577
banana_white_30.jpg,https://drive.google.com/file/d/1GBN-ZaOPjsveKdERREqkI5bY1v5xJojo/view?usp=drivesdk,A medium organic matter distinguishable by its pale yellow hue and curved form.,234.6,Orange,Summer,Earthy,Curved,banana,1578
banana_white_29.jpg,https://drive.google.com/file/d/1YRU6VoNI8aRaEADzSZZxIH7qaR4x2nxu/view?usp=drivesdk,A golden produce with a oblong silhouette.,222,Yellow,Spring,Sweet,Cylindrical,banana,1579
banana_white_28.jpg,https://drive.google.com/file/d/15Vfiq_fVIeaaWoOrCQspCjvW0knVDnW0/view?usp=drivesdk,This produce is elongated and features a shiny appearance.,212,Orange,Spring,Mild,Cylindrical,banana,1580
banana_white_27.jpg,https://drive.google.com/file/d/1sCQ-q1mmvS7kFXYVoWjKl3Ne-wLz8NR6/view?usp=drivesdk,This object is lengthy and features a polished appearance.,273.6,Yellow,Summer,Starchy,Long,banana,1581
banana_white_26.jpg,https://drive.google.com/file/d/14k-CiuLBu8XY8hObA-71bK9nH4_xWPKl/view?usp=drivesdk,A bright specimen with a lengthy silhouette.,227.1,Yellow,Summer,Earthy,Long,banana,1582
banana_white_25.jpg,https://drive.google.com/file/d/1R9vonNnSePtpd5u7Srse3viZVBmWu3m5/view?usp=drivesdk,A long sample distinguishable by its golden hue and curved form.,207.6,Yellow,Summer,Mild,Long,banana,1583
banana_white_24.jpg,https://drive.google.com/file/d/1m9ipaArlRafEA7HlLp24WQq11DY9y2C_/view?usp=drivesdk,A long sample distinguishable by its yellowish hue and lengthy form.,229.2,Yellow,Spring,Sweet,Cylindrical,banana,1584
banana_white_23.jpg,https://drive.google.com/file/d/1vGB0hGoTI7quXd58YG6EVOknEDqx7TFV/view?usp=drivesdk,A medium organic matter distinguishable by its yellowish hue and lengthy form.,260.1,Orange,Year Round,Mild,Cylindrical,banana,1585
banana_white_21.jpg,https://drive.google.com/file/d/1yugdxLVsBzQRMuIilkvA6d6GSsTsh5dw/view?usp=drivesdk,This object is curved and features a glossy appearance.,205.4,Yellow,Spring,Starchy,Long,banana,1586
banana_white_20.jpg,https://drive.google.com/file/d/1-LGx1NlXoJY2GKfj2q5zH5gsF7qt35Zl/view?usp=drivesdk,This organic matter is elongated and features a shiny appearance.,238.2,Yellow,Year Round,Starchy,Long,banana,1587
banana_white_18.jpg,https://drive.google.com/file/d/18q9oWBeUZfGZMqaV-zpqT-0DPsqJmBWA/view?usp=drivesdk,An organic organic matter that feels sleek to the touch and looks lengthy.,251.2,Yellow,Year Round,Mild,Curved,banana,1588
banana_white_15.jpg,https://drive.google.com/file/d/1r-OJ5NZ92degDi9VEk3tL3Vm06sYsfHu/view?usp=drivesdk,A medium specimen distinguishable by its golden hue and curved form.,179.5,Orange,Summer,Earthy,Curved,banana,1589
banana_white_13.jpg,https://drive.google.com/file/d/15uAc6JuDuQPToO__kxrtz9ORAGjOid9L/view?usp=drivesdk,A long item distinguishable by its bright hue and curved form.,189.7,Orange,Summer,Earthy,Curved,banana,1590
banana_white_12.jpg,https://drive.google.com/file/d/1ey5aCZzB9-CPLiSj-durC9MhzcVgNPfS/view?usp=drivesdk,A pale yellow object with a elongated silhouette.,176.4,Yellow,Spring,Earthy,Cylindrical,banana,1591
banana_white_11.jpg,https://drive.google.com/file/d/1cEwldB2WWqxK5oDrLUxTfHDDM_eJYpMe/view?usp=drivesdk,A yellowish organic matter with a oval silhouette.,205.2,Orange,Year Round,Starchy,Long,banana,1592
banana_white_10.jpg,https://drive.google.com/file/d/1xD8zCn_YKP2bXRJnmZEI33kwU7Ep9Vug/view?usp=drivesdk,A golden organic matter with a oval silhouette.,196.7,Orange,Spring,Mild,Curved,banana,1593
banana_white_8.jpg,https://drive.google.com/file/d/1wsMAx_HGiL2coEp8uunYpePJuw6BHdj8/view?usp=drivesdk,A long oblong sample with a polished bright surface.,246.8,Yellow,Spring,Sweet,Asymmetric,banana,1594
banana_white_7.jpg,https://drive.google.com/file/d/1zYFp2li2yQhHlZUkocrateWSzdpeL9qh/view?usp=drivesdk,A long specimen distinguishable by its golden hue and curved form.,257.2,Yellow,Spring,Sweet,Curved,banana,1595
banana_white_6.jpg,https://drive.google.com/file/d/1l1CEkSwDyZoc-nycYZqroAT03llAGzTr/view?usp=drivesdk,A bright organic matter with a oblong silhouette.,268.4,Orange,Summer,Earthy,Asymmetric,banana,1596
banana_white_5.jpg,https://drive.google.com/file/d/1EG2hwfuPEUJ85i4VNbVk_IqQvUY3no6S/view?usp=drivesdk,A long oblong item with a polished yellowish surface.,243,Yellow,Summer,Mild,Curved,banana,1597
banana_white_4.jpg,https://drive.google.com/file/d/1csy7bQV5IFIGwpvXJ2MRxml1-IoqrT-4/view?usp=drivesdk,A yellowish sample with a curved silhouette.,215.5,Orange,Year Round,Starchy,Curved,banana,1598
banana_white_3.jpg,https://drive.google.com/file/d/1pDSnLJVvHNb--rkbTHDuE8t1sdUF5ZlZ/view?usp=drivesdk,This organic matter is oblong and features a glossy appearance.,168.8,Yellow,Summer,Earthy,Asymmetric,banana,1599
banana_white_1.jpg,https://drive.google.com/file/d/16cHyfTbA-0RFEO_dNYKUs21aSRbeF4cM/view?usp=drivesdk,This organic matter is lengthy and features a polished appearance.,194.1,Yellow,Year Round,Mild,Cylindrical,banana,1600
banana_generated_99.jpg,https://drive.google.com/file/d/13eoIyyznF4ptUH8gYov_39T5Zo6CkHhE/view?usp=drivesdk,A yellowish item with a oval silhouette.,245.8,Yellow,Year Round,Earthy,Cylindrical,banana,1601
banana_generated_98.jpg,https://drive.google.com/file/d/1rMteQ6wiOxB-zo0WBHT0iAw-REH7NoGO/view?usp=drivesdk,A long elongated object with a sleek golden surface.,219.9,Yellow,Spring,Sweet,Long,banana,1602
banana_generated_97.jpg,https://drive.google.com/file/d/1sp4rq4h_zLBlHgHEea2t7RwcO1KU8zDs/view?usp=drivesdk,A bright specimen with a lengthy silhouette.,231.1,Orange,Year Round,Sweet,Long,banana,1603
banana_generated_96.jpg,https://drive.google.com/file/d/18uu56i5jxMnu1kK8lUrYuiOjMIypAO3c/view?usp=drivesdk,A long oblong item with a polished yellowish surface.,212.2,Yellow,Year Round,Earthy,Cylindrical,banana,1604
banana_generated_95.jpg,https://drive.google.com/file/d/1sM_gL-l6jGKh-aLnuryTjI90vC8o5tQE/view?usp=drivesdk,This sample is lengthy and features a glossy appearance.,186.6,Orange,Spring,Sweet,Curved,banana,1605
banana_generated_93.jpg,https://drive.google.com/file/d/1hUQ3vwSZ2apBtvzcWKholwSljkgOgKKN/view?usp=drivesdk,A long oval item with a sleek bright surface.,214,Orange,Year Round,Earthy,Cylindrical,banana,1606
banana_generated_90.jpg,https://drive.google.com/file/d/1kKY16P_Rf_z3pLePjJCg4V45EH0LBBJE/view?usp=drivesdk,A medium specimen distinguishable by its yellowish hue and curved form.,193,Orange,Spring,Starchy,Long,banana,1607
banana_generated_89.jpg,https://drive.google.com/file/d/1VIbnbVZ0UOqg-3pnjfD4AjqH71WG4BHU/view?usp=drivesdk,A long oval sample with a smooth pale yellow surface.,174.8,Orange,Year Round,Sweet,Asymmetric,banana,1608
banana_generated_88.jpg,https://drive.google.com/file/d/1sV6027fU9Br7JRlTPAq0rTqf4rrQwO6L/view?usp=drivesdk,A golden organic matter with a oblong silhouette.,186.5,Yellow,Year Round,Sweet,Asymmetric,banana,1609
banana_generated_87.jpg,https://drive.google.com/file/d/17Vd6G1hMGGs9PmqCCatXdAEdqFfGHN9d/view?usp=drivesdk,An organic organic matter that feels sleek to the touch and looks oval.,252.3,Yellow,Year Round,Mild,Asymmetric,banana,1610
banana_generated_86.jpg,https://drive.google.com/file/d/1SSuNAYXphq7evNdMKUqRiDR4qFouyiNP/view?usp=drivesdk,A medium elongated organic matter with a shiny bright surface.,255,Yellow,Summer,Earthy,Asymmetric,banana,1611
banana_generated_85.jpg,https://drive.google.com/file/d/1l8ZU24OAP6AO5pqHHV4vL0JxY_jhrXXl/view?usp=drivesdk,A yellowish sample with a lengthy silhouette.,230.1,Yellow,Year Round,Starchy,Asymmetric,banana,1612
banana_generated_84.jpg,https://drive.google.com/file/d/1_EgLr94w_X2wjL6gxOsypIxdzMr37hJx/view?usp=drivesdk,A golden object with a oval silhouette.,235.7,Yellow,Spring,Sweet,Cylindrical,banana,1613
banana_generated_83.jpg,https://drive.google.com/file/d/1W-6SNPAJM6K1djVFby8hi3wp0yMM7KSH/view?usp=drivesdk,A pale yellow item with a curved silhouette.,189.4,Yellow,Spring,Starchy,Curved,banana,1614
banana_generated_81.jpg,https://drive.google.com/file/d/1IIrRizTPTdEwlzBzVjNLQ8XvsGvRO_cg/view?usp=drivesdk,A long produce distinguishable by its pale yellow hue and oblong form.,201.6,Orange,Summer,Starchy,Curved,banana,1615
banana_generated_80.jpg,https://drive.google.com/file/d/1t9uS_MrRtSO3Nn3XC5T6hRUQ_bxWo5lV/view?usp=drivesdk,A yellowish sample with a lengthy silhouette.,229.2,Yellow,Summer,Starchy,Long,banana,1616
banana_generated_79.jpg,https://drive.google.com/file/d/1vxezNRDuGhAfbgjoENXh1Oc0cRJWLcU7/view?usp=drivesdk,A medium elongated object with a smooth golden surface.,199.8,Orange,Year Round,Sweet,Asymmetric,banana,1617
banana_generated_78.jpg,https://drive.google.com/file/d/1WRyki8aL0vVnjBcwei_9omgu7AnvXkgi/view?usp=drivesdk,A medium oblong specimen with a smooth pale yellow surface.,263.7,Yellow,Year Round,Sweet,Long,banana,1618
banana_generated_77.jpg,https://drive.google.com/file/d/10Nuxl9O9-dfE0EclLRmFgQVc476DxCto/view?usp=drivesdk,A bright produce with a elongated silhouette.,238.9,Orange,Year Round,Earthy,Curved,banana,1619
banana_generated_75.jpg,https://drive.google.com/file/d/1Z6CTb0zyUBDz-rn7R-BOnUTyXa5CKXn4/view?usp=drivesdk,A medium sample distinguishable by its golden hue and lengthy form.,237.4,Orange,Summer,Earthy,Asymmetric,banana,1620
banana_generated_74.jpg,https://drive.google.com/file/d/1mqcrH4zSEGVsJr2QN87SGpPrU-0SamLp/view?usp=drivesdk,A long item distinguishable by its yellowish hue and lengthy form.,203.4,Orange,Summer,Earthy,Curved,banana,1621
banana_generated_73.jpg,https://drive.google.com/file/d/1kWDiMqQEIqCQ3dz9y-OfP-LQwaMgPl3X/view?usp=drivesdk,A medium curved produce with a shiny pale yellow surface.,270.7,Orange,Summer,Earthy,Cylindrical,banana,1622
banana_generated_68.jpg,https://drive.google.com/file/d/1kwMGTw7NEdd0KqCvnjiKuerxG3Nx6fOq/view?usp=drivesdk,A medium object distinguishable by its bright hue and elongated form.,253.9,Orange,Summer,Earthy,Cylindrical,banana,1623
banana_generated_67.jpg,https://drive.google.com/file/d/1mW4gHQrhfdhJaSh6LguqLLpna8ObZ1Rv/view?usp=drivesdk,A medium elongated organic matter with a smooth pale yellow surface.,221,Yellow,Spring,Mild,Asymmetric,banana,1624
banana_generated_66.jpg,https://drive.google.com/file/d/15n9OEeaNfBdqBrpUaZhoW88usOtyW8xe/view?usp=drivesdk,A long item distinguishable by its bright hue and oblong form.,203.9,Yellow,Spring,Starchy,Asymmetric,banana,1625
banana_generated_65.jpg,https://drive.google.com/file/d/1Q9Pq1GAwjBSbF5uuG6FVyKY_Cri_bicq/view?usp=drivesdk,A golden specimen with a elongated silhouette.,243.4,Yellow,Year Round,Sweet,Cylindrical,banana,1626
banana_generated_64.jpg,https://drive.google.com/file/d/1V-bP0thUw6CYwy6sb2kilmzH6lPOXkfn/view?usp=drivesdk,A pale yellow produce with a lengthy silhouette.,246.8,Orange,Spring,Starchy,Curved,banana,1627
banana_generated_62.jpg,https://drive.google.com/file/d/1dkPzI8lXxfh28zBB-1FkmpMcOi_rwKDX/view?usp=drivesdk,A medium oblong produce with a smooth golden surface.,212.6,Yellow,Year Round,Earthy,Curved,banana,1628
banana_generated_61.jpg,https://drive.google.com/file/d/1c4BUHXy_a67S50ZCNwgW7exawW4P52rU/view?usp=drivesdk,A yellowish specimen with a oblong silhouette.,232.6,Yellow,Year Round,Mild,Asymmetric,banana,1629
banana_generated_58.jpg,https://drive.google.com/file/d/1f-oAZuVv7EdRK1dXdjXClVp03Rqgw_56/view?usp=drivesdk,This item is oblong and features a smooth appearance.,228.8,Yellow,Year Round,Sweet,Asymmetric,banana,1630
banana_generated_57.jpg,https://drive.google.com/file/d/1LuuI8J1b6kmMBCHV7YhanOvlInXoX-Jp/view?usp=drivesdk,This object is oblong and features a shiny appearance.,208.5,Yellow,Summer,Mild,Cylindrical,banana,1631
banana_generated_56.jpg,https://drive.google.com/file/d/1Bz5sowy16d_KpwvxT6HAPLkVyZW_XfeH/view?usp=drivesdk,A pale yellow produce with a lengthy silhouette.,219.5,Yellow,Summer,Sweet,Curved,banana,1632
banana_generated_55.jpg,https://drive.google.com/file/d/1zfwjNC1zI-FMj04hNRXK6otl7Bkx8_c4/view?usp=drivesdk,This sample is curved and features a shiny appearance.,192,Yellow,Summer,Earthy,Asymmetric,banana,1633
banana_generated_54.jpg,https://drive.google.com/file/d/1HPdsmgtP5S-8kKsYGtjqVqyfJy6lqY8X/view?usp=drivesdk,This specimen is lengthy and features a smooth appearance.,218.9,Yellow,Spring,Earthy,Curved,banana,1634
banana_generated_52.jpg,https://drive.google.com/file/d/16MBzpROdTrIWNQWWzga9uUdHQ9s_WmGu/view?usp=drivesdk,This specimen is curved and features a smooth appearance.,213.8,Orange,Year Round,Mild,Asymmetric,banana,1635
banana_generated_51.jpg,https://drive.google.com/file/d/15A-4qepFQ_cWnrl8_55juQRyjkLatduq/view?usp=drivesdk,A pale yellow object with a lengthy silhouette.,228.9,Orange,Spring,Earthy,Curved,banana,1636
banana_generated_49.jpg,https://drive.google.com/file/d/1sGKPeT1uRGiXtISRYSXsyAnSznDu56fo/view?usp=drivesdk,A medium curved sample with a glossy golden surface.,219.8,Orange,Summer,Sweet,Cylindrical,banana,1637
banana_generated_48.jpg,https://drive.google.com/file/d/18dPNdjxh7pfQqpDSP7zWG-Z7BWeYjrV8/view?usp=drivesdk,A medium produce distinguishable by its bright hue and elongated form.,180.9,Orange,Spring,Starchy,Cylindrical,banana,1638
banana_generated_47.jpg,https://drive.google.com/file/d/1HooZdF18a1wYq3ApZAYawPXUjh1jR0N2/view?usp=drivesdk,A medium elongated specimen with a sleek yellowish surface.,175.8,Orange,Summer,Mild,Long,banana,1639
banana_generated_46.jpg,https://drive.google.com/file/d/1-kCiWHgc3pwk_syo73tZGCx5DNBmhzrK/view?usp=drivesdk,An organic item that feels glossy to the touch and looks elongated.,195.7,Yellow,Summer,Sweet,Asymmetric,banana,1640
banana_generated_45.jpg,https://drive.google.com/file/d/1EcohmqF4R1kK640oRtROcdcziSXoWcoP/view?usp=drivesdk,A long elongated produce with a shiny yellowish surface.,230.6,Orange,Year Round,Earthy,Asymmetric,banana,1641
banana_generated_44.jpg,https://drive.google.com/file/d/1A0GEX2gT-g0iNwnw6L1crkM4eU-rHmse/view?usp=drivesdk,This object is curved and features a shiny appearance.,238.2,Orange,Summer,Earthy,Curved,banana,1642
banana_generated_43.jpg,https://drive.google.com/file/d/1eNxgKo9RaSs0MhvIEE7zkBhLDQjh1Nm4/view?usp=drivesdk,This organic matter is lengthy and features a polished appearance.,218.3,Yellow,Spring,Mild,Long,banana,1643
banana_generated_42.jpg,https://drive.google.com/file/d/1V7w4a-hNB2DbhI6mMlgDvSRjL4Ltnmsm/view?usp=drivesdk,A golden object with a curved silhouette.,205.9,Yellow,Year Round,Earthy,Cylindrical,banana,1644
banana_generated_41.jpg,https://drive.google.com/file/d/1o7lNASq2Tn2VZN_ME_tUvmcm_o0VRTs6/view?usp=drivesdk,A medium specimen distinguishable by its yellowish hue and oblong form.,215.9,Yellow,Spring,Starchy,Cylindrical,banana,1645
banana_generated_40.jpg,https://drive.google.com/file/d/131FcX-SQ0gkat8VJ4uymvwJcmS_dKGe-/view?usp=drivesdk,This object is oblong and features a polished appearance.,210.9,Orange,Summer,Starchy,Long,banana,1646
banana_generated_39.jpg,https://drive.google.com/file/d/1uLSSfoz0gwBiIuuxJcg0TEcRX5yv-tOD/view?usp=drivesdk,A long sample distinguishable by its golden hue and curved form.,209.7,Orange,Summer,Mild,Cylindrical,banana,1647
banana_generated_37.jpg,https://drive.google.com/file/d/1whDrlY9KZhTUM64gePqnntgy9IZgIO24/view?usp=drivesdk,An organic sample that feels polished to the touch and looks oblong.,184.2,Yellow,Year Round,Sweet,Cylindrical,banana,1648
banana_generated_36.jpg,https://drive.google.com/file/d/1As6zR89_kLkEDl0WVOPM9dMAfTAwh1FV/view?usp=drivesdk,An organic object that feels smooth to the touch and looks lengthy.,269.5,Yellow,Year Round,Mild,Curved,banana,1649
banana_generated_33.jpg,https://drive.google.com/file/d/1vHYk5hQZdD8wXocNKoZCd1CMDbQidhvx/view?usp=drivesdk,This specimen is curved and features a shiny appearance.,188,Orange,Spring,Starchy,Cylindrical,banana,1650
banana_generated_32.jpg,https://drive.google.com/file/d/1NArGewhZZnVvq5cDxD5c6z88N6TAeyn5/view?usp=drivesdk,A medium elongated item with a smooth yellowish surface.,184.5,Yellow,Year Round,Earthy,Cylindrical,banana,1651
banana_generated_31.jpg,https://drive.google.com/file/d/1TASrNVI24Ag1HAYJYFA8v53f7xHze5-9/view?usp=drivesdk,A yellowish produce with a elongated silhouette.,237.9,Orange,Year Round,Mild,Cylindrical,banana,1652
banana_generated_28.jpg,https://drive.google.com/file/d/1C4Q2O8UgfSEX1yIyzobQQA81xYg5v9Sj/view?usp=drivesdk,An organic organic matter that feels sleek to the touch and looks oblong.,200.4,Orange,Summer,Sweet,Curved,banana,1653
banana_generated_27.jpg,https://drive.google.com/file/d/1yToPYxC0_CzRCzel8nHmeW0Hi61qsCu5/view?usp=drivesdk,An organic sample that feels polished to the touch and looks oval.,217,Yellow,Year Round,Starchy,Curved,banana,1654
banana_generated_24.jpg,https://drive.google.com/file/d/1fvdOY2ZRR3lYUC_z56eV8NWKnalMh8be/view?usp=drivesdk,A pale yellow specimen with a elongated silhouette.,204.3,Orange,Year Round,Mild,Curved,banana,1655
banana_generated_23.jpg,https://drive.google.com/file/d/1YQTtJ_7a23MVgeEPgW7yp12PsyWjURBX/view?usp=drivesdk,An organic object that feels shiny to the touch and looks oblong.,195,Yellow,Spring,Mild,Curved,banana,1656
banana_generated_22.jpg,https://drive.google.com/file/d/15kG6Ys4AMsz820Bz07WIJrbU1uMckGrT/view?usp=drivesdk,A medium oblong sample with a polished golden surface.,166.8,Orange,Year Round,Earthy,Long,banana,1657
banana_generated_20.jpg,https://drive.google.com/file/d/1DcKYf2X7QiAx6QJwsNPIevok1JcDUklc/view?usp=drivesdk,A medium oval item with a shiny golden surface.,157.1,Orange,Year Round,Sweet,Curved,banana,1658
banana_generated_19.jpg,https://drive.google.com/file/d/1f4tQy0_SlvF8gKtgnvjnecioA4k-qf9S/view?usp=drivesdk,This produce is curved and features a shiny appearance.,265.1,Yellow,Spring,Starchy,Cylindrical,banana,1659
banana_generated_18.jpg,https://drive.google.com/file/d/1anD9xkUXB9VzG9wU98N8VazWuyGxSMZl/view?usp=drivesdk,This specimen is oblong and features a shiny appearance.,204.3,Yellow,Year Round,Mild,Cylindrical,banana,1660
banana_generated_17.jpg,https://drive.google.com/file/d/1SqH_4LxIvIYuZEVnbhvNdO2hblrXlqeM/view?usp=drivesdk,A yellowish sample with a elongated silhouette.,188.5,Orange,Spring,Starchy,Cylindrical,banana,1661
banana_generated_16.jpg,https://drive.google.com/file/d/1W0QEpGZlANEjgajDurku2z1y6ztqzBZo/view?usp=drivesdk,A long elongated object with a shiny yellowish surface.,217.7,Yellow,Year Round,Starchy,Curved,banana,1662
banana_generated_15.jpg,https://drive.google.com/file/d/1tXmgL2rxF3CFh8mucwdMRYUZXKW9ZFTj/view?usp=drivesdk,A long oval item with a smooth bright surface.,186.8,Orange,Summer,Mild,Long,banana,1663
banana_generated_14.jpg,https://drive.google.com/file/d/1pmmeHrZ0fbOMFoiHVEWM1yQ9dhumOggx/view?usp=drivesdk,A medium specimen distinguishable by its golden hue and lengthy form.,204.2,Orange,Summer,Starchy,Asymmetric,banana,1664
banana_generated_13.jpg,https://drive.google.com/file/d/15n_uQN9RpZ6ZlHA4HE7Fi9N2aJML0-FU/view?usp=drivesdk,A long sample distinguishable by its yellowish hue and elongated form.,224,Yellow,Spring,Starchy,Long,banana,1665
banana_generated_9.jpg,https://drive.google.com/file/d/1Wy1xnXqguv-Gzvm7DmzENXgF-vRS9d29/view?usp=drivesdk,A bright object with a oblong silhouette.,185.6,Orange,Spring,Mild,Curved,banana,1666
banana_generated_8.jpg,https://drive.google.com/file/d/1jMylO562vuqVV66BbdLiKT-c_DUUzy6k/view?usp=drivesdk,A long elongated produce with a glossy bright surface.,183.4,Yellow,Year Round,Starchy,Cylindrical,banana,1667
banana_generated_7.jpg,https://drive.google.com/file/d/1GwdHOhZF0k3EdlErUWMSZ8ffmqGAmWUr/view?usp=drivesdk,A long object distinguishable by its yellowish hue and oblong form.,179.2,Orange,Summer,Mild,Asymmetric,banana,1668
banana_generated_6.jpg,https://drive.google.com/file/d/1MrKj6xJM_GjuQKQTn-EhOM7PwU93MaBp/view?usp=drivesdk,An organic produce that feels shiny to the touch and looks oval.,244.4,Orange,Spring,Sweet,Cylindrical,banana,1669
banana_generated_4.jpg,https://drive.google.com/file/d/1BUZAPFwuZAv7rULJ3Igxu_hic8dqrYAF/view?usp=drivesdk,A bright organic matter with a curved silhouette.,256.4,Yellow,Spring,Starchy,Cylindrical,banana,1670
banana_generated_3.jpg,https://drive.google.com/file/d/1Nb4vOZlHzs2yvf-B0d4miT6WbIRfr-B1/view?usp=drivesdk,A long produce distinguishable by its golden hue and elongated form.,222.6,Yellow,Year Round,Sweet,Asymmetric,banana,1671
banana_generated_2.jpg,https://drive.google.com/file/d/1PYZ0VB3y27qSfp5GH-78kHC7ErNxI_EG/view?usp=drivesdk,An organic object that feels smooth to the touch and looks curved.,213.2,Orange,Summer,Sweet,Asymmetric,banana,1672
banana_generated_1.jpg,https://drive.google.com/file/d/1K9bezNYWYEeubdEVMzqzSvKYDRWjZhP9/view?usp=drivesdk,This produce is oblong and features a sleek appearance.,185.4,Yellow,Year Round,Earthy,Asymmetric,banana,1673
IMG_9647_aug2.jpg,https://drive.google.com/file/d/1AyJiJsDn2WLNqNkuIPgvlF7b8DaiXF_9/view?usp=drivesdk,A long oblong sample with a polished golden surface.,226.1,Brown,Year Round,Sweet,Curved,banana,1674
IMG_9647_aug3.jpg,https://drive.google.com/file/d/1UiXMVM-zSiFuLyivF96wkfX6RXD4Lybi/view?usp=drivesdk,This item is elongated and features a sleek appearance.,245,Yellow,Spring,Sweet,Cylindrical,banana,1675
IMG_1003_aug2.jpg,https://drive.google.com/file/d/1W376SAZVob7lXPvz0K1-d2V4_hu67s39/view?usp=drivesdk,This produce is elongated and features a polished appearance.,215.4,Yellow,Summer,Sweet,Long,banana,1676
IMG_0861_aug3.jpg,https://drive.google.com/file/d/1Wl04COm3AT40C35z8PWXQ1fz-4XnkQcY/view?usp=drivesdk,This specimen is elongated and features a shiny appearance.,187.3,Yellow,Spring,Mild,Cylindrical,banana,1677
IMG_9646_aug3.jpg,https://drive.google.com/file/d/1ZCuj15LJto0Gu3YfF5ANEllgNnmn7auV/view?usp=drivesdk,An organic item that feels smooth to the touch and looks lengthy.,196.6,Yellow,Summer,Earthy,Cylindrical,banana,1678
IMG_1002_aug3.jpg,https://drive.google.com/file/d/1fy74bxVTdRDeWNiO0FqnSq_L5qMrVKHh/view?usp=drivesdk,A pale yellow produce with a lengthy silhouette.,220.5,Yellow,Year Round,Starchy,Cylindrical,banana,1679
IMG_0987_aug1.jpg,https://drive.google.com/file/d/1jt-4Py3PMSRb4LhQfWcZ6ccqx3FUqP4q/view?usp=drivesdk,An organic item that feels glossy to the touch and looks lengthy.,212.3,Yellow,Spring,Mild,Cylindrical,banana,1680
IMG_9469_aug3.jpg,https://drive.google.com/file/d/1k2qApIaxvXuzSF4P-Ez73ch4o7EXz-tM/view?usp=drivesdk,This sample is lengthy and features a polished appearance.,241.8,Yellow,Year Round,Starchy,Curved,banana,1681
IMG_1003_aug3.jpg,https://drive.google.com/file/d/1mLboUJgbY3eJ1t4eJ6vSTfpwo4z29Iwy/view?usp=drivesdk,An organic organic matter that feels polished to the touch and looks curved.,223.6,Yellow,Summer,Starchy,Cylindrical,banana,1682
IMG_0986_aug1.jpg,https://drive.google.com/file/d/1patCO1ZEvVu4OSbxrSsORtqeOsEvq6BL/view?usp=drivesdk,This produce is oblong and features a smooth appearance.,223.5,Yellow,Spring,Mild,Long,banana,1683
IMG_9646_aug2.jpg,https://drive.google.com/file/d/1ysr4ILYIgw0NGxzW3G0ZfnU8hdT6vEM3/view?usp=drivesdk,A pale yellow object with a elongated silhouette.,221.9,Yellow,Summer,Earthy,Asymmetric,banana,1684
IMG_1002_aug2.jpg,https://drive.google.com/file/d/1-83sOo9sE1mDt3pZNU_KdwC9BYXhFRyp/view?usp=drivesdk,This sample is curved and features a polished appearance.,208.3,Yellow,Summer,Sweet,Curved,banana,1685
IMG_0986_aug2.jpg,https://drive.google.com/file/d/1-E4ZRU0h-1Oyh2Sen7GYhYH8LgLo77ox/view?usp=drivesdk,An organic produce that feels polished to the touch and looks oblong.,246.5,Brown,Year Round,Starchy,Long,banana,1686
IMG_9469_aug2.jpg,https://drive.google.com/file/d/10NywhtRfY-EDeVzEg4IfUlP-xYAmNlI6/view?usp=drivesdk,A long organic matter distinguishable by its golden hue and lengthy form.,226.7,Yellow,Year Round,Starchy,Cylindrical,banana,1687
IMG_1002_aug1.jpg,https://drive.google.com/file/d/11IAW3dn0LLPHDnWkgYzR8xF0QWnbYibp/view?usp=drivesdk,A long lengthy specimen with a sleek yellowish surface.,202.3,Yellow,Spring,Mild,Asymmetric,banana,1688
IMG_9647_aug1.jpg,https://drive.google.com/file/d/16lJY031R_FnxojySV3xUMKQd8_GZUjNq/view?usp=drivesdk,A medium oval sample with a smooth pale yellow surface.,143,Yellow,Spring,Mild,Asymmetric,banana,1689
IMG_0962_aug1.jpg,https://drive.google.com/file/d/1HeJRtwddYL9Hrbf-GW8YEypoMFHjXN_t/view?usp=drivesdk,A medium oblong produce with a sleek pale yellow surface.,218.5,Brown,Spring,Starchy,Long,banana,1690
IMG_0861_aug2.jpg,https://drive.google.com/file/d/1pJhyUT1fvDb6UknHgHicPZkg1nwd7I1e/view?usp=drivesdk,A long oval produce with a glossy pale yellow surface.,244.3,Yellow,Year Round,Sweet,Long,banana,1691
IMG_9646_aug1.jpg,https://drive.google.com/file/d/1tfQ9_Z9EYdDVzSNpR38khvxv0V6OBSMh/view?usp=drivesdk,This organic matter is oblong and features a shiny appearance.,199.6,Yellow,Summer,Earthy,Cylindrical,banana,1692
IMG_0962_aug3.jpg,https://drive.google.com/file/d/1uO45BcJtt5UTrQagHfeh0wtUs4WkFIJs/view?usp=drivesdk,An organic item that feels sleek to the touch and looks oval.,224.4,Yellow,Spring,Mild,Asymmetric,banana,1693
IMG_0987_aug2.jpg,https://drive.google.com/file/d/1wSxKoIoLG3ory7MPDfMRLU8FJPjfvV-U/view?usp=drivesdk,An organic object that feels shiny to the touch and looks elongated.,202.2,Yellow,Spring,Starchy,Cylindrical,banana,1694
IMG_9650_aug3.jpg,https://drive.google.com/file/d/14BsoUYreGxIoZENDqPjeZzgPBKVyyIDp/view?usp=drivesdk,An organic object that feels sleek to the touch and looks curved.,213.7,Yellow,Summer,Earthy,Curved,banana,1695
IMG_0990_aug1.jpg,https://drive.google.com/file/d/1C8LyNhYf14opj5hGc7JP_1oXMA1PjMJY/view?usp=drivesdk,This item is oblong and features a sleek appearance.,224.9,Yellow,Spring,Mild,Asymmetric,banana,1696
IMG_9651_aug3.jpg,https://drive.google.com/file/d/1FbYnxf-NFp0KcGo-62V-hY7paWKgZOXX/view?usp=drivesdk,A long oval object with a shiny yellowish surface.,215.7,Yellow,Summer,Earthy,Long,banana,1697
IMG_0861_aug1.jpg,https://drive.google.com/file/d/1Pnm06aRFU-VnhwwuwWHDMiU6UQGDUC_C/view?usp=drivesdk,A long oval object with a polished bright surface.,198.4,Yellow,Spring,Starchy,Long,banana,1698
IMG_1003_aug1.jpg,https://drive.google.com/file/d/1h2rL3RtHHHa20W1WCsHv8hMo9yODDn_A/view?usp=drivesdk,A bright produce with a lengthy silhouette.,198.8,Yellow,Summer,Starchy,Asymmetric,banana,1699
IMG_0986_aug3.jpg,https://drive.google.com/file/d/1ihdAKFEWxuY7uRTELXcoKbvbwG2ptuVV/view?usp=drivesdk,A long curved organic matter with a glossy pale yellow surface.,210.1,Yellow,Summer,Earthy,Long,banana,1700
IMG_0987_aug3.jpg,https://drive.google.com/file/d/1j--eBhtox-b4f6HZVAIWCaEU_JKrAQ3E/view?usp=drivesdk,This object is lengthy and features a sleek appearance.,257.4,Yellow,Summer,Sweet,Asymmetric,banana,1701
IMG_9469_aug1.jpg,https://drive.google.com/file/d/1otx6PdwxkC4oHDbMmhud84CHFWJNANr_/view?usp=drivesdk,An organic sample that feels glossy to the touch and looks elongated.,236.4,Yellow,Spring,Earthy,Asymmetric,banana,1702
IMG_0962_aug2.jpg,https://drive.google.com/file/d/1tBOVO4qAZhjXyh_ykLVIbTX7ZZODIIFW/view?usp=drivesdk,A medium elongated item with a sleek bright surface.,205.4,Yellow,Spring,Earthy,Long,banana,1703
IMG_0974_aug1.jpg,https://drive.google.com/file/d/1-GjlnRD9CrqnBbVHQNuLbKCFx7MiV8jB/view?usp=drivesdk,This specimen is lengthy and features a shiny appearance.,241.7,Brown,Year Round,Starchy,Curved,banana,1704
IMG_9576_aug3.jpg,https://drive.google.com/file/d/114-5iWaF84EeanVn1Gi7xww1QOjnVIzv/view?usp=drivesdk,This object is curved and features a sleek appearance.,157.6,Yellow,Summer,Starchy,Curved,banana,1705
IMG_9577_aug2.jpg,https://drive.google.com/file/d/19mPBhEF-B7ON5vbKxI9DeXZpV3k1KRPV/view?usp=drivesdk,This sample is curved and features a glossy appearance.,223.2,Yellow,Year Round,Sweet,Cylindrical,banana,1706
IMG_9650_aug2.jpg,https://drive.google.com/file/d/1C4S0sL6Ey7KBkp-comqJNhXo8d9eBaI3/view?usp=drivesdk,A long elongated produce with a shiny bright surface.,223,Yellow,Summer,Starchy,Asymmetric,banana,1707
IMG_0991_aug2.jpg,https://drive.google.com/file/d/1LNBQL_fUvlNN1O-NyFfwLLqvXspI-1mq/view?usp=drivesdk,A bright specimen with a oblong silhouette.,202.5,Yellow,Year Round,Sweet,Long,banana,1708
IMG_0974_aug3.jpg,https://drive.google.com/file/d/1QOk0rnF9Rpm9-XXJZhozBYxdFLdtBfFm/view?usp=drivesdk,This specimen is lengthy and features a smooth appearance.,218,Yellow,Year Round,Sweet,Asymmetric,banana,1709
IMG_0975_aug3.jpg,https://drive.google.com/file/d/1S7QysOwjhDuXObv1ToZlDAp0XSgAAWho/view?usp=drivesdk,A golden produce with a elongated silhouette.,195.4,Yellow,Spring,Earthy,Long,banana,1710
IMG_0975_aug1.jpg,https://drive.google.com/file/d/1cUYQERqGvoab5RHzbqIjoDaQIa5Wftkz/view?usp=drivesdk,A bright specimen with a oval silhouette.,191.5,Yellow,Year Round,Mild,Long,banana,1711
IMG_0991_aug1.jpg,https://drive.google.com/file/d/1pjUABFs1vOueDcXZmwBPE26DZHtSvnxE/view?usp=drivesdk,An organic organic matter that feels shiny to the touch and looks curved.,228.2,Yellow,Year Round,Starchy,Cylindrical,banana,1712
IMG_9577_aug3.jpg,https://drive.google.com/file/d/1r2BCUSdvhgP3LesM1iYN0gJrJ9II830g/view?usp=drivesdk,A bright item with a lengthy silhouette.,221.9,Yellow,Summer,Starchy,Long,banana,1713
IMG_9651_aug2.jpg,https://drive.google.com/file/d/1r9CN2PL5-5yEtDnDGEAJvnRqanKF8dXB/view?usp=drivesdk,A pale yellow item with a curved silhouette.,224,Brown,Spring,Sweet,Cylindrical,banana,1714
IMG_9576_aug2.jpg,https://drive.google.com/file/d/1x8WF0EME6nXeqZqImaNLA3NIMY6l53oW/view?usp=drivesdk,An organic organic matter that feels smooth to the touch and looks oblong.,185.9,Yellow,Summer,Starchy,Asymmetric,banana,1715
IMG_9650_aug1.jpg,https://drive.google.com/file/d/1-6X8imV6WaqmsOUbCE_go0E2OEhVbCqh/view?usp=drivesdk,This object is curved and features a smooth appearance.,242.4,Yellow,Summer,Earthy,Cylindrical,banana,1716
IMG_9576_aug1.jpg,https://drive.google.com/file/d/18SRyDirRNtSj7ERgTxuZos2lQ4l8Yvyj/view?usp=drivesdk,A long organic matter distinguishable by its bright hue and oval form.,194.8,Yellow,Spring,Sweet,Curved,banana,1717
IMG_0991_aug3.jpg,https://drive.google.com/file/d/1FSW0_LCTJUVhC0PiOjkqlnE-JMpA2qCK/view?usp=drivesdk,An organic object that feels polished to the touch and looks elongated.,238,Yellow,Year Round,Mild,Long,banana,1718
IMG_9577_aug1.jpg,https://drive.google.com/file/d/1QnrOZZQ858LycyAXtqiyU1XMUVQWlghK/view?usp=drivesdk,This sample is elongated and features a sleek appearance.,197,Yellow,Summer,Sweet,Cylindrical,banana,1719
IMG_9651_aug1.jpg,https://drive.google.com/file/d/1T8itrieGk5Sd3BFJJXbH5_lGMYI9FtEL/view?usp=drivesdk,This produce is curved and features a glossy appearance.,197,Yellow,Spring,Starchy,Cylindrical,banana,1720
IMG_0975_aug2.jpg,https://drive.google.com/file/d/1dkV1azGl4LqftfPwNPu0wiACg5SHUx4z/view?usp=drivesdk,This item is curved and features a sleek appearance.,184,Green,Year Round,Starchy,Curved,banana,1721
IMG_0974_aug2.jpg,https://drive.google.com/file/d/1hv8wxZ0hwBKk3owwYK_EQAGhxmmtGOS9/view?usp=drivesdk,An organic produce that feels smooth to the touch and looks lengthy.,217.4,Yellow,Spring,Sweet,Curved,banana,1722
IMG_0990_aug2.jpg,https://drive.google.com/file/d/1ijZUO1_OqGncshUmJRmDlkQbfnlvgbiJ/view?usp=drivesdk,A medium sample distinguishable by its yellowish hue and lengthy form.,192.5,Yellow,Spring,Sweet,Asymmetric,banana,1723
IMG_0990_aug3.jpg,https://drive.google.com/file/d/1taD3jRwidI4Nvl0qSox26kmvXLRTDKCV/view?usp=drivesdk,A golden organic matter with a oblong silhouette.,258.4,Brown,Spring,Starchy,Curved,banana,1724
IMG_9570_aug2.jpg,https://drive.google.com/file/d/12718i0Ix12tTzeClyVr7BQw_t-wlOeMm/view?usp=drivesdk,This object is oblong and features a shiny appearance.,203.6,Yellow,Year Round,Mild,Long,banana,1725
IMG_0946_aug3.jpg,https://drive.google.com/file/d/1EI7YM327jCackvswhv6iYiF64L9oGmhy/view?usp=drivesdk,A bright sample with a lengthy silhouette.,214.3,Yellow,Spring,Mild,Asymmetric,banana,1726
IMG_0871_aug3.jpg,https://drive.google.com/file/d/1I46CbclQxw7PuGI2UfHoF4i6FS5ct8Et/view?usp=drivesdk,A long item distinguishable by its yellowish hue and oblong form.,160.6,Yellow,Year Round,Earthy,Curved,banana,1727
IMG_9570_aug3.jpg,https://drive.google.com/file/d/1JX-HvZhh4VAWsGgK1GJADqmehWgko7Y4/view?usp=drivesdk,A golden item with a lengthy silhouette.,255.1,Yellow,Spring,Sweet,Asymmetric,banana,1728
IMG_9571_aug2.jpg,https://drive.google.com/file/d/1Rq2CTz9KECjlfgbWKXfC1FNAIfjhLuig/view?usp=drivesdk,A bright organic matter with a oval silhouette.,256.8,Orange,Summer,Sweet,Long,banana,1729
IMG_0979_aug3.jpg,https://drive.google.com/file/d/1VSVBTK6fEy1VsSonBWl80-qo5GVsuYBn/view?usp=drivesdk,A golden sample with a oblong silhouette.,228,Yellow,Year Round,Earthy,Curved,banana,1730
IMG_9571_aug3.jpg,https://drive.google.com/file/d/1aAIWTEUH0zU1ZePz7vLrbDyfa8Y8joxr/view?usp=drivesdk,A yellowish specimen with a elongated silhouette.,199.6,Yellow,Summer,Sweet,Curved,banana,1731
IMG_0996_aug1.jpg,https://drive.google.com/file/d/1bABhT0zNsrEbuEPODOwWBmddX_cNqx5U/view?usp=drivesdk,This sample is curved and features a glossy appearance.,190,Yellow,Summer,Mild,Cylindrical,banana,1732
IMG_0870_aug3.jpg,https://drive.google.com/file/d/1ffz13AZCHDZj9uWaur1vOfVZAty443FY/view?usp=drivesdk,A medium specimen distinguishable by its bright hue and oval form.,246.2,Green,Summer,Mild,Cylindrical,banana,1733
IMG_0997_aug1.jpg,https://drive.google.com/file/d/1i1hIxkyvGf1kl4SncVDUDxc9GvYvOEU9/view?usp=drivesdk,This sample is elongated and features a glossy appearance.,253.4,Yellow,Year Round,Mild,Curved,banana,1734
IMG_0946_aug2.jpg,https://drive.google.com/file/d/1t76hPT3F1F5ZY3H385qBQfZE-lCE7mKa/view?usp=drivesdk,A bright item with a lengthy silhouette.,242.7,Brown,Summer,Sweet,Cylindrical,banana,1735
IMG_0946_aug1.jpg,https://drive.google.com/file/d/10CF6aBVRkWLoBd6vXvvd2xGnMmu7qZ85/view?usp=drivesdk,An organic organic matter that feels shiny to the touch and looks lengthy.,191.8,Yellow,Spring,Mild,Long,banana,1736
IMG_0973_aug1.jpg,https://drive.google.com/file/d/12jSV_I06aBCzkc2zoC92Y6tkVAgKMgxH/view?usp=drivesdk,A long organic matter distinguishable by its yellowish hue and oval form.,184.1,Yellow,Year Round,Mild,Asymmetric,banana,1737
IMG_0997_aug3.jpg,https://drive.google.com/file/d/17hTdqPyvodBAv4GdhEKXKTBz2hio3oEr/view?usp=drivesdk,This specimen is oblong and features a polished appearance.,161.8,Yellow,Spring,Mild,Long,banana,1738
IMG_0871_aug2.jpg,https://drive.google.com/file/d/1Ba78e_BGySfYzb8PsGs4A9eTfQKGUNnL/view?usp=drivesdk,An organic sample that feels smooth to the touch and looks curved.,232.4,Yellow,Spring,Starchy,Cylindrical,banana,1739
IMG_9472_aug1.jpg,https://drive.google.com/file/d/1GKwJ5rcAVNVHHLNCY_JMdN655xqBeHq4/view?usp=drivesdk,This object is lengthy and features a smooth appearance.,233.2,Yellow,Year Round,Mild,Long,banana,1740
IMG_9472_aug3.jpg,https://drive.google.com/file/d/1HdbM7sN4dW3IFPKEvRdDSIhrtb0LNlkG/view?usp=drivesdk,An organic specimen that feels sleek to the touch and looks oval.,220.6,Yellow,Year Round,Sweet,Cylindrical,banana,1741
IMG_9571_aug1.jpg,https://drive.google.com/file/d/1IJuoo4tnsiom_DirDfXvoIZyvux5cil9/view?usp=drivesdk,A bright specimen with a curved silhouette.,242.2,Yellow,Spring,Earthy,Asymmetric,banana,1742
IMG_0997_aug2.jpg,https://drive.google.com/file/d/1LIPJ-rwTeSl0BFziqUnT8HLJHN-MZZ-s/view?usp=drivesdk,A medium oval sample with a sleek pale yellow surface.,200.5,Yellow,Year Round,Starchy,Long,banana,1743
IMG_0972_aug3.jpg,https://drive.google.com/file/d/1OGJu3hMQCGaQkNCsd5Gxy1v0yYjeTdi1/view?usp=drivesdk,An organic organic matter that feels polished to the touch and looks curved.,202.2,Brown,Summer,Earthy,Asymmetric,banana,1744
IMG_0870_aug2.jpg,https://drive.google.com/file/d/1dqnGzEGg-CfmexjmwuRfLzwR5aKcA5sK/view?usp=drivesdk,A long specimen distinguishable by its pale yellow hue and lengthy form.,189.9,Yellow,Summer,Earthy,Long,banana,1745
IMG_0996_aug2.jpg,https://drive.google.com/file/d/1pV8RjRHJATi-eKG3TjQ2Nj620s0FIjGN/view?usp=drivesdk,A yellowish produce with a oval silhouette.,196.2,Yellow,Year Round,Sweet,Cylindrical,banana,1746
IMG_0973_aug3.jpg,https://drive.google.com/file/d/1qqPUm-J1Ra_s2UGCxlw8qGNoBVOminj3/view?usp=drivesdk,This specimen is oval and features a polished appearance.,201.7,Brown,Year Round,Starchy,Long,banana,1747
IMG_0979_aug2.jpg,https://drive.google.com/file/d/1v8Mrvrvv5juSiNJ0WowfsA_Rm55mmJh6/view?usp=drivesdk,An organic organic matter that feels glossy to the touch and looks oblong.,246,Yellow,Spring,Earthy,Curved,banana,1748
IMG_0972_aug1.jpg,https://drive.google.com/file/d/1xsb4Zyfjds__CgpYwvx3UdkXXEkElMZG/view?usp=drivesdk,A long item distinguishable by its pale yellow hue and oval form.,260.7,Brown,Summer,Sweet,Curved,banana,1749
IMG_9472_aug2.jpg,https://drive.google.com/file/d/12OCu2BGCDM9iHlc0NDxv1H_zJKumA8OO/view?usp=drivesdk,A long lengthy specimen with a polished bright surface.,202.3,Brown,Year Round,Sweet,Cylindrical,banana,1750
IMG_9570_aug1.jpg,https://drive.google.com/file/d/15WibxwR3tSmb9IisHEWq4BeQvNh_sL3o/view?usp=drivesdk,A long item distinguishable by its bright hue and curved form.,200.6,Yellow,Spring,Starchy,Asymmetric,banana,1751
IMG_0981_aug1.jpg,https://drive.google.com/file/d/1FJ5GdGTLOgXSXWdZNsAGoidCQCtouITe/view?usp=drivesdk,This object is lengthy and features a shiny appearance.,217.8,Brown,Spring,Sweet,Asymmetric,banana,1752
IMG_9567_aug3.jpg,https://drive.google.com/file/d/1GPdOvM4FLWqYF17L-EfD5gLrDcD19tAN/view?usp=drivesdk,A golden organic matter with a curved silhouette.,233.2,Yellow,Year Round,Sweet,Asymmetric,banana,1753
IMG_0996_aug3.jpg,https://drive.google.com/file/d/1H8Xtaq1EQxc3lMCrmqU0tv0KGRYip8R1/view?usp=drivesdk,This item is curved and features a sleek appearance.,178.8,Yellow,Summer,Mild,Cylindrical,banana,1754
IMG_0980_aug1.jpg,https://drive.google.com/file/d/1IG_Ukfc6v5aF-1Ua74GcEZPcw_dFtYsu/view?usp=drivesdk,A long curved organic matter with a glossy pale yellow surface.,176.3,Yellow,Spring,Starchy,Cylindrical,banana,1755
IMG_1005_aug3.jpg,https://drive.google.com/file/d/1NOuicop4RjmD4FWAUqhzJTBJ9lEWuZ_5/view?usp=drivesdk,This produce is oblong and features a polished appearance.,206.8,Yellow,Spring,Sweet,Long,banana,1756
IMG_0871_aug1.jpg,https://drive.google.com/file/d/1O2a9pA5mDUePPk5pE_LuSJdq3ky-JamB/view?usp=drivesdk,An organic object that feels sleek to the touch and looks curved.,206.3,Yellow,Summer,Mild,Curved,banana,1757
IMG_0979_aug1.jpg,https://drive.google.com/file/d/1YuIU_AV0GUNUaAovJcI1W3Aaa8Iw5OmF/view?usp=drivesdk,A bright organic matter with a oval silhouette.,220,Yellow,Summer,Sweet,Long,banana,1758
IMG_0950_aug2.jpg,https://drive.google.com/file/d/1oDQYM6YGTCZcxd399PFDLb1SvCD4d_4C/view?usp=drivesdk,A long lengthy object with a smooth bright surface.,236.7,Brown,Year Round,Mild,Long,banana,1759
IMG_0972_aug2.jpg,https://drive.google.com/file/d/1oxa2dzp6hwdjU5mvI7ae3I9UR61A4C3N/view?usp=drivesdk,A long item distinguishable by its yellowish hue and oblong form.,262,Brown,Year Round,Starchy,Cylindrical,banana,1760
IMG_0870_aug1.jpg,https://drive.google.com/file/d/1rc956vBFFq8me5agz4Yde2cxoISZzOsa/view?usp=drivesdk,A long curved produce with a polished golden surface.,189.7,Yellow,Summer,Sweet,Long,banana,1761
IMG_0973_aug2.jpg,https://drive.google.com/file/d/1uSXaYo-qs9bO8l63yCK02W4AqVXQw7TM/view?usp=drivesdk,A yellowish item with a elongated silhouette.,208.6,Yellow,Year Round,Sweet,Asymmetric,banana,1762
IMG_1004_aug3.jpg,https://drive.google.com/file/d/10Eu0k86D7GELNuiNbp7VMBapCAqf5s4N/view?usp=drivesdk,A long oblong item with a glossy pale yellow surface.,212.6,Yellow,Spring,Earthy,Cylindrical,banana,1763
IMG_9640_aug3.jpg,https://drive.google.com/file/d/1cxyOwyJd_ObHKuGB2z2GmV2PqL-DrHDJ/view?usp=drivesdk,A medium organic matter distinguishable by its golden hue and oblong form.,206.4,Yellow,Year Round,Sweet,Cylindrical,banana,1764
IMG_0867_aug3.jpg,https://drive.google.com/file/d/1egJslLM05lNkht_ORzChum_6FzUdfMQc/view?usp=drivesdk,A medium curved sample with a smooth yellowish surface.,204.1,Green,Year Round,Sweet,Curved,banana,1765
IMG_0867_aug2.jpg,https://drive.google.com/file/d/1hfoR2BVhSmWoGYhX0shbT_Sd9SVN_UTj/view?usp=drivesdk,A pale yellow organic matter with a curved silhouette.,166.4,Green,Summer,Earthy,Long,banana,1766
IMG_0866_aug3.jpg,https://drive.google.com/file/d/1le89T1CMzzxz7s4-iNHxtkCKwSVVmRPq/view?usp=drivesdk,A bright organic matter with a oblong silhouette.,221.5,Yellow,Spring,Starchy,Asymmetric,banana,1767
IMG_0866_aug2.jpg,https://drive.google.com/file/d/1nHttqLKNiH9jJnojkFjOlNP1OMeT_3dC/view?usp=drivesdk,A long organic matter distinguishable by its bright hue and oblong form.,205.6,Yellow,Summer,Starchy,Asymmetric,banana,1768
IMG_9640_aug2.jpg,https://drive.google.com/file/d/1vcm6TbDiiDhsGBT9lH2iB8dj73kGXxnn/view?usp=drivesdk,This item is lengthy and features a sleek appearance.,202.6,Yellow,Year Round,Starchy,Cylindrical,banana,1769
IMG_9641_aug3.jpg,https://drive.google.com/file/d/1z0v7WfS7_mgjI_5mkqpKn8n5TOxGeLRY/view?usp=drivesdk,A medium oval specimen with a sleek bright surface.,265.5,Yellow,Spring,Earthy,Cylindrical,banana,1770
IMG_1005_aug2.jpg,https://drive.google.com/file/d/1QRd7t4cluNWb0HMVSUCrhyiROHcUqrnr/view?usp=drivesdk,This item is oval and features a sleek appearance.,193.5,Brown,Summer,Mild,Curved,banana,1771
IMG_0980_aug2.jpg,https://drive.google.com/file/d/1YOL4iSm5EBFEOkMdNcKTXAJmGzW43i8a/view?usp=drivesdk,A long sample distinguishable by its bright hue and elongated form.,196.7,Yellow,Summer,Earthy,Curved,banana,1772
IMG_0964_aug3.jpg,https://drive.google.com/file/d/1lT1SGohBrrwr3yubDk6DOaTiKTwUXoWU/view?usp=drivesdk,This item is lengthy and features a sleek appearance.,237.5,Yellow,Spring,Sweet,Cylindrical,banana,1773
IMG_0964_aug1.jpg,https://drive.google.com/file/d/14FE-S_XssAAIimUlh3aBFBfnG4_GH5Tp/view?usp=drivesdk,A bright produce with a oval silhouette.,226.1,Yellow,Spring,Starchy,Long,banana,1774
IMG_9641_aug1.jpg,https://drive.google.com/file/d/14ZCMFBFCL-DTi6O20meSjbYq5JPpbUIe/view?usp=drivesdk,This object is curved and features a smooth appearance.,222.8,Yellow,Summer,Earthy,Long,banana,1775
IMG_9567_aug2.jpg,https://drive.google.com/file/d/16TcI4un3OpZYTSGWqcUtg1k2pJhC0WZP/view?usp=drivesdk,A golden organic matter with a curved silhouette.,244.6,Yellow,Summer,Sweet,Curved,banana,1776
IMG_0866_aug1.jpg,https://drive.google.com/file/d/17xdoXUTOQtIrldaEa9RssnFfNB8zAVNq/view?usp=drivesdk,An organic item that feels smooth to the touch and looks curved.,242.5,Yellow,Year Round,Mild,Curved,banana,1777
IMG_0950_aug1.jpg,https://drive.google.com/file/d/1PtFYm0-eWbCp_EBkMM1zxqAPwdfj_yOQ/view?usp=drivesdk,A pale yellow object with a oblong silhouette.,208.8,Yellow,Summer,Sweet,Long,banana,1778
IMG_9641_aug2.jpg,https://drive.google.com/file/d/1QaMiEbwVBvdwjCk4-2FZ-gXHhEnsi2i4/view?usp=drivesdk,A long item distinguishable by its yellowish hue and lengthy form.,225,Yellow,Year Round,Mild,Curved,banana,1779
IMG_0950_aug3.jpg,https://drive.google.com/file/d/1YNEze7ug44WKjCudHZsjoNjvSvidRHyN/view?usp=drivesdk,A medium item distinguishable by its golden hue and oval form.,225.6,Yellow,Summer,Sweet,Asymmetric,banana,1780
IMG_0981_aug2.jpg,https://drive.google.com/file/d/1_9r63o36k9XjDMb3i8_fPPaFQmCZ6k6n/view?usp=drivesdk,An organic specimen that feels glossy to the touch and looks oval.,203.7,Yellow,Summer,Mild,Cylindrical,banana,1781
IMG_1004_aug2.jpg,https://drive.google.com/file/d/1lqvggJ39cJKlvrQONB-AqJmnMiQXT2ax/view?usp=drivesdk,A golden object with a elongated silhouette.,245.4,Yellow,Summer,Starchy,Cylindrical,banana,1782
IMG_0867_aug1.jpg,https://drive.google.com/file/d/1oFsWCVzFRUs1fD07ooWCt0-WFa1Wrggn/view?usp=drivesdk,A golden sample with a curved silhouette.,204,Yellow,Spring,Starchy,Cylindrical,banana,1783
IMG_9567_aug1.jpg,https://drive.google.com/file/d/1APbsqqKqi8Pci-9lPYfUzW2k_SgWoH_z/view?usp=drivesdk,An organic organic matter that feels glossy to the touch and looks lengthy.,218.9,Yellow,Year Round,Sweet,Curved,banana,1784
IMG_0980_aug3.jpg,https://drive.google.com/file/d/1CMKBeNFcCgvg7kUZdnUSpGA_Q08Vqc0s/view?usp=drivesdk,An organic item that feels polished to the touch and looks oblong.,210.8,Brown,Year Round,Mild,Long,banana,1785
IMG_0998_aug1.jpg,https://drive.google.com/file/d/1FCe6tFxkrAXgRFdEGzuocvxrvw1Om_MV/view?usp=drivesdk,This object is elongated and features a glossy appearance.,177.8,Yellow,Year Round,Sweet,Cylindrical,banana,1786
IMG_1005_aug1.jpg,https://drive.google.com/file/d/1GS2eGvsJhUtMEBosBsr71C--DW-YTLf2/view?usp=drivesdk,A pale yellow produce with a oblong silhouette.,184.8,Yellow,Spring,Sweet,Curved,banana,1787
IMG_1004_aug1.jpg,https://drive.google.com/file/d/1Uropbo-SIkaMsBoCaIuxRT4_bVcLV9SI/view?usp=drivesdk,This produce is curved and features a sleek appearance.,196.8,Yellow,Year Round,Starchy,Cylindrical,banana,1788
IMG_9640_aug1.jpg,https://drive.google.com/file/d/1cvUL7xtd1nwlDN6iE1XaCHOi1sLdtSKG/view?usp=drivesdk,A long organic matter distinguishable by its bright hue and oval form.,187.9,Yellow,Year Round,Starchy,Long,banana,1789
IMG_0981_aug3.jpg,https://drive.google.com/file/d/1knT2Wf6HRftQ0mOvw-2nfdt9Pwx6Lej_/view?usp=drivesdk,A pale yellow sample with a curved silhouette.,225.3,Yellow,Year Round,Starchy,Cylindrical,banana,1790
IMG_0964_aug2.jpg,https://drive.google.com/file/d/1t2elLaE02W_BYxg1-PZWRt4-MR-_Rbkp/view?usp=drivesdk,An organic produce that feels shiny to the touch and looks oblong.,233.7,Yellow,Summer,Earthy,Asymmetric,banana,1791
IMG_0993_aug2.jpg,https://drive.google.com/file/d/1-eELAmn0n_rzGcDUCXb9M_OhxryHla4q/view?usp=drivesdk,An organic organic matter that feels glossy to the touch and looks elongated.,227.5,Yellow,Spring,Sweet,Asymmetric,banana,1792
IMG_0948_aug3.jpg,https://drive.google.com/file/d/11dMylOwzgqwy067tFOE_Ywyuv4CllhOY/view?usp=drivesdk,An organic object that feels glossy to the touch and looks curved.,181.4,Yellow,Summer,Earthy,Asymmetric,banana,1793
IMG_0992_aug3.jpg,https://drive.google.com/file/d/16p4rD9aGjsqUSgzCOlfPJFBy6nkkTY2u/view?usp=drivesdk,An organic object that feels sleek to the touch and looks curved.,258.1,Yellow,Summer,Mild,Asymmetric,banana,1794
IMG_0949_aug2.jpg,https://drive.google.com/file/d/18F45F5MI1LVAJbIjPEBjG5K4s-_XG-By/view?usp=drivesdk,An organic produce that feels smooth to the touch and looks lengthy.,210.3,Yellow,Year Round,Starchy,Asymmetric,banana,1795
IMG_9574_aug1.jpg,https://drive.google.com/file/d/1Adx3HtK_wxZlKfdLDdxUlo5VHoF6vO8d/view?usp=drivesdk,A pale yellow item with a elongated silhouette.,195,Yellow,Summer,Starchy,Long,banana,1796
IMG_0948_aug2.jpg,https://drive.google.com/file/d/1E_JmhJf5pl1UBp0NP0MVFpTBsIu0XFyt/view?usp=drivesdk,An organic sample that feels shiny to the touch and looks curved.,174.2,Brown,Summer,Starchy,Asymmetric,banana,1797
IMG_0992_aug2.jpg,https://drive.google.com/file/d/1Oro3z0Z5vXHorHyu4BGNHLrZU7TdA7-Z/view?usp=drivesdk,A long lengthy object with a shiny yellowish surface.,196.3,Yellow,Year Round,Earthy,Cylindrical,banana,1798
IMG_9575_aug1.jpg,https://drive.google.com/file/d/1SLJf_bH29hNks6mepZWxxTWmpkwAkJNc/view?usp=drivesdk,A medium specimen distinguishable by its bright hue and oblong form.,211.6,Yellow,Spring,Sweet,Long,banana,1799
IMG_0874_aug1.jpg,https://drive.google.com/file/d/1ohA6J-p-EkNe_1cDTAqZ1dYt8dB1xWOW/view?usp=drivesdk,A long sample distinguishable by its pale yellow hue and oblong form.,221.1,Yellow,Year Round,Starchy,Curved,banana,1800
IMG_0993_aug3.jpg,https://drive.google.com/file/d/1ol4KW3U0oaAGsa073bK4dGWAcAjweFGb/view?usp=drivesdk,A medium lengthy sample with a sleek golden surface.,207.6,Yellow,Year Round,Starchy,Cylindrical,banana,1801
IMG_9652_aug3.jpg,https://drive.google.com/file/d/11HAMHYpqyxtIQlkSsTBR40UMHYtAwL5M/view?usp=drivesdk,This organic matter is lengthy and features a sleek appearance.,237.3,Yellow,Summer,Sweet,Curved,banana,1802
IMG_0948_aug1.jpg,https://drive.google.com/file/d/12z9nQRwa6hp0wCRjMSViXMJzu6PMYklD/view?usp=drivesdk,An organic item that feels polished to the touch and looks oblong.,199,Brown,Summer,Earthy,Curved,banana,1803
IMG_9574_aug3.jpg,https://drive.google.com/file/d/16Km7Vf3l0RaHpItLjYIkInf6FSfgKQCk/view?usp=drivesdk,A pale yellow object with a oval silhouette.,187.1,Yellow,Spring,Sweet,Curved,banana,1804
IMG_9653_aug1.jpg,https://drive.google.com/file/d/1ATeOyQzKpIXvpc6YZy21GHdDOcQQCtBI/view?usp=drivesdk,A medium curved object with a shiny golden surface.,234.6,Yellow,Year Round,Sweet,Asymmetric,banana,1805
IMG_9575_aug3.jpg,https://drive.google.com/file/d/1C4aRI5yl9k4JHuFCRc4iY_yuVbn4oiMI/view?usp=drivesdk,A long item distinguishable by its golden hue and lengthy form.,241,Yellow,Year Round,Mild,Cylindrical,banana,1806
IMG_0998_aug2.jpg,https://drive.google.com/file/d/1Fahjki1e6Wp2MBLFj0swkhVbscOxytg-/view?usp=drivesdk,An organic sample that feels glossy to the touch and looks oval.,213.7,Brown,Year Round,Sweet,Long,banana,1807
IMG_0992_aug1.jpg,https://drive.google.com/file/d/1JbBJ0Y3xg9aqc1JRDb-uPo0O4s9GF1zz/view?usp=drivesdk,This organic matter is oval and features a sleek appearance.,227.3,Yellow,Year Round,Earthy,Asymmetric,banana,1808
IMG_0949_aug1.jpg,https://drive.google.com/file/d/1S5fAKSW6_okcT9bH9GHRFkVM_2LBbsxC/view?usp=drivesdk,An organic item that feels polished to the touch and looks curved.,218.8,Yellow,Year Round,Earthy,Cylindrical,banana,1809
IMG_9652_aug1.jpg,https://drive.google.com/file/d/1Z7A-btpRcKCZr4cSpqU-lLzWNqY4Tsm3/view?usp=drivesdk,An organic organic matter that feels shiny to the touch and looks elongated.,219.9,Yellow,Spring,Mild,Cylindrical,banana,1810
IMG_0993_aug1.jpg,https://drive.google.com/file/d/1d4Wie14MTPNejYrrAftZoCYYryum0oDP/view?usp=drivesdk,This organic matter is curved and features a sleek appearance.,231.5,Yellow,Summer,Earthy,Curved,banana,1811
IMG_0874_aug3.jpg,https://drive.google.com/file/d/1eShL9NZiiE9ryajl1VFo8EF0h8vOajwc/view?usp=drivesdk,A long lengthy object with a smooth golden surface.,203,Green,Year Round,Earthy,Cylindrical,banana,1812
IMG_0949_aug3.jpg,https://drive.google.com/file/d/1jFmW7Xbs7JLjvIiargcwIAprDbNOwNeR/view?usp=drivesdk,A bright object with a oval silhouette.,244,Yellow,Year Round,Starchy,Curved,banana,1813
IMG_9653_aug3.jpg,https://drive.google.com/file/d/1yrh_8JwNrkf7LChQeqMb-O5yxmAA8k0Y/view?usp=drivesdk,An organic item that feels polished to the touch and looks elongated.,226.9,Yellow,Spring,Mild,Curved,banana,1814
IMG_0998_aug3.jpg,https://drive.google.com/file/d/1Gf3qnv8JV0eNQGHCOJvAUPuJ1dfm3jHd/view?usp=drivesdk,A long produce distinguishable by its bright hue and oval form.,216.1,Yellow,Summer,Starchy,Cylindrical,banana,1815
IMG_9575_aug2.jpg,https://drive.google.com/file/d/1OTYwVxiRlklSzuKd48OL45PMGAnDj03o/view?usp=drivesdk,A medium curved produce with a sleek golden surface.,197,Yellow,Year Round,Mild,Long,banana,1816
IMG_0874_aug2.jpg,https://drive.google.com/file/d/1T_wJtKkKB7k_2BnXQlHch2q6UIBVnRWg/view?usp=drivesdk,A long sample distinguishable by its bright hue and oval form.,214.7,Green,Year Round,Earthy,Cylindrical,banana,1817
IMG_0984_aug2.jpg,https://drive.google.com/file/d/1VLsKeIuIlAxGN31hv35m0P4JMLpDk4tm/view?usp=drivesdk,A medium item distinguishable by its pale yellow hue and curved form.,185.5,Yellow,Spring,Sweet,Asymmetric,banana,1818
IMG_9639_aug2.jpg,https://drive.google.com/file/d/1Wk5a_ltX0eauB2oLehpLr4rpEYdUr1J0/view?usp=drivesdk,An organic sample that feels sleek to the touch and looks elongated.,162.2,Yellow,Summer,Mild,Cylindrical,banana,1819
IMG_0961_aug3.jpg,https://drive.google.com/file/d/1YdTMoEgODagac_jUtHqw62YAMgC7EnIg/view?usp=drivesdk,This specimen is curved and features a shiny appearance.,194.3,Yellow,Summer,Earthy,Curved,banana,1820
IMG_9652_aug2.jpg,https://drive.google.com/file/d/1_EQK84NF9ErVeBKtLHYc4CVzZ8_8GnSu/view?usp=drivesdk,An organic specimen that feels polished to the touch and looks lengthy.,186.7,Yellow,Year Round,Starchy,Asymmetric,banana,1821
IMG_0985_aug2.jpg,https://drive.google.com/file/d/1bUru27YHUOsG2k8osmXgE0c28PfqkX3v/view?usp=drivesdk,This specimen is elongated and features a sleek appearance.,224.6,Yellow,Spring,Earthy,Cylindrical,banana,1822
IMG_9574_aug2.jpg,https://drive.google.com/file/d/1lKQj4RdbFe5fQWCWeCg5vsEtf3pxk6Pc/view?usp=drivesdk,A medium curved sample with a glossy bright surface.,183.8,Yellow,Year Round,Starchy,Long,banana,1823
IMG_9653_aug2.jpg,https://drive.google.com/file/d/1vAg9uf1ie2zdEIqrysbqAi3BwFrz23OO/view?usp=drivesdk,This object is oval and features a smooth appearance.,219.2,Yellow,Year Round,Earthy,Asymmetric,banana,1824
IMG_0869_aug3.jpg,https://drive.google.com/file/d/16onVc7240f9KFETGnhSGGvYNtJzycBuO/view?usp=drivesdk,This sample is elongated and features a shiny appearance.,229.4,Yellow,Year Round,Earthy,Curved,banana,1825
IMG_0863_aug1.jpg,https://drive.google.com/file/d/1KVnSrpd0QeFZOnZfcKdlirlqU0UqBX2l/view?usp=drivesdk,A long specimen distinguishable by its golden hue and oblong form.,221.7,Yellow,Year Round,Sweet,Long,banana,1826
IMG_0868_aug3.jpg,https://drive.google.com/file/d/1XJm655SHopyRj8mf6BySW_bfIt9tV4kA/view?usp=drivesdk,A bright item with a lengthy silhouette.,237.5,Green,Spring,Earthy,Asymmetric,banana,1827
IMG_1001_aug1.jpg,https://drive.google.com/file/d/1a25bBEHPjN6JoB_y__Bak1LGXVUn_fh2/view?usp=drivesdk,A long object distinguishable by its pale yellow hue and oval form.,229.6,Yellow,Spring,Earthy,Asymmetric,banana,1828
IMG_9569_aug2.jpg,https://drive.google.com/file/d/1i_FzusgImDXIEhwfz6B28C4Q1Tw59JXT/view?usp=drivesdk,This produce is lengthy and features a shiny appearance.,243.7,Yellow,Spring,Mild,Curved,banana,1829
IMG_9645_aug1.jpg,https://drive.google.com/file/d/1lovyC9kTln1SMt8SUo_OuMGrUFlbb4FP/view?usp=drivesdk,An organic organic matter that feels shiny to the touch and looks elongated.,255.5,Yellow,Summer,Mild,Curved,banana,1830
IMG_9569_aug3.jpg,https://drive.google.com/file/d/1scOrBj0v9L4iZN9ElC6R__KGQe5Hz6hz/view?usp=drivesdk,This sample is oblong and features a smooth appearance.,159.1,Yellow,Summer,Earthy,Long,banana,1831
IMG_9568_aug2.jpg,https://drive.google.com/file/d/1tCA6avEze6-TwsSMd2MBjGuVwAuG-Ka1/view?usp=drivesdk,A long lengthy object with a glossy bright surface.,175.7,Yellow,Summer,Mild,Curved,banana,1832
IMG_9644_aug1.jpg,https://drive.google.com/file/d/1wIwpG0SfT4LnQR5WPiQ3vSyd-Ej-VqUA/view?usp=drivesdk,A pale yellow sample with a oblong silhouette.,232.1,Yellow,Spring,Sweet,Asymmetric,banana,1833
IMG_9568_aug3.jpg,https://drive.google.com/file/d/1zj6fttKyTE3y-vxdkOHAbEAsWJCB8_PG/view?usp=drivesdk,A medium sample distinguishable by its pale yellow hue and curved form.,187.9,Brown,Summer,Starchy,Long,banana,1834
IMG_0985_aug1.jpg,https://drive.google.com/file/d/1006AHjifA3DhA7ik5Ohwaq2hXDIGDbX0/view?usp=drivesdk,A long sample distinguishable by its yellowish hue and oval form.,211.5,Yellow,Year Round,Starchy,Curved,banana,1835
IMG_0984_aug3.jpg,https://drive.google.com/file/d/12Nzt06oQAfnLNbs25BoHLKdpUhZeG7ZP/view?usp=drivesdk,A medium curved sample with a sleek golden surface.,220.2,Yellow,Spring,Mild,Cylindrical,banana,1836
IMG_0984_aug1.jpg,https://drive.google.com/file/d/1DoF-VdF54ixVgcff_gAfLT_cArzevSRD/view?usp=drivesdk,A golden object with a oblong silhouette.,206.8,Yellow,Year Round,Starchy,Cylindrical,banana,1837
IMG_0862_aug1.jpg,https://drive.google.com/file/d/1aM2q_9G6mS0PEnVDB94vuKwMGp627sv4/view?usp=drivesdk,An organic object that feels sleek to the touch and looks oval.,241.8,Yellow,Summer,Starchy,Asymmetric,banana,1838
IMG_0985_aug3.jpg,https://drive.google.com/file/d/1aySyA4xlRt9kmDap6noFVUqywcwjdYN6/view?usp=drivesdk,An organic item that feels smooth to the touch and looks lengthy.,193.3,Yellow,Year Round,Sweet,Cylindrical,banana,1839
IMG_9639_aug3.jpg,https://drive.google.com/file/d/1gm-nu4ptmLJAD-cJm8hJuOkcM4E4bypF/view?usp=drivesdk,A bright produce with a elongated silhouette.,210.9,Yellow,Year Round,Earthy,Cylindrical,banana,1840
IMG_0868_aug2.jpg,https://drive.google.com/file/d/1neeM9WMLpIIj4mDgpJfTfT3opFwZeVsY/view?usp=drivesdk,A medium oblong item with a polished bright surface.,218.7,Yellow,Spring,Sweet,Long,banana,1841
IMG_0869_aug2.jpg,https://drive.google.com/file/d/1tuoSOQj81ta6BM1CMUN2FlPWYafMzNZm/view?usp=drivesdk,A medium oblong specimen with a polished bright surface.,196.7,Brown,Spring,Earthy,Long,banana,1842
IMG_0961_aug2.jpg,https://drive.google.com/file/d/1uskNQtLtm5e3_IiaG3KAlpj446HLduYb/view?usp=drivesdk,A long oblong object with a shiny yellowish surface.,212,Yellow,Spring,Starchy,Cylindrical,banana,1843
IMG_1001_aug2.jpg,https://drive.google.com/file/d/14YRf8ArT4Or4pkFMnkFsgDfxVjU-_Uig/view?usp=drivesdk,A medium organic matter distinguishable by its golden hue and elongated form.,211.7,Yellow,Summer,Starchy,Long,banana,1844
IMG_0863_aug2.jpg,https://drive.google.com/file/d/1BL607LMa0RNxyuOmpm5G91UEpjVEwfyU/view?usp=drivesdk,An organic produce that feels glossy to the touch and looks curved.,214.9,Yellow,Year Round,Sweet,Curved,banana,1845
IMG_9645_aug3.jpg,https://drive.google.com/file/d/1NqUIzBJlHQnUKl9CTGiea0q56ingWYoK/view?usp=drivesdk,A golden sample with a elongated silhouette.,211.3,Brown,Summer,Earthy,Long,banana,1846
IMG_9569_aug1.jpg,https://drive.google.com/file/d/1RWIU4jvr-TfndgbHnCatM9-0V2q9C9BE/view?usp=drivesdk,An organic sample that feels shiny to the touch and looks oval.,221.8,Yellow,Year Round,Sweet,Asymmetric,banana,1847
IMG_9645_aug2.jpg,https://drive.google.com/file/d/1XRR0gVb4ADM0ewRae2U3ICsFLjqu_mmd/view?usp=drivesdk,An organic item that feels smooth to the touch and looks lengthy.,255.7,Yellow,Spring,Mild,Asymmetric,banana,1848
IMG_9644_aug2.jpg,https://drive.google.com/file/d/1ZHa8Mvv4TTFqSAPIAb0C2DYDmHN31TwI/view?usp=drivesdk,A long organic matter distinguishable by its pale yellow hue and oblong form.,232.1,Yellow,Year Round,Mild,Asymmetric,banana,1849
IMG_1001_aug3.jpg,https://drive.google.com/file/d/1_fnllnTOBiqCBZL2tiPWT-JFwzXMlEqX/view?usp=drivesdk,A long specimen distinguishable by its pale yellow hue and lengthy form.,240.9,Yellow,Year Round,Starchy,Asymmetric,banana,1850
IMG_0869_aug1.jpg,https://drive.google.com/file/d/1iT-RBazGcrNnk9N6TW2nCcrZkkack6ao/view?usp=drivesdk,A golden item with a lengthy silhouette.,205.2,Green,Year Round,Sweet,Long,banana,1851
IMG_9568_aug1.jpg,https://drive.google.com/file/d/1kA5Q3UCvHvIretCsAa_xjPgKHKAYioPG/view?usp=drivesdk,An organic item that feels smooth to the touch and looks elongated.,214.4,Brown,Year Round,Earthy,Cylindrical,banana,1852
IMG_0862_aug3.jpg,https://drive.google.com/file/d/1kNtWoNXN086umm_EycLtnHpj9xirZoMf/view?usp=drivesdk,An organic produce that feels polished to the touch and looks oval.,226.9,Yellow,Year Round,Earthy,Asymmetric,banana,1853
IMG_0862_aug2.jpg,https://drive.google.com/file/d/1l9suorqZ8-h9_cif2uXdHQgbU-WlfThI/view?usp=drivesdk,A golden specimen with a elongated silhouette.,195.6,Yellow,Year Round,Sweet,Long,banana,1854
IMG_9644_aug3.jpg,https://drive.google.com/file/d/1lv0vbN7TPMbmMrat_3NSoC61uXXbNlz1/view?usp=drivesdk,A pale yellow object with a curved silhouette.,141.6,Brown,Summer,Starchy,Asymmetric,banana,1855
IMG_0863_aug3.jpg,https://drive.google.com/file/d/1o45nZIGHcnpSF4WyuBjD6X-lPtdLBub3/view?usp=drivesdk,A long item distinguishable by its pale yellow hue and elongated form.,245,Yellow,Spring,Sweet,Curved,banana,1856
IMG_9639_aug1.jpg,https://drive.google.com/file/d/1t6N36ogh-AY1v3GHjX6FhyPVjjCXm31-/view?usp=drivesdk,A medium sample distinguishable by its golden hue and elongated form.,212.8,Yellow,Summer,Sweet,Curved,banana,1857
IMG_9526_aug3.jpg,https://drive.google.com/file/d/12uC2SRTCzDke0ZTSX72ziNRV5LCNTSxD/view?usp=drivesdk,This sample is lengthy and features a glossy appearance.,269.2,Yellow,Year Round,Earthy,Asymmetric,banana,1858
IMG_0983_aug2.jpg,https://drive.google.com/file/d/1IYz6Pqo-9potcUDbMQPm5_gM6N3YfevV/view?usp=drivesdk,A bright organic matter with a oblong silhouette.,172.2,Yellow,Spring,Starchy,Curved,banana,1859
IMG_9648_aug3.jpg,https://drive.google.com/file/d/1O8ZS8OuVArL8TxM6No5RyWRkiXWVXsz0/view?usp=drivesdk,A long elongated item with a shiny golden surface.,205.4,Yellow,Spring,Earthy,Curved,banana,1860
IMG_0868_aug1.jpg,https://drive.google.com/file/d/1Yr5747kPtsFmyG6s2siSd843voermLdn/view?usp=drivesdk,A medium specimen distinguishable by its yellowish hue and lengthy form.,262.9,Yellow,Year Round,Earthy,Asymmetric,banana,1861
IMG_9580_aug1.jpg,https://drive.google.com/file/d/1_C5Nav0lMyjHKHDYRaiiQy1PkTBNXTQo/view?usp=drivesdk,An organic object that feels glossy to the touch and looks lengthy.,224.8,Yellow,Year Round,Earthy,Curved,banana,1862
IMG_0953_aug1.jpg,https://drive.google.com/file/d/1erSDLPR3SZrRQvmtjDAqv8rPaTTMv5c5/view?usp=drivesdk,An organic object that feels glossy to the touch and looks lengthy.,200.4,Yellow,Year Round,Starchy,Curved,banana,1863
IMG_0961_aug1.jpg,https://drive.google.com/file/d/1n_Q6Dwd6Q2sAgs7an2rYIV88ls4Fk0ea/view?usp=drivesdk,A long sample distinguishable by its yellowish hue and elongated form.,186.5,Yellow,Summer,Earthy,Curved,banana,1864
IMG_9649_aug3.jpg,https://drive.google.com/file/d/1-v1FLDHwrz6R8eldJtFlqGR-v5G6TMa1/view?usp=drivesdk,A medium item distinguishable by its yellowish hue and elongated form.,193.5,Orange,Summer,Starchy,Asymmetric,banana,1865
IMG_0864_aug1.jpg,https://drive.google.com/file/d/12OAAR2LCsPYc61axb6dHMZagmZCi-nNb/view?usp=drivesdk,This produce is oval and features a glossy appearance.,224.2,Yellow,Year Round,Earthy,Asymmetric,banana,1866
IMG_9581_aug1.jpg,https://drive.google.com/file/d/1Bj_pyCU2MY8JQt08ov8BoFAyGx-kXdYt/view?usp=drivesdk,A medium oblong item with a sleek yellowish surface.,191.1,Yellow,Year Round,Starchy,Asymmetric,banana,1867
IMG_9642_aug1.jpg,https://drive.google.com/file/d/1DEy0FBi5jjzfKIqtru3vmg5_1lEFrEqB/view?usp=drivesdk,A medium oblong produce with a smooth pale yellow surface.,277.4,Yellow,Summer,Mild,Long,banana,1868
IMG_0865_aug1.jpg,https://drive.google.com/file/d/1F-EMisW4WIwqCnT3L8rjmEfoJ4w9cmJB/view?usp=drivesdk,An organic item that feels glossy to the touch and looks oblong.,226.1,Yellow,Summer,Sweet,Curved,banana,1869
IMG_9649_aug2.jpg,https://drive.google.com/file/d/1TwBslNp51M8IIyHQ5xoa_J97T6HMwQo4/view?usp=drivesdk,This specimen is oblong and features a shiny appearance.,199.8,Yellow,Year Round,Starchy,Long,banana,1870
IMG_0983_aug3.jpg,https://drive.google.com/file/d/1nMXg_DwPExfnDQOpdlu8htxMuXeMUzTB/view?usp=drivesdk,A medium sample distinguishable by its pale yellow hue and lengthy form.,203.7,Yellow,Spring,Earthy,Cylindrical,banana,1871
IMG_0988_aug1.jpg,https://drive.google.com/file/d/1pPUqFx9T0i8NWGTinMFSIyh8TZPOE7Hj/view?usp=drivesdk,This produce is curved and features a glossy appearance.,184.2,Brown,Year Round,Starchy,Long,banana,1872
IMG_9643_aug1.jpg,https://drive.google.com/file/d/1uR7ek8sWWaFR9cv-fzHUbidcdP-rfESI/view?usp=drivesdk,An organic item that feels polished to the touch and looks curved.,238.7,Yellow,Year Round,Sweet,Long,banana,1873
IMG_9565_aug1.jpg,https://drive.google.com/file/d/13SYwP5CcQMOHdapuS_AnZxO3jjU1pFMz/view?usp=drivesdk,A long lengthy specimen with a glossy pale yellow surface.,190.1,Yellow,Spring,Starchy,Long,banana,1874
IMG_9648_aug2.jpg,https://drive.google.com/file/d/1AdFhBuk024GnFNaQCxyh6f1JHkQpsS41/view?usp=drivesdk,A yellowish item with a oval silhouette.,231.4,Yellow,Spring,Mild,Curved,banana,1875
IMG_0989_aug1.jpg,https://drive.google.com/file/d/1QaZ8IpN7QJi29bAE4rWDO0g5wI5aWe7j/view?usp=drivesdk,A bright sample with a oblong silhouette.,184.1,Yellow,Spring,Mild,Curved,banana,1876
IMG_9564_aug1.jpg,https://drive.google.com/file/d/10cNJf7qtalwiOOEyTq2mFKEFON8XEoyW/view?usp=drivesdk,A golden sample with a oval silhouette.,229.1,Yellow,Spring,Starchy,Curved,banana,1877
IMG_0983_aug1.jpg,https://drive.google.com/file/d/19BITch0mKWFTKDYKHpf3MjyG7rzkw4A8/view?usp=drivesdk,A medium oblong organic matter with a smooth yellowish surface.,207.9,Yellow,Summer,Earthy,Curved,banana,1878
IMG_9526_aug2.jpg,https://drive.google.com/file/d/1GpD0_wSdf0j6-TIUkMrOksu9Lv1n6UgJ/view?usp=drivesdk,An organic specimen that feels smooth to the touch and looks curved.,244.8,Yellow,Spring,Earthy,Asymmetric,banana,1879
IMG_9564_aug3.jpg,https://drive.google.com/file/d/1Kdc4ozQ0LVtBsBc-EPauFHdjNk3Dx8OP/view?usp=drivesdk,A medium specimen distinguishable by its pale yellow hue and oval form.,225.3,Yellow,Summer,Starchy,Asymmetric,banana,1880
IMG_9565_aug3.jpg,https://drive.google.com/file/d/1qOX23RnydTJtaSwOFikDK2mHgZfJvtnr/view?usp=drivesdk,A long lengthy item with a polished golden surface.,212.2,Yellow,Summer,Earthy,Long,banana,1881
IMG_0953_aug2.jpg,https://drive.google.com/file/d/1xo9dxU8H_wdU7scszmCjGiUNkAXODiei/view?usp=drivesdk,A medium lengthy object with a shiny pale yellow surface.,196.4,Yellow,Year Round,Mild,Curved,banana,1882
IMG_0989_aug2.jpg,https://drive.google.com/file/d/1Eg8LoV_AnNeKWqTOPqZGt6v3ta2Y3N9g/view?usp=drivesdk,This organic matter is curved and features a shiny appearance.,222.3,Yellow,Summer,Mild,Long,banana,1883
IMG_9580_aug2.jpg,https://drive.google.com/file/d/1VJStRy_plVlHa09mD489SdbbCKYU-Vnc/view?usp=drivesdk,A medium elongated object with a sleek bright surface.,215.1,Yellow,Spring,Starchy,Cylindrical,banana,1884
IMG_9581_aug2.jpg,https://drive.google.com/file/d/1WDEz82Sc-XtI8LUiQHf0wJ2Tl-Y5aFhE/view?usp=drivesdk,This object is curved and features a polished appearance.,221.6,Yellow,Year Round,Starchy,Cylindrical,banana,1885
IMG_0988_aug2.jpg,https://drive.google.com/file/d/1YYzKddlWIMkhtFl8LLLqWl9ZYvXPMQ1K/view?usp=drivesdk,A long sample distinguishable by its bright hue and oblong form.,193.6,Yellow,Year Round,Earthy,Cylindrical,banana,1886
IMG_9643_aug3.jpg,https://drive.google.com/file/d/1bwKqhhm4JeaPVWFrz-euIWKh4gr5WLCs/view?usp=drivesdk,A long oblong produce with a glossy yellowish surface.,250.6,Yellow,Year Round,Earthy,Cylindrical,banana,1887
IMG_9642_aug3.jpg,https://drive.google.com/file/d/1vZtnVsZMiP3LVJZb8YxM1DwK46Ek8J_d/view?usp=drivesdk,A medium sample distinguishable by its bright hue and elongated form.,221.8,Yellow,Year Round,Starchy,Cylindrical,banana,1888
IMG_9580_aug3.jpg,https://drive.google.com/file/d/1FxUvRfXVEW0zP0lmpP0vmL9efeV6ayLe/view?usp=drivesdk,A long produce distinguishable by its bright hue and elongated form.,219.1,Yellow,Summer,Mild,Cylindrical,banana,1889
IMG_9643_aug2.jpg,https://drive.google.com/file/d/1RPEAMPhjyoq5Z_GqFJS2X5ivy7fBHxKl/view?usp=drivesdk,An organic organic matter that feels polished to the touch and looks lengthy.,192.9,Yellow,Summer,Sweet,Long,banana,1890
IMG_9642_aug2.jpg,https://drive.google.com/file/d/1TMf6A1aOOtmpb9MYyFAKqtndmqv2l311/view?usp=drivesdk,An organic item that feels sleek to the touch and looks lengthy.,224.7,Yellow,Year Round,Earthy,Cylindrical,banana,1891
IMG_0988_aug3.jpg,https://drive.google.com/file/d/1XuJ17gxjsjR810Wrcf1F81k7_aQkGlVY/view?usp=drivesdk,An organic produce that feels polished to the touch and looks lengthy.,217.3,Yellow,Summer,Mild,Cylindrical,banana,1892
IMG_0865_aug2.jpg,https://drive.google.com/file/d/1aYFGgMQGxMqPQQbQjHPqhZa2N2tjlJE8/view?usp=drivesdk,A pale yellow specimen with a curved silhouette.,213.4,Yellow,Summer,Mild,Curved,banana,1893
IMG_9648_aug1.jpg,https://drive.google.com/file/d/1bU5LoFy6v11RGcXRP4wvb70ZyK6OVAM3/view?usp=drivesdk,An organic item that feels smooth to the touch and looks oblong.,214.2,Yellow,Spring,Earthy,Asymmetric,banana,1894
IMG_0865_aug3.jpg,https://drive.google.com/file/d/1eocJtOuMDc9t0o-HVK44NHo1GwuOuBSm/view?usp=drivesdk,An organic item that feels glossy to the touch and looks lengthy.,246.4,Yellow,Year Round,Earthy,Cylindrical,banana,1895
IMG_0864_aug3.jpg,https://drive.google.com/file/d/1gqXUpeUJLRnBv-bO7b8nXrokAaVM6BEU/view?usp=drivesdk,An organic specimen that feels glossy to the touch and looks elongated.,216,Yellow,Year Round,Starchy,Cylindrical,banana,1896
IMG_0864_aug2.jpg,https://drive.google.com/file/d/1iM5bm8lbb_0N9hzmZ3PxE8Dzx5Nqigle/view?usp=drivesdk,A medium sample distinguishable by its yellowish hue and oblong form.,210.7,Yellow,Year Round,Earthy,Cylindrical,banana,1897
IMG_0989_aug3.jpg,https://drive.google.com/file/d/1z7Y65ZUUALQ2iN0YIwvac4aIHxSmSRus/view?usp=drivesdk,An organic item that feels smooth to the touch and looks curved.,220.6,Yellow,Spring,Mild,Asymmetric,banana,1898
IMG_9581_aug3.jpg,https://drive.google.com/file/d/1149SRMNXHLWHmhRDnpbMGxkQkQID_NBi/view?usp=drivesdk,An organic sample that feels shiny to the touch and looks curved.,227.5,Yellow,Year Round,Earthy,Asymmetric,banana,1899
IMG_9578_aug3.jpg,https://drive.google.com/file/d/1GkIPMbbJzkzl7tL0JeQIwZEoZtKrOsj9/view?usp=drivesdk,This produce is lengthy and features a glossy appearance.,225.3,Yellow,Spring,Starchy,Cylindrical,banana,1900
IMG_9579_aug3.jpg,https://drive.google.com/file/d/1IllSySl8x5pPb1VUMa643vGxP_aIByya/view?usp=drivesdk,A yellowish produce with a elongated silhouette.,201,Yellow,Spring,Sweet,Cylindrical,banana,1901
IMG_0953_aug3.jpg,https://drive.google.com/file/d/1Vku2sfeg28F-xvm9xsunjeQaSIPUI068/view?usp=drivesdk,A medium curved specimen with a glossy bright surface.,219.9,Brown,Spring,Starchy,Cylindrical,banana,1902
IMG_9471_aug3.jpg,https://drive.google.com/file/d/1XAeq10Wjxnu-AHC7IKAa7RPknK1j-3rH/view?usp=drivesdk,A medium organic matter distinguishable by its bright hue and lengthy form.,228.3,Yellow,Spring,Sweet,Asymmetric,banana,1903
IMG_9565_aug2.jpg,https://drive.google.com/file/d/1XGr8d2Yp4zY1Wd1g0eGgHyue3lm-Wt6U/view?usp=drivesdk,A long organic matter distinguishable by its golden hue and oblong form.,241,Yellow,Summer,Earthy,Cylindrical,banana,1904
IMG_9526_aug1.jpg,https://drive.google.com/file/d/1blnOB3kIXNxd5HeuTjKiEEt4UMMKDrXH/view?usp=drivesdk,A medium oblong produce with a sleek bright surface.,183.7,Yellow,Summer,Earthy,Cylindrical,banana,1905
IMG_9649_aug1.jpg,https://drive.google.com/file/d/1wWHvayYARi_KHV4qWSlc2SptzsTt19Qj/view?usp=drivesdk,A golden specimen with a oblong silhouette.,210.4,Brown,Year Round,Earthy,Cylindrical,banana,1906
IMG_9564_aug2.jpg,https://drive.google.com/file/d/1x8SUBoGIHraAoIF0UVNrlkPkfnsOGfF8/view?usp=drivesdk,A golden object with a lengthy silhouette.,210.8,Yellow,Summer,Sweet,Curved,banana,1907
IMG_0944_aug1.jpg,https://drive.google.com/file/d/10ouliU6y8FOkVwpoRpzHoo9vq67BICAn/view?usp=drivesdk,A yellowish specimen with a curved silhouette.,221.7,Yellow,Spring,Sweet,Curved,banana,1908
IMG_9654_aug1.jpg,https://drive.google.com/file/d/1BQBh5dVAuDksFLmn3DkwVS3etBbVPYdS/view?usp=drivesdk,A long item distinguishable by its golden hue and oblong form.,206.7,Yellow,Summer,Starchy,Curved,banana,1909
IMG_9579_aug2.jpg,https://drive.google.com/file/d/1E6cvaGztxgIOnNTXd73oGzTCG8ISG5-W/view?usp=drivesdk,An organic object that feels glossy to the touch and looks elongated.,205.2,Yellow,Summer,Mild,Cylindrical,banana,1910
IMG_9572_aug1.jpg,https://drive.google.com/file/d/1JygSKUu-Y6qzDpYXaciAXIwktNvElFNG/view?usp=drivesdk,An organic specimen that feels smooth to the touch and looks oval.,222.8,Yellow,Spring,Mild,Asymmetric,banana,1911
IMG_0994_aug3.jpg,https://drive.google.com/file/d/1NvNnIUuFplhGl27319FAEW16qhi1SjMi/view?usp=drivesdk,A medium item distinguishable by its pale yellow hue and curved form.,169.1,Yellow,Year Round,Mild,Cylindrical,banana,1912
IMG_0994_aug2.jpg,https://drive.google.com/file/d/1WWf9tpUv0x4vxe_CWHT2HIlgLkY18N3u/view?usp=drivesdk,A medium curved specimen with a glossy golden surface.,182.1,Brown,Spring,Starchy,Cylindrical,banana,1913
IMG_0945_aug1.jpg,https://drive.google.com/file/d/1WgDETs8CbjCw9VZc_wjtyhynf-cmGKaB/view?usp=drivesdk,A medium sample distinguishable by its pale yellow hue and curved form.,246.3,Yellow,Summer,Earthy,Asymmetric,banana,1914
IMG_9573_aug1.jpg,https://drive.google.com/file/d/1e_zHwAVryxJXuOYk7pXVg3bnAqD_ozeh/view?usp=drivesdk,A yellowish organic matter with a lengthy silhouette.,210.6,Yellow,Spring,Starchy,Asymmetric,banana,1915
IMG_0995_aug3.jpg,https://drive.google.com/file/d/1jshQnfZH7JF_OS7pkqxJBNbOqgr-JYgv/view?usp=drivesdk,This organic matter is curved and features a glossy appearance.,182.5,Brown,Year Round,Mild,Long,banana,1916
IMG_9578_aug2.jpg,https://drive.google.com/file/d/1lN4iT4BOEFLBIaEOOeSoxDi45cmHESBN/view?usp=drivesdk,A medium oval sample with a glossy yellowish surface.,204.9,Yellow,Summer,Earthy,Long,banana,1917
IMG_0995_aug2.jpg,https://drive.google.com/file/d/1lpMoc9aRzob6J9_8hw7d7C4VwDnTIbs8/view?usp=drivesdk,An organic produce that feels polished to the touch and looks curved.,245.8,Brown,Year Round,Sweet,Curved,banana,1918
IMG_9572_aug3.jpg,https://drive.google.com/file/d/17upxrRmmzgjMtEft1bDZldMTrtB-5WfJ/view?usp=drivesdk,This sample is oval and features a smooth appearance.,224.5,Yellow,Summer,Starchy,Asymmetric,banana,1919
IMG_0994_aug1.jpg,https://drive.google.com/file/d/1ACqrvyyEETVGPyxK2gwmi0e83LUNB60L/view?usp=drivesdk,A medium sample distinguishable by its golden hue and oval form.,197.9,Yellow,Year Round,Sweet,Long,banana,1920
IMG_0944_aug2.jpg,https://drive.google.com/file/d/1EEri1JjQI61C0Nk-CwSw3zrWlKm6KL_o/view?usp=drivesdk,An organic produce that feels sleek to the touch and looks lengthy.,226.3,Brown,Summer,Mild,Curved,banana,1921
IMG_0872_aug1.jpg,https://drive.google.com/file/d/1JnJPPb9f-vZ7KKQSpgsqQTzrJrFANQUO/view?usp=drivesdk,A medium specimen distinguishable by its golden hue and oval form.,211.7,Yellow,Year Round,Mild,Cylindrical,banana,1922
IMG_9654_aug3.jpg,https://drive.google.com/file/d/1V8kEd9jrfTkBteNJgx6uxMyTlLzR6ofp/view?usp=drivesdk,A medium object distinguishable by its bright hue and elongated form.,228.4,Yellow,Spring,Sweet,Cylindrical,banana,1923
IMG_9471_aug2.jpg,https://drive.google.com/file/d/1ZhPikZtw9-tmn85fhAkOtkatwbG18bph/view?usp=drivesdk,A medium oval produce with a smooth yellowish surface.,240.4,Yellow,Year Round,Mild,Asymmetric,banana,1924
IMG_0945_aug2.jpg,https://drive.google.com/file/d/1cimSY4nWLSjcb2k3SNYNlkxHEDTbyAlz/view?usp=drivesdk,A medium oblong specimen with a polished golden surface.,217.3,Yellow,Summer,Starchy,Asymmetric,banana,1925
IMG_0872_aug3.jpg,https://drive.google.com/file/d/1d9REHQ2hnQyhrttBC5vK_H8lV4W4iXDv/view?usp=drivesdk,A medium item distinguishable by its yellowish hue and elongated form.,255.3,Yellow,Summer,Mild,Long,banana,1926
IMG_0873_aug1.jpg,https://drive.google.com/file/d/1d_2shPzs0hTvZakXUB9yTnCIKvygl4mi/view?usp=drivesdk,A golden object with a oval silhouette.,194.5,Yellow,Spring,Earthy,Cylindrical,banana,1927
IMG_0873_aug3.jpg,https://drive.google.com/file/d/1nEpo6U7FliG20__aFsB4w3ucehW0et4P/view?usp=drivesdk,A medium object distinguishable by its golden hue and oblong form.,216.8,Brown,Spring,Mild,Long,banana,1928
IMG_0995_aug1.jpg,https://drive.google.com/file/d/12E6tunTs_tqJaT-thLO2ItBs6cH9ypH6/view?usp=drivesdk,A bright specimen with a lengthy silhouette.,207.8,Yellow,Summer,Starchy,Asymmetric,banana,1929
IMG_9573_aug2.jpg,https://drive.google.com/file/d/18Qdkoe8u5R4-peVJF3YiKxm6WCseyfL4/view?usp=drivesdk,A bright organic matter with a curved silhouette.,192.6,Yellow,Spring,Earthy,Cylindrical,banana,1930
IMG_0945_aug3.jpg,https://drive.google.com/file/d/18Z8X0SPhYpwFotSmlc2dC3zi_-3jaDDm/view?usp=drivesdk,This organic matter is oval and features a glossy appearance.,193.3,Yellow,Spring,Starchy,Cylindrical,banana,1931
IMG_9572_aug2.jpg,https://drive.google.com/file/d/1L66XcMqbmcHAj9TxKqPYteV1IH1fO5mO/view?usp=drivesdk,This item is oblong and features a glossy appearance.,178.2,Yellow,Summer,Sweet,Cylindrical,banana,1932
IMG_9579_aug1.jpg,https://drive.google.com/file/d/1Vfn3j5zkzyWqe-xBPn9g28Nrh9g3sdXX/view?usp=drivesdk,A medium organic matter distinguishable by its bright hue and oblong form.,207.6,Yellow,Year Round,Earthy,Asymmetric,banana,1933
IMG_0944_aug3.jpg,https://drive.google.com/file/d/1Y-XvHPQ-T6p9U1ZWfmUhZt7j8A6tma3B/view?usp=drivesdk,This produce is curved and features a shiny appearance.,207.1,Yellow,Summer,Sweet,Cylindrical,banana,1934
IMG_9654_aug2.jpg,https://drive.google.com/file/d/1_-nClNEevjE9HQjqUYfARbOygZr4pjzM/view?usp=drivesdk,A long sample distinguishable by its bright hue and curved form.,168.6,Yellow,Year Round,Earthy,Long,banana,1935
IMG_9573_aug3.jpg,https://drive.google.com/file/d/1cDzESQGeVFzd2XykD2nOhfK9BtE-UhEW/view?usp=drivesdk,An organic produce that feels shiny to the touch and looks elongated.,214.7,Yellow,Year Round,Earthy,Curved,banana,1936
IMG_9578_aug1.jpg,https://drive.google.com/file/d/1kZuJjqF7paQZ8E_5_6UlHie5q7MLuXVc/view?usp=drivesdk,This specimen is elongated and features a smooth appearance.,222.1,Yellow,Summer,Starchy,Asymmetric,banana,1937
IMG_0872_aug2.jpg,https://drive.google.com/file/d/1CrJ8lNnUkVIun2JBv4ojc0DV1P82HKkg/view?usp=drivesdk,This produce is elongated and features a smooth appearance.,252.5,Yellow,Year Round,Mild,Curved,banana,1938
IMG_0873_aug2.jpg,https://drive.google.com/file/d/1sx95zBaX7plwtnCNpXTXxpcC-9cQYZQ2/view?usp=drivesdk,A medium oblong organic matter with a smooth golden surface.,242.3,Yellow,Year Round,Starchy,Asymmetric,banana,1939
IMG_9471_aug1.jpg,https://drive.google.com/file/d/1vnDZR9Oin6_XbfM2Tu4ATFqGBEWkRDKH/view?usp=drivesdk,This produce is oblong and features a polished appearance.,218.3,Orange,Year Round,Mild,Asymmetric,banana,1940
ComfyUI_00137_.png,https://drive.google.com/file/d/1674ouFY7BzPyeanKvK3m4XRBBL824EN3/view?usp=drivesdk,A tan organic matter with a globe-shaped silhouette.,188.8,Orange,Autumn,Savory,Curved,potato,1941
ComfyUI_00138_.png,https://drive.google.com/file/d/1LhTg4kFuAv9bZEsI5dqG18GIWQfh86HQ/view?usp=drivesdk,A brownish specimen with a oval silhouette.,309.5,Red,Winter,Earthy,Long,potato,1942
ComfyUI_00131_.png,https://drive.google.com/file/d/19o9RDdCBKETAtL-FcHihGgdcgmy4Qgma/view?usp=drivesdk,This object is orb-like and features a dusty appearance.,284.2,Orange,Autumn,Savory,Cylindrical,potato,1943
ComfyUI_00132_.png,https://drive.google.com/file/d/1BSTVOha-RET1-JcWJE5So8oMeAYV84z4/view?usp=drivesdk,A chunky organic matter distinguishable by its earthy hue and spherical form.,269,Red,Winter,Mild,Irregular,potato,1944
ComfyUI_00128_.png,https://drive.google.com/file/d/1BtQhY5-9VMvV_5SU6XQAlfMJTDPFeiGJ/view?usp=drivesdk,A chunky oblong produce with a textured brownish surface.,207.3,Orange,Year Round,Starchy,Globular,potato,1945
ComfyUI_00133_.png,https://drive.google.com/file/d/1QdfeQXNqMi4rJkOxybiU99gsag2LCy3d/view?usp=drivesdk,A tan specimen with a circular silhouette.,432.6,Yellow,Year Round,Mild,Cylindrical,potato,1946
ComfyUI_00120_.png,https://drive.google.com/file/d/1UJ2CCyECmqtTkIk3hqydj45IoxJq0Qm_/view?usp=drivesdk,An organic organic matter that feels matte to the touch and looks oval.,235.8,Orange,Autumn,Earthy,Curved,potato,1947
ComfyUI_00130_.png,https://drive.google.com/file/d/1bNP0TUNNKdb2-lQErIcQ53scLjLmTX1f/view?usp=drivesdk,An organic produce that feels uneven to the touch and looks elongated.,188.5,Orange,Autumn,Savory,Irregular,potato,1948
ComfyUI_00136_.png,https://drive.google.com/file/d/1oYo2u47a6BM9tTmr_wGHAbK4MBgN_KN5/view?usp=drivesdk,This produce is globe-shaped and features a dusty appearance.,348.3,Yellow,Winter,Earthy,Round,potato,1949
ComfyUI_00111_.png,https://drive.google.com/file/d/12mOYnKtj98seGKK15XZEIL3DnQAFOuRV/view?usp=drivesdk,A beige sample with a circular silhouette.,172.3,Yellow,Winter,Mild,Globular,potato,1950
ComfyUI_00113_.png,https://drive.google.com/file/d/19t7vw4xerTbJYrfpf8cEwZxVdfL_u37p/view?usp=drivesdk,A beige sample with a spherical silhouette.,416.6,Yellow,Year Round,Earthy,Globular,potato,1951
ComfyUI_00106_.png,https://drive.google.com/file/d/1BJ461UFiMpZMBLjHIN_Sk-XnDY7jQMhL/view?usp=drivesdk,A variable round produce with a rough beige surface.,32.5,Yellow,Winter,Earthy,Flattened,potato,1952
ComfyUI_00116_.png,https://drive.google.com/file/d/1CfdTMGbJEJ7Zfvo8VwfdaBdL1zSJhucP/view?usp=drivesdk,A chunky spherical sample with a rough pale surface.,332.7,Red,Autumn,Earthy,Globular,potato,1953
ComfyUI_00105_.png,https://drive.google.com/file/d/1_V_6P9riNEv39FHemBOVIsnnaKQ2DBXO/view?usp=drivesdk,A pale organic matter with a circular silhouette.,149.8,Orange,Autumn,Starchy,Globular,potato,1954
ComfyUI_00119_.png,https://drive.google.com/file/d/1brWtuG2nyxXwcjToN-PgxxAFx5T6UDrU/view?usp=drivesdk,A earthy sample with a elongated silhouette.,224.3,Yellow,Winter,Starchy,Globular,potato,1955
ComfyUI_00107_.png,https://drive.google.com/file/d/1nJLCc0VRqs6iJkOMVxqLg3AXhNMJhNju/view?usp=drivesdk,An organic organic matter that feels matte to the touch and looks curved.,309.3,Yellow,Winter,Mild,Round,potato,1956
ComfyUI_00109_.png,https://drive.google.com/file/d/1nt0cgLuLyTBYyC209YOhkJ9w0x8-1b3S/view?usp=drivesdk,A pale object with a oval silhouette.,361.4,Brown,Winter,Earthy,Long,potato,1957
ComfyUI_00104_.png,https://drive.google.com/file/d/1yR4aOLqIVUuQVLz15dO4NtFuPnas-bDd/view?usp=drivesdk,This produce is elongated and features a rough appearance.,229.9,Orange,Year Round,Mild,Long,potato,1958
ComfyUI_00118_.png,https://drive.google.com/file/d/1yVWp97E41GB42LsfZzOH-6DqOasxjKMz/view?usp=drivesdk,An organic sample that feels textured to the touch and looks globe-shaped.,120.1,Red,Autumn,Savory,Flattened,potato,1959
ComfyUI_00103_.png,https://drive.google.com/file/d/1JwarbHSt6ZyWZWinf7xGz6sXfrFud7VU/view?usp=drivesdk,This sample is round and features a dusty appearance.,219.1,Brown,Autumn,Mild,Irregular,potato,1960
ComfyUI_00093_.png,https://drive.google.com/file/d/1PYQj-AOlOOoK0blV43hfQLs8gOMHxEqj/view?usp=drivesdk,A pale item with a circular silhouette.,152,Orange,Year Round,Earthy,Flattened,potato,1961
ComfyUI_00102_.png,https://drive.google.com/file/d/1ZfRgj8f-CgaPccFOIZzXMi6XWXahenT-/view?usp=drivesdk,A pale produce with a orb-like silhouette.,310.3,Orange,Year Round,Savory,Irregular,potato,1962
ComfyUI_00101_.png,https://drive.google.com/file/d/1fKvUavB8ugDRpVWZETfFaWuHjKcrHlmt/view?usp=drivesdk,A medium oval organic matter with a pitted tan surface.,275.2,Orange,Autumn,Earthy,Long,potato,1963
ComfyUI_00099_.png,https://drive.google.com/file/d/1iRRJS7Wn-0har5Ls6inJzYrqN4ffd31N/view?usp=drivesdk,An organic item that feels textured to the touch and looks round.,161.1,Orange,Winter,Starchy,Long,potato,1964
ComfyUI_00100_.png,ComfyUI_00100_.png,A tan organic matter with a circular silhouette.,200.1,Yellow,Year Round,Earthy,Round,potato,1965
ComfyUI_00097_.png,https://drive.google.com/file/d/1rFivcmpEFrIVto2RnhgiUGt5-fNqv0Ww/view?usp=drivesdk,An organic produce that feels dusty to the touch and looks round.,327.9,Yellow,Winter,Starchy,Asymmetric,potato,1966
ComfyUI_00090_.png,https://drive.google.com/file/d/1Wtsy96wX-T1cQZRLvYA4edjqmxz4srbr/view?usp=drivesdk,This object is spherical and features a pitted appearance.,450.7,Orange,Autumn,Mild,Asymmetric,potato,1967
ComfyUI_00092_.png,https://drive.google.com/file/d/1kx5tPh29yhvcQXRpgvpx20JkHOfcWvYG/view?usp=drivesdk,A pale specimen with a circular silhouette.,357,Red,Autumn,Savory,Globular,potato,1968
ComfyUI_00091_.png,https://drive.google.com/file/d/1q9dwmEDPPvwR2ahSZEKWo8IBYefQuuse/view?usp=drivesdk,A chunky item distinguishable by its pale hue and orb-like form.,153.2,Orange,Year Round,Mild,Round,potato,1969
ComfyUI_00087_.png,https://drive.google.com/file/d/1xLaSCaeL3H-KLz6HZDWtOyBKYRszdMcQ/view?usp=drivesdk,This object is oblong and features a bumpy appearance.,271.8,Orange,Winter,Earthy,Flattened,potato,1970
ComfyUI_00074_.png,https://drive.google.com/file/d/12tKbmD0t5xDbtBv-Uld9mXO4z4WrdGCE/view?usp=drivesdk,A brownish organic matter with a curved silhouette.,287,Brown,Autumn,Starchy,Round,potato,1971
ComfyUI_00073_.png,https://drive.google.com/file/d/136Zq8rUpeIBm2ifs-x6E1MuQxGXqJ17z/view?usp=drivesdk,A medium spherical organic matter with a matte beige surface.,257.8,Yellow,Year Round,Starchy,Globular,potato,1972
ComfyUI_00077_.png,https://drive.google.com/file/d/19ebTHsIRxDdbOm9C5CqFRdqjonbzpKfD/view?usp=drivesdk,A medium globe-shaped sample with a dusty tan surface.,187.1,Red,Year Round,Savory,Oval,potato,1973
ComfyUI_00084_.png,https://drive.google.com/file/d/1BTXxjwsVCx_H2eikRqqQEMO1yPXM8mlv/view?usp=drivesdk,A brownish produce with a round silhouette.,308.3,Orange,Year Round,Mild,Globular,potato,1974
ComfyUI_00086_.png,https://drive.google.com/file/d/1rFpRWEt4Vz7eos0klqwJ4Dtboo7-g2Uv/view?usp=drivesdk,This produce is oval and features a textured appearance.,149.5,Red,Winter,Savory,Irregular,potato,1975
ComfyUI_00083_.png,https://drive.google.com/file/d/1xfwlZY9HfdlSXvzYYPMwTGpi3eQL_JM7/view?usp=drivesdk,An organic sample that feels matte to the touch and looks curved.,156.4,Orange,Year Round,Starchy,Round,potato,1976
ComfyUI_00054_.png,https://drive.google.com/file/d/1-RlCpxBa5Kk7dvmNIjKpNdkKKLlf-GjV/view?usp=drivesdk,A medium curved organic matter with a bumpy pale surface.,357.8,Yellow,Autumn,Earthy,Flattened,potato,1977
ComfyUI_00055_.png,https://drive.google.com/file/d/114WIg-UArvGsCWbpjFH0viZWSi-rsfbY/view?usp=drivesdk,A variable specimen distinguishable by its brownish hue and elongated form.,269.1,Brown,Winter,Earthy,Asymmetric,potato,1978
ComfyUI_00060_.png,https://drive.google.com/file/d/12LKRf-qtCtFp_Gafcn09D0MZYIoReyTt/view?usp=drivesdk,A earthy item with a curved silhouette.,319.7,Brown,Winter,Starchy,Asymmetric,potato,1979
ComfyUI_00052_.png,https://drive.google.com/file/d/12sgXI68-qtB4uBYRJuVTba8d9Ji4-4yQ/view?usp=drivesdk,This produce is circular and features a bumpy appearance.,245.9,Orange,Winter,Earthy,Flattened,potato,1980
ComfyUI_00059_.png,https://drive.google.com/file/d/1GfroyE3IlBKQbFDsilkJbBLdj7Yy2PIl/view?usp=drivesdk,This object is orb-like and features a uneven appearance.,353.3,Red,Year Round,Earthy,Oval,potato,1981
ComfyUI_00065_.png,https://drive.google.com/file/d/1dljs0dEUCEWuCLU-3YBLRanbL7G7xETc/view?usp=drivesdk,This produce is orb-like and features a pitted appearance.,135.2,Orange,Autumn,Earthy,Irregular,potato,1982
ComfyUI_00058_.png,https://drive.google.com/file/d/1tKorm3-MT6u9lrB4aqUIJCdoiA7v4ueu/view?usp=drivesdk,This produce is oval and features a uneven appearance.,159.1,Red,Year Round,Earthy,Long,potato,1983
ComfyUI_00051_.png,https://drive.google.com/file/d/1ziis-bI8Ivv-4_DSDOARe6LG4fIFCjeX/view?usp=drivesdk,An organic organic matter that feels uneven to the touch and looks curved.,333.8,Orange,Year Round,Mild,Asymmetric,potato,1984
ComfyUI_00036_.png,https://drive.google.com/file/d/16J18yyEmK1tsZ5KpV7MG0iRTvafPqw4f/view?usp=drivesdk,A medium produce distinguishable by its earthy hue and globe-shaped form.,180.9,Yellow,Year Round,Mild,Oval,potato,1985
ComfyUI_00031_.png,https://drive.google.com/file/d/1XV8fzugeB12_2LoBsiU5bV1vhlA5bnA7/view?usp=drivesdk,This object is round and features a uneven appearance.,164.4,Orange,Year Round,Mild,Round,potato,1986
ComfyUI_00045_.png,https://drive.google.com/file/d/1k0PaIfm2VZYSVnI7ub7yYjV1cS6PLbhC/view?usp=drivesdk,An organic sample that feels uneven to the touch and looks oval.,236.1,Yellow,Year Round,Starchy,Oval,potato,1987
ComfyUI_00041_.png,https://drive.google.com/file/d/1mW9c-tRqrmBWwqxySbtWMI2zd0f4L8pw/view?usp=drivesdk,A earthy organic matter with a orb-like silhouette.,286.5,Yellow,Year Round,Starchy,Globular,potato,1988
ComfyUI_00044_.png,https://drive.google.com/file/d/1rJIzA6AfdaMx8oHfOvKS2eDO4MqNr5Ik/view?usp=drivesdk,A medium spherical sample with a uneven brownish surface.,285.3,Yellow,Year Round,Earthy,Cylindrical,potato,1989
ComfyUI_00040_.png,https://drive.google.com/file/d/1tAfu34WKqBFP8EZQhazIcPJOuYiePUPM/view?usp=drivesdk,A pale specimen with a globe-shaped silhouette.,288.3,Red,Autumn,Earthy,Cylindrical,potato,1990
ComfyUI_00024_.png,https://drive.google.com/file/d/1cXtplycprAnXaH931HcKgrTerjHNwx_C/view?usp=drivesdk,An organic item that feels dusty to the touch and looks globe-shaped.,242.8,Orange,Autumn,Savory,Curved,potato,1991
ComfyUI_00019_.png,https://drive.google.com/file/d/1n87WAb51jHV4beS4IBbmnHpUDFnJiKIV/view?usp=drivesdk,This item is orb-like and features a pitted appearance.,328.9,Yellow,Year Round,Starchy,Curved,potato,1992
ComfyUI_00014_.png,https://drive.google.com/file/d/1rJ4tmUv1dEvUpqJz4RxvgMD8mqu50oCL/view?usp=drivesdk,A variable circular item with a dusty earthy surface.,373.5,Yellow,Winter,Mild,Long,potato,1993
ComfyUI_00010_.png,https://drive.google.com/file/d/10Ea4qfb3-BKkIRPForRSmWB1H-e6U0_h/view?usp=drivesdk,A variable specimen distinguishable by its pale hue and lengthy form.,351.4,Brown,Year Round,Mild,Asymmetric,potato,1994
ComfyUI_00013_.png,https://drive.google.com/file/d/16bqYL5Dip5C52FNauwsMOBeBbCV1jogW/view?usp=drivesdk,A medium oblong specimen with a pitted tan surface.,160.3,Orange,Year Round,Earthy,Cylindrical,potato,1995
ComfyUI_00008_.png,https://drive.google.com/file/d/1L4uKhDOjn6FZW0edrgSF7hy0AxtSUN7p/view?usp=drivesdk,A variable orb-like produce with a pitted tan surface.,365,Yellow,Year Round,Savory,Cylindrical,potato,1996
ComfyUI_00009_.png,https://drive.google.com/file/d/1Z-URM_Bsd5ATo7g3rl8ZtElll42ki-cY/view?usp=drivesdk,This specimen is round and features a uneven appearance.,414.5,Brown,Autumn,Mild,Globular,potato,1997
ComfyUI_00006_.png,https://drive.google.com/file/d/1bKqQEQS4Xh2XGoykyjCQvmVkvpWTOIxK/view?usp=drivesdk,A variable spherical item with a matte tan surface.,361.6,Orange,Year Round,Savory,Round,potato,1998
ComfyUI_00007_.png,https://drive.google.com/file/d/1mv-LwtLrGW5_7SNuNkYR74XAVv8wjsCb/view?usp=drivesdk,An organic organic matter that feels uneven to the touch and looks oblong.,105.5,Orange,Year Round,Starchy,Cylindrical,potato,1999
ComfyUI_00012_.png,https://drive.google.com/file/d/1oMe3oAQn_Hplh75ge8vyiq5oCUalvvdL/view?usp=drivesdk,An organic produce that feels rough to the touch and looks curved.,196.7,Orange,Winter,Savory,Irregular,potato,2000
mandalina_00091_.png,https://drive.google.com/file/d/1AZ9w6VLILjfo9i3dt-ShX70pntXd2fjf/view?usp=drivesdk,A medium oblong sample with a pitted earthy surface.,232.1,Orange,Year Round,Earthy,Flattened,potato,2001
mandalina_00090_.png,https://drive.google.com/file/d/1g73YPpwyAGNKJk3bYY7BA6Tjn4wDrMMA/view?usp=drivesdk,A medium object distinguishable by its pale hue and curved form.,257.9,Brown,Year Round,Mild,Cylindrical,potato,2002
mandalina_00092_.png,https://drive.google.com/file/d/1lKOH0EJffnIA7fMrxmXZsObwkuj-b1mq/view?usp=drivesdk,An organic organic matter that feels matte to the touch and looks curved.,305.5,Orange,Winter,Savory,Round,potato,2003
mandalina_00088_.png,https://drive.google.com/file/d/18HJrs0JwQDPKNWova3LR6O5yOtC0efso/view?usp=drivesdk,A medium produce distinguishable by its earthy hue and curved form.,88.8,Brown,Year Round,Starchy,Irregular,potato,2004
mandalina_00076_.png,https://drive.google.com/file/d/1CVxBHzV72sppQ9FZqb1oDkyjLetxMLdM/view?usp=drivesdk,A earthy sample with a lengthy silhouette.,259.8,Brown,Autumn,Starchy,Cylindrical,potato,2005
mandalina_00078_.png,https://drive.google.com/file/d/1H7U9MpLRy9JZ-a84DXAuMl8X534NLMHd/view?usp=drivesdk,A variable specimen distinguishable by its pale hue and orb-like form.,358.5,Brown,Year Round,Mild,Asymmetric,potato,2006
mandalina_00075_.png,https://drive.google.com/file/d/1KYh6sZeGcNRyoewAZVEORy0mBDPetTCO/view?usp=drivesdk,This produce is lengthy and features a textured appearance.,368.4,Orange,Autumn,Starchy,Oval,potato,2007
mandalina_00083_.png,https://drive.google.com/file/d/1QXV3etkxCEiLqH-X3IF9RyMqsCkcqgic/view?usp=drivesdk,An organic specimen that feels dusty to the touch and looks oval.,163.3,Yellow,Year Round,Earthy,Curved,potato,2008
mandalina_00074_.png,https://drive.google.com/file/d/1UVkVHD3kQUvJ5e2hyIrm04AchVTHASja/view?usp=drivesdk,This produce is oval and features a uneven appearance.,224.8,Brown,Autumn,Starchy,Round,potato,2009
mandalina_00081_.png,https://drive.google.com/file/d/1Xu-1HcqxebHW7_6ab-BlHHGgwNoGcXOr/view?usp=drivesdk,This object is circular and features a rough appearance.,135.1,Brown,Winter,Starchy,Irregular,potato,2010
mandalina_00079_.png,https://drive.google.com/file/d/1_ID0y0HxeXuIWNzdEz_C8bRklWAq1HQl/view?usp=drivesdk,This item is orb-like and features a rough appearance.,193.8,Orange,Winter,Starchy,Round,potato,2011
mandalina_00089_.png,https://drive.google.com/file/d/1bCw1zA08CXW4dgxd4hpSOl0z2uX3nUjb/view?usp=drivesdk,An organic organic matter that feels bumpy to the touch and looks spherical.,176.7,Brown,Autumn,Earthy,Irregular,potato,2012
mandalina_00087_.png,https://drive.google.com/file/d/1ejSvJxex-rnjCA5pqVlEgg5qj3nPt6mJ/view?usp=drivesdk,An organic object that feels textured to the touch and looks circular.,408.7,Yellow,Year Round,Earthy,Irregular,potato,2013
mandalina_00082_.png,https://drive.google.com/file/d/1fWbqyKRE3g1v2pyUMEgipJt3jhH1_HIq/view?usp=drivesdk,This organic matter is curved and features a dusty appearance.,239.6,Brown,Winter,Savory,Round,potato,2014
mandalina_00084_.png,https://drive.google.com/file/d/1kgnDfQemDnZld-GZkdjx7oFjyWc_n2x1/view?usp=drivesdk,A variable specimen distinguishable by its brownish hue and lengthy form.,239.8,Brown,Winter,Savory,Cylindrical,potato,2015
mandalina_00085_.png,https://drive.google.com/file/d/1o94q3BBqcDJwASWmsnu8M7ZieJAnW_Rd/view?usp=drivesdk,A variable orb-like specimen with a textured earthy surface.,341,Brown,Year Round,Earthy,Oval,potato,2016
mandalina_00077_.png,https://drive.google.com/file/d/1s7qqXVdA02VumpN25-lc7Q45KHZbu-Fo/view?usp=drivesdk,A variable specimen distinguishable by its brownish hue and orb-like form.,170.7,Brown,Winter,Earthy,Cylindrical,potato,2017
mandalina_00086_.png,https://drive.google.com/file/d/1wgwVtJGHaCEvJkwmGP3sD7RVAWIwvjEc/view?usp=drivesdk,An organic sample that feels bumpy to the touch and looks oblong.,303.4,Brown,Winter,Earthy,Asymmetric,potato,2018
mandalina_00061_.png,https://drive.google.com/file/d/10SHzErq_KIItrmiZocqidPtaD1dZw8ew/view?usp=drivesdk,A beige specimen with a curved silhouette.,319.8,Orange,Autumn,Mild,Oval,potato,2019
mandalina_00073_.png,https://drive.google.com/file/d/132QXJvdBOMZi-neI7hTaNKTpG2yMCMtn/view?usp=drivesdk,A variable specimen distinguishable by its tan hue and globe-shaped form.,169.8,Orange,Winter,Starchy,Flattened,potato,2020
mandalina_00067_.png,https://drive.google.com/file/d/16txNYKftuaF96YRwFlux2eAnXgCVjegy/view?usp=drivesdk,A brownish object with a oblong silhouette.,190.3,Yellow,Winter,Earthy,Oval,potato,2021
mandalina_00066_.png,https://drive.google.com/file/d/18-OSYhpya1_cbk1IuT8J75_s6WlaX_1d/view?usp=drivesdk,A chunky produce distinguishable by its earthy hue and curved form.,177.9,Orange,Year Round,Earthy,Globular,potato,2022
mandalina_00058_.png,https://drive.google.com/file/d/1JZsPKvl6ggf1_ve7BjHvQ1YAnxx-j0Bz/view?usp=drivesdk,A variable globe-shaped specimen with a uneven pale surface.,162.3,Orange,Winter,Mild,Flattened,potato,2023
mandalina_00071_.png,https://drive.google.com/file/d/1UCthsxcja2S9mttgUYi5G2AVQcRkIAkK/view?usp=drivesdk,A pale item with a elongated silhouette.,201.7,Orange,Year Round,Earthy,Globular,potato,2024
mandalina_00063_.png,https://drive.google.com/file/d/1VMYr5GCCua3qso2PyXGVvieHMjdaa1t5/view?usp=drivesdk,This specimen is circular and features a rough appearance.,290,Brown,Year Round,Starchy,Curved,potato,2025
mandalina_00070_.png,https://drive.google.com/file/d/1WXskljsnjxNiRs9JWe1RBPiHHOSONJ3a/view?usp=drivesdk,An organic object that feels matte to the touch and looks curved.,283.7,Brown,Autumn,Mild,Asymmetric,potato,2026
mandalina_00069_.png,https://drive.google.com/file/d/1YhNew2RPWszeMHNhso3Mk_GMmFt3gWCe/view?usp=drivesdk,An organic item that feels bumpy to the touch and looks oval.,104.7,Orange,Autumn,Starchy,Irregular,potato,2027
mandalina_00065_.png,https://drive.google.com/file/d/1ZJUyXeJo2UeVpKTSV2eA2KEv8lsFvq-y/view?usp=drivesdk,A earthy organic matter with a round silhouette.,256.1,Orange,Year Round,Starchy,Curved,potato,2028
mandalina_00068_.png,https://drive.google.com/file/d/1dNwyq_p9L4PFt4ih3raO0fmkZtj9CAQg/view?usp=drivesdk,This organic matter is elongated and features a rough appearance.,261,Orange,Autumn,Mild,Asymmetric,potato,2029
mandalina_00060_.png,https://drive.google.com/file/d/1fBcgsEm9cu3iAF9LmXAeZ0b29lfZsoMC/view?usp=drivesdk,This specimen is orb-like and features a dusty appearance.,159.3,Orange,Winter,Starchy,Curved,potato,2030
mandalina_00059_.png,https://drive.google.com/file/d/1hrdORtnSgVqJUXv553aMndMRYuh9y_wR/view?usp=drivesdk,This specimen is circular and features a uneven appearance.,255.2,Brown,Year Round,Mild,Oval,potato,2031
mandalina_00062_.png,https://drive.google.com/file/d/1yMhv7xQ9wGIa8ehPVPE-bWh94PD5ZUze/view?usp=drivesdk,A chunky round specimen with a bumpy earthy surface.,305.1,Brown,Autumn,Savory,Flattened,potato,2032
mandalina_00072_.png,https://drive.google.com/file/d/1zq1kJBEJ6OP-F1on_6DpHIMBjNm-uhcy/view?usp=drivesdk,A beige produce with a curved silhouette.,315.5,Orange,Year Round,Starchy,Oval,potato,2033
mandalina_00053_.png,https://drive.google.com/file/d/1F4Sva06R2CCqneJ7z4GBdCvfYk19Apit/view?usp=drivesdk,A variable produce distinguishable by its pale hue and curved form.,346.7,Orange,Autumn,Mild,Curved,potato,2034
mandalina_00054_.png,https://drive.google.com/file/d/1FmsVwHWUHD6iZq1eRn36ECPtJ2gpCzIy/view?usp=drivesdk,This sample is orb-like and features a pitted appearance.,272.6,Yellow,Winter,Earthy,Round,potato,2035
mandalina_00055_.png,https://drive.google.com/file/d/1I1C80te-B7XM9wyCp1eSH9Wt8E4VFujx/view?usp=drivesdk,A earthy item with a circular silhouette.,149.6,Orange,Year Round,Mild,Flattened,potato,2036
mandalina_00052_.png,https://drive.google.com/file/d/1Vgy3aEeG_P8I6smToPDgwYJm99LRcXuZ/view?usp=drivesdk,A chunky object distinguishable by its beige hue and round form.,338.3,Orange,Winter,Starchy,Cylindrical,potato,2037
mandalina_00050_.png,https://drive.google.com/file/d/1YWILJrRo8vvT0ui3C2vS1AYJbGth_4Wz/view?usp=drivesdk,A earthy produce with a lengthy silhouette.,333.9,Orange,Winter,Savory,Asymmetric,potato,2038
mandalina_00056_.png,https://drive.google.com/file/d/1jGEJtw7aIQmX_SSuysju1rE9vcUIkMY0/view?usp=drivesdk,A variable produce distinguishable by its beige hue and elongated form.,202.3,Orange,Year Round,Starchy,Irregular,potato,2039
mandalina_00048_.png,https://drive.google.com/file/d/1tLNoE-GgahtdRZu8n88iBvLyOMgwIkVo/view?usp=drivesdk,A chunky object distinguishable by its tan hue and globe-shaped form.,245.5,Brown,Winter,Savory,Round,potato,2040
mandalina_00057_.png,https://drive.google.com/file/d/11RVKu-lm8t7o3r3lxz4LPVCxIFp0S9kQ/view?usp=drivesdk,A variable spherical object with a bumpy earthy surface.,221.7,Orange,Autumn,Earthy,Cylindrical,potato,2041
mandalina_00051_.png,https://drive.google.com/file/d/1_WmVQbpDJeT1EPMnEF-nAFao_xF0-Clj/view?usp=drivesdk,A medium specimen distinguishable by its beige hue and oval form.,382.6,Orange,Year Round,Savory,Asymmetric,potato,2042
mandalina_00049_.png,https://drive.google.com/file/d/1vl1puEIAMefN1rUq9Iog7WESYQKteRqa/view?usp=drivesdk,A chunky organic matter distinguishable by its brownish hue and globe-shaped form.,213.9,Orange,Year Round,Earthy,Round,potato,2043
mandalina_00047_.png,https://drive.google.com/file/d/1wtV9nu-hpla2qNXaSn7hhAG6uVJFj9yZ/view?usp=drivesdk,A chunky lengthy sample with a pitted beige surface.,409.2,Orange,Autumn,Savory,Oval,potato,2044
mandalina_00045_.png,https://drive.google.com/file/d/1iq9_0d6CnHSvhtmS1fBQNNxgjjL6I8l6/view?usp=drivesdk,This object is spherical and features a matte appearance.,320.4,Orange,Autumn,Earthy,Asymmetric,potato,2045
mandalina_00044_.png,https://drive.google.com/file/d/1q4jDCAYK-F8O-DailNrkD0nkc6p0GzIo/view?usp=drivesdk,A variable orb-like specimen with a matte tan surface.,308.8,Orange,Winter,Starchy,Flattened,potato,2046
mandalina_00038_.png,https://drive.google.com/file/d/1JMBflidxLKEhhJU6e2ijqXc-gzZhnslX/view?usp=drivesdk,A variable oblong item with a dusty beige surface.,147.1,Orange,Year Round,Starchy,Long,potato,2047
mandalina_00027_.png,https://drive.google.com/file/d/1Ln-IRZYlYGEv4yiUd4A_lQNMchmw1Gy0/view?usp=drivesdk,A chunky object distinguishable by its earthy hue and elongated form.,305.8,Yellow,Autumn,Savory,Curved,potato,2048
mandalina_00028_.png,https://drive.google.com/file/d/1P1i-7NNwcGz8HSZcpa-vezioXbV7Foyx/view?usp=drivesdk,An organic organic matter that feels pitted to the touch and looks spherical.,267,Orange,Year Round,Starchy,Curved,potato,2049
mandalina_00031_.png,https://drive.google.com/file/d/1oVs-avTBBZNU-dE1SOheS5qXPYnqksW4/view?usp=drivesdk,A medium curved object with a matte brownish surface.,175,Red,Year Round,Savory,Asymmetric,potato,2050
mandalina_00025_.png,https://drive.google.com/file/d/1pqXAOzNyQyGp9cTxfGPUsXKfdAYgItlP/view?usp=drivesdk,An organic sample that feels matte to the touch and looks globe-shaped.,268.1,Yellow,Year Round,Starchy,Globular,potato,2051
mandalina_00037_.png,https://drive.google.com/file/d/1zmW8aVdWfJPFZLlqnbzIRMU9MsFJ8x7Q/view?usp=drivesdk,A tan organic matter with a orb-like silhouette.,294,Yellow,Autumn,Mild,Curved,potato,2052
mandalina_00014_.png,https://drive.google.com/file/d/131HpE9uub50a19NFTg9lFwHesKGQtQGJ/view?usp=drivesdk,An organic specimen that feels uneven to the touch and looks spherical.,83.1,Orange,Autumn,Savory,Round,potato,2053
mandalina_00013_.png,https://drive.google.com/file/d/1BiK4IHPpuiIfOaZKXXMrGCvl1T0iBn6I/view?usp=drivesdk,This object is globe-shaped and features a bumpy appearance.,444.8,Orange,Year Round,Mild,Long,potato,2054
mandalina_00020_.png,https://drive.google.com/file/d/1E4q5sTMPQ_vcXdvQbrIQvjpUYcwAkOM4/view?usp=drivesdk,A beige item with a spherical silhouette.,353.8,Orange,Winter,Savory,Oval,potato,2055
mandalina_00022_.png,https://drive.google.com/file/d/1Rw6qMQ-tWW8aJdSPfwlfDYXiBJ3slZjO/view?usp=drivesdk,A variable object distinguishable by its earthy hue and oblong form.,184.1,Orange,Winter,Savory,Globular,potato,2056
mandalina_00019_.png,https://drive.google.com/file/d/1Xbr-EhvVapC9sz4hrN11B38_3A_Ux3o4/view?usp=drivesdk,An organic specimen that feels matte to the touch and looks lengthy.,118.6,Yellow,Winter,Earthy,Irregular,potato,2057
mandalina_00012_.png,https://drive.google.com/file/d/1ZTAcuQPIGws2mvONQ4_IfEPe5DuzASwX/view?usp=drivesdk,An organic sample that feels pitted to the touch and looks lengthy.,271.9,Orange,Autumn,Earthy,Irregular,potato,2058
mandalina_00010_.png,https://drive.google.com/file/d/1aZRChUE6Rs5QwTSEFqvpeKAA9gnG0nAs/view?usp=drivesdk,A chunky specimen distinguishable by its tan hue and orb-like form.,90.3,Orange,Winter,Mild,Asymmetric,potato,2059
mandalina_00024_.png,https://drive.google.com/file/d/1eQSV3JpBNYFOu7iyfOYGqogj5VxZYxSD/view?usp=drivesdk,An organic item that feels rough to the touch and looks elongated.,403.4,Brown,Winter,Mild,Long,potato,2060
mandalina_00009_.png,https://drive.google.com/file/d/1iulCYnTpRUIuyxR3SSx7ZzTM2J07Hcyb/view?usp=drivesdk,An organic produce that feels matte to the touch and looks elongated.,328.8,Orange,Winter,Earthy,Asymmetric,potato,2061
mandalina_00023_.png,https://drive.google.com/file/d/1jHAXI7ECgv_eckkcvV0IVZO-QJW-aSBE/view?usp=drivesdk,An organic object that feels dusty to the touch and looks circular.,303.1,Orange,Autumn,Savory,Round,potato,2062
mandalina_00015_.png,https://drive.google.com/file/d/1kFqfW3PI7NsljbxqyN3Vr63LY94u56dP/view?usp=drivesdk,This sample is lengthy and features a textured appearance.,276.5,Yellow,Winter,Mild,Oval,potato,2063
mandalina_00017_.png,https://drive.google.com/file/d/1uz-WV8o41bR59iS6-uqjB_l6QyhsjpDl/view?usp=drivesdk,A brownish item with a curved silhouette.,334,Orange,Winter,Starchy,Long,potato,2064
mandalina_00005_.png,https://drive.google.com/file/d/1bL03BijBEivJfXX-YUStkAS_lQ2puCin/view?usp=drivesdk,A chunky oblong item with a bumpy pale surface.,122,Orange,Year Round,Starchy,Cylindrical,potato,2065
mandalina_00006_.png,https://drive.google.com/file/d/1pT3q1bwUdaPbvIMHO0f4SutIT_aYhE3g/view?usp=drivesdk,A earthy produce with a oblong silhouette.,269,Orange,Autumn,Savory,Round,potato,2066
potato_generated_224.jpg,https://drive.google.com/file/d/1Q-ZdsUj6jLEYLWJmqD-_lDFRkIoHUudZ/view?usp=drivesdk,A medium curved sample with a dusty pale surface.,194.5,Orange,Winter,Earthy,Flattened,potato,2067
potato_generated_222.jpg,https://drive.google.com/file/d/1FYixL-kTTAUD_Nql2tr12LvWIxHHojGA/view?usp=drivesdk,A medium lengthy specimen with a uneven pale surface.,238.6,Orange,Winter,Earthy,Round,potato,2068
potato_generated_221.jpg,https://drive.google.com/file/d/1oSWYQAUmuMdeIqMdXPUSkSkpvyuwCqa6/view?usp=drivesdk,An organic item that feels pitted to the touch and looks globe-shaped.,196.3,Orange,Autumn,Earthy,Curved,potato,2069
potato_generated_220.jpg,https://drive.google.com/file/d/1Oqy_doSoj1zNjPYVidvGRPUgm09kHhEc/view?usp=drivesdk,This specimen is curved and features a textured appearance.,66.6,Orange,Autumn,Earthy,Long,potato,2070
potato_generated_218.jpg,https://drive.google.com/file/d/1F-E2LAJlFOFp3UrzQ74fsxt13vS6AcvK/view?usp=drivesdk,This specimen is spherical and features a rough appearance.,73,Yellow,Year Round,Starchy,Flattened,potato,2071
potato_generated_217.jpg,https://drive.google.com/file/d/1N37-FjzY-luV-NPRtb5kAxerRyWBIfF9/view?usp=drivesdk,An organic item that feels dusty to the touch and looks round.,225,Yellow,Autumn,Savory,Globular,potato,2072
potato_generated_216.jpg,https://drive.google.com/file/d/1zTDHWKyrtZYKh76XC_ASmk3tl2gURSPd/view?usp=drivesdk,This object is spherical and features a pitted appearance.,284.2,Orange,Autumn,Earthy,Globular,potato,2073
potato_generated_213.jpg,https://drive.google.com/file/d/1g3i0C-2xkN-LgMuU9R9HijmfsMz24CmX/view?usp=drivesdk,A chunky item distinguishable by its earthy hue and elongated form.,297.5,Yellow,Year Round,Starchy,Cylindrical,potato,2074
potato_generated_212.jpg,https://drive.google.com/file/d/1kTgrqWyRAoRT7OxTvcJVQJ05YR4VkkFD/view?usp=drivesdk,A beige specimen with a spherical silhouette.,260.1,Orange,Year Round,Savory,Globular,potato,2075
potato_generated_211.jpg,https://drive.google.com/file/d/1T5xDJKzLj8osdwpAOYhrHBNsJIpMU5hi/view?usp=drivesdk,An organic specimen that feels uneven to the touch and looks curved.,271.8,Yellow,Winter,Starchy,Irregular,potato,2076
potato_generated_210.jpg,https://drive.google.com/file/d/1dy_y0fnMsLNfez0ptyjn2dIPxUawKJ8l/view?usp=drivesdk,This item is elongated and features a uneven appearance.,247.3,Yellow,Year Round,Earthy,Asymmetric,potato,2077
potato_generated_209.jpg,https://drive.google.com/file/d/1KziX2fqTYJl0-iX6OJiKrKQ3wGVIOGbQ/view?usp=drivesdk,A medium item distinguishable by its pale hue and curved form.,111.2,Yellow,Year Round,Savory,Flattened,potato,2078
potato_generated_208.jpg,https://drive.google.com/file/d/1ClFDF516NqHIsRrnuEwSeifpFjUAXR3s/view?usp=drivesdk,An organic specimen that feels pitted to the touch and looks spherical.,118.1,Orange,Year Round,Mild,Irregular,potato,2079
potato_generated_207.jpg,https://drive.google.com/file/d/1YdyXqx1_VTfODdo1W5Jv7UIslwYhrSWq/view?usp=drivesdk,This specimen is orb-like and features a matte appearance.,233.6,Yellow,Autumn,Starchy,Round,potato,2080
potato_generated_206.jpg,https://drive.google.com/file/d/1NB2Qsj35UBD5No-PX1Khh7ktThbztpu9/view?usp=drivesdk,This organic matter is oval and features a dusty appearance.,371.6,Yellow,Autumn,Earthy,Irregular,potato,2081
potato_generated_205.jpg,https://drive.google.com/file/d/1dLT6mjDU5FwAriDCFdf5W8ri_EZF5NxK/view?usp=drivesdk,This item is oblong and features a dusty appearance.,163,Orange,Winter,Earthy,Flattened,potato,2082
potato_generated_204.jpg,https://drive.google.com/file/d/1KVrHDQtVzZ8estRIcwIRyfQRHnWIagDq/view?usp=drivesdk,A pale produce with a round silhouette.,292.1,Orange,Autumn,Earthy,Asymmetric,potato,2083
potato_generated_203.jpg,https://drive.google.com/file/d/1vOJavJsmCisKmrFWDeEHtxWOd7GHKeRw/view?usp=drivesdk,This item is lengthy and features a dusty appearance.,297,Orange,Autumn,Earthy,Flattened,potato,2084
potato_generated_202.jpg,https://drive.google.com/file/d/11BBD_EpWSIb1VZ_bfMXKaT3SSZRRpB4L/view?usp=drivesdk,A beige object with a spherical silhouette.,384.1,Orange,Winter,Starchy,Asymmetric,potato,2085
potato_generated_201.jpg,https://drive.google.com/file/d/1WNJuBgemwYMoL6aB16_xNdyjlBlG0vZp/view?usp=drivesdk,An organic sample that feels matte to the touch and looks spherical.,268.4,Yellow,Autumn,Starchy,Long,potato,2086
potato_generated_199.jpg,https://drive.google.com/file/d/1M9JTY72dQu3xHrvefKR2LEPSrUAt-qNd/view?usp=drivesdk,A variable produce distinguishable by its earthy hue and globe-shaped form.,249.8,Orange,Autumn,Earthy,Globular,potato,2087
potato_generated_198.jpg,https://drive.google.com/file/d/1VF84ltwz7DUAfYXwn08MHTat_Uh2UZ6Y/view?usp=drivesdk,A medium object distinguishable by its brownish hue and round form.,186.8,Yellow,Autumn,Mild,Asymmetric,potato,2088
potato_generated_197.jpg,https://drive.google.com/file/d/17W4mMVHnbq4raCiRneMkYJvuBfIGdRva/view?usp=drivesdk,This object is elongated and features a textured appearance.,213.7,Orange,Winter,Starchy,Cylindrical,potato,2089
potato_generated_196.jpg,https://drive.google.com/file/d/1Gylq3PA8XNoELu8DSuJjOr34J5-BerdQ/view?usp=drivesdk,An organic item that feels uneven to the touch and looks orb-like.,118.9,Orange,Year Round,Mild,Asymmetric,potato,2090
potato_generated_195.jpg,https://drive.google.com/file/d/1_n2RK1eao8noN-61-CdiMwJlFw_otKEd/view?usp=drivesdk,This specimen is curved and features a matte appearance.,236.5,Orange,Winter,Savory,Long,potato,2091
potato_generated_194.jpg,https://drive.google.com/file/d/1QzOPFTz2ka2uqwohLJonRTzZ83fo9m6l/view?usp=drivesdk,This organic matter is lengthy and features a matte appearance.,206.9,Yellow,Winter,Starchy,Curved,potato,2092
potato_generated_193.jpg,https://drive.google.com/file/d/1Jbjj7fT3XULa-87fteTbxUeqL4he6OeF/view?usp=drivesdk,A chunky oblong object with a dusty beige surface.,194.9,Yellow,Year Round,Earthy,Cylindrical,potato,2093
potato_generated_191.jpg,https://drive.google.com/file/d/1F4e9H6JasyGVNfgMl9G_1SL4j6ZIsR26/view?usp=drivesdk,A variable produce distinguishable by its pale hue and curved form.,344.6,Orange,Winter,Savory,Round,potato,2094
potato_generated_190.jpg,https://drive.google.com/file/d/1Z0AD3HXD-Imj5PPFrrbThIi5JYcQWyai/view?usp=drivesdk,A variable item distinguishable by its earthy hue and globe-shaped form.,334.9,Yellow,Autumn,Earthy,Oval,potato,2095
potato_generated_189.jpg,https://drive.google.com/file/d/1nkjKbZEpLD684oBIPgqKMKh96uCa7BOt/view?usp=drivesdk,This object is globe-shaped and features a rough appearance.,341.3,Orange,Autumn,Earthy,Oval,potato,2096
potato_generated_186.jpg,https://drive.google.com/file/d/1aOiTTy5Ev-KbZvriXRdrRfHG-doSlISv/view?usp=drivesdk,A brownish object with a curved silhouette.,161.8,Yellow,Winter,Mild,Globular,potato,2097
potato_generated_185.jpg,https://drive.google.com/file/d/10mkQhfvHyLw-Dzwn_WKZ0J0CAf_8-Knh/view?usp=drivesdk,A brownish object with a elongated silhouette.,217.2,Yellow,Winter,Savory,Irregular,potato,2098
potato_generated_184.jpg,https://drive.google.com/file/d/1HYgWnlxhH_ibMA6ywjPv_Xi7Un4LwZFD/view?usp=drivesdk,This organic matter is lengthy and features a rough appearance.,304,Orange,Autumn,Earthy,Curved,potato,2099
potato_generated_183.jpg,https://drive.google.com/file/d/1Uy9CDOJeJH2y9pvRwLeF4VFo-WfrrHh8/view?usp=drivesdk,A earthy item with a elongated silhouette.,190.4,Yellow,Winter,Savory,Flattened,potato,2100
potato_generated_182.jpg,https://drive.google.com/file/d/1tDGVsyLsDIXzOEpzoIpKh3ub5HTKieOR/view?usp=drivesdk,A earthy sample with a oval silhouette.,256.7,Yellow,Year Round,Starchy,Asymmetric,potato,2101
potato_generated_181.jpg,https://drive.google.com/file/d/1keh_sgGBoeP1y2BDqiSQvTTCRYXB0ElN/view?usp=drivesdk,A pale sample with a round silhouette.,221.7,Yellow,Year Round,Starchy,Long,potato,2102
potato_generated_180.jpg,https://drive.google.com/file/d/18J5yjaJYglxNWadUm0rxz7w6ON-P0EJ3/view?usp=drivesdk,A pale item with a globe-shaped silhouette.,302.5,Orange,Autumn,Savory,Flattened,potato,2103
potato_generated_179.jpg,https://drive.google.com/file/d/1uhKi5KRTtQyX6fhqlCOX21sh_yQ3KMDN/view?usp=drivesdk,A tan produce with a orb-like silhouette.,355.2,Yellow,Autumn,Starchy,Cylindrical,potato,2104
potato_generated_178.jpg,https://drive.google.com/file/d/1yKWVA2ZQoYx_LM62JfeLLcZMOSj0flZ2/view?usp=drivesdk,An organic specimen that feels dusty to the touch and looks round.,207.9,Yellow,Winter,Earthy,Globular,potato,2105
potato_generated_177.jpg,https://drive.google.com/file/d/1yfAUvIGhPure9zj_H3Blg1oiASeWolhC/view?usp=drivesdk,A medium object distinguishable by its beige hue and elongated form.,167.8,Yellow,Winter,Savory,Round,potato,2106
potato_generated_175.jpg,https://drive.google.com/file/d/1e5v3qCBQ-p46WgwbmTnMw5_j4ciKaFyb/view?usp=drivesdk,A medium round specimen with a uneven tan surface.,411.4,Orange,Winter,Mild,Asymmetric,potato,2107
potato_generated_174.jpg,https://drive.google.com/file/d/1mmjwDvmWNbnxc9kzdy5HDaCbl2Mv52TD/view?usp=drivesdk,A chunky curved object with a uneven earthy surface.,164.8,Yellow,Winter,Earthy,Globular,potato,2108
potato_generated_171.jpg,https://drive.google.com/file/d/1uPZQYAgZ5ZT4d_Sfko88rBE_R142r4TI/view?usp=drivesdk,A chunky item distinguishable by its pale hue and elongated form.,133,Orange,Year Round,Mild,Asymmetric,potato,2109
potato_generated_170.jpg,https://drive.google.com/file/d/15UpomhEsuXmFs2XqYAQOjXs5MQ03wYbJ/view?usp=drivesdk,An organic item that feels uneven to the touch and looks curved.,221.7,Yellow,Autumn,Starchy,Curved,potato,2110
potato_generated_169.jpg,https://drive.google.com/file/d/1VOyVKpPf3YVjGBh4nytN03zO9Dwvr0iU/view?usp=drivesdk,This object is oval and features a uneven appearance.,176.2,Orange,Year Round,Mild,Long,potato,2111
potato_generated_168.jpg,https://drive.google.com/file/d/10xsemQ61u9eHq_P9s0t7V1ws5PO4Oepg/view?usp=drivesdk,A earthy object with a orb-like silhouette.,228.1,Orange,Year Round,Mild,Irregular,potato,2112
potato_generated_167.jpg,https://drive.google.com/file/d/1yQ6044qOmWAueG5uZ1EqIkzrTK1qqV05/view?usp=drivesdk,A chunky organic matter distinguishable by its brownish hue and curved form.,247.7,Orange,Winter,Mild,Asymmetric,potato,2113
potato_generated_166.jpg,https://drive.google.com/file/d/1S8ExBnCLElhj5SrEQGuWDXiBE-m1WGjm/view?usp=drivesdk,This item is circular and features a bumpy appearance.,321.9,Orange,Autumn,Mild,Irregular,potato,2114
potato_generated_165.jpg,https://drive.google.com/file/d/1XV39spTyqldFW6h9nqDFOS8wRFQ379W-/view?usp=drivesdk,An organic organic matter that feels bumpy to the touch and looks round.,172.5,Orange,Year Round,Savory,Round,potato,2115
potato_generated_164.jpg,https://drive.google.com/file/d/14W5ZIZYYBndDgN6V7fetxvomplY3PrjA/view?usp=drivesdk,A medium produce distinguishable by its beige hue and oval form.,336.6,Orange,Autumn,Savory,Asymmetric,potato,2116
potato_generated_163.jpg,https://drive.google.com/file/d/1oPgrxbSJi8igG09zlo5j-V5vzgmIjIK6/view?usp=drivesdk,A brownish specimen with a circular silhouette.,94.6,Yellow,Autumn,Mild,Curved,potato,2117
potato_generated_162.jpg,https://drive.google.com/file/d/1I5RJ2sMwm0ZfM-xk2JNTfLpKWVhinG9b/view?usp=drivesdk,A medium globe-shaped specimen with a textured tan surface.,131,Orange,Winter,Savory,Oval,potato,2118
potato_generated_161.jpg,https://drive.google.com/file/d/1ABDPMzpkDhefYixLO83M5p-4F-0QKV4I/view?usp=drivesdk,An organic item that feels rough to the touch and looks elongated.,214,Orange,Winter,Mild,Irregular,potato,2119
potato_generated_160.jpg,https://drive.google.com/file/d/1HTLynYVHrNCt7v00aXcEyjal34JamAdt/view?usp=drivesdk,A variable item distinguishable by its beige hue and globe-shaped form.,153.8,Orange,Autumn,Savory,Long,potato,2120
potato_generated_159.jpg,https://drive.google.com/file/d/12IZxcd0_eNI67tH5k-whGN9IoSYzxbJL/view?usp=drivesdk,This organic matter is oval and features a rough appearance.,275.5,Orange,Year Round,Earthy,Asymmetric,potato,2121
potato_generated_158.jpg,https://drive.google.com/file/d/1ZLMiQi4KH58c3ELz4okLszcBUtTvojMb/view?usp=drivesdk,A chunky object distinguishable by its brownish hue and curved form.,291.9,Yellow,Year Round,Savory,Cylindrical,potato,2122
potato_generated_157.jpg,https://drive.google.com/file/d/1kqpANEWG4Pg9P8KStjbkq5pAhePLSfAH/view?usp=drivesdk,This produce is elongated and features a pitted appearance.,200.3,Orange,Year Round,Mild,Oval,potato,2123
potato_generated_156.jpg,https://drive.google.com/file/d/1iD15HWT1FJ2ugdqsD6mXPqOoz3sDa4nL/view?usp=drivesdk,This sample is oblong and features a pitted appearance.,390.3,Orange,Year Round,Earthy,Curved,potato,2124
potato_generated_155.jpg,https://drive.google.com/file/d/1Y4spqxgE-57fix6d_nchjczfqNL2jGNF/view?usp=drivesdk,A chunky item distinguishable by its earthy hue and round form.,242.9,Orange,Year Round,Starchy,Asymmetric,potato,2125
potato_generated_154.jpg,https://drive.google.com/file/d/1pf-khSAUh_VTSXH3DoSism1RFxou3RsS/view?usp=drivesdk,A variable orb-like item with a dusty pale surface.,223.7,Orange,Winter,Savory,Globular,potato,2126
potato_generated_153.jpg,https://drive.google.com/file/d/148De_WmwzmXp0xWtL7UXZ5dEuJgc80dd/view?usp=drivesdk,An organic sample that feels pitted to the touch and looks oval.,233.5,Orange,Autumn,Starchy,Irregular,potato,2127
potato_generated_152.jpg,https://drive.google.com/file/d/1Obr2ZrJAgXt-XDKy2UPkIdN_kocUMDRN/view?usp=drivesdk,A chunky lengthy organic matter with a matte beige surface.,205,Orange,Autumn,Starchy,Oval,potato,2128
potato_generated_151.jpg,https://drive.google.com/file/d/1-z0IkKNuljIwD4Z_VhCJEoCwge4O2fFM/view?usp=drivesdk,An organic item that feels matte to the touch and looks elongated.,312.2,Orange,Winter,Starchy,Round,potato,2129
potato_generated_150.jpg,https://drive.google.com/file/d/1gIkbCWcEn1QZ31_R4EkcnhOuwo-_TU_Y/view?usp=drivesdk,A medium item distinguishable by its earthy hue and round form.,75.5,Orange,Year Round,Savory,Asymmetric,potato,2130
potato_generated_149.jpg,https://drive.google.com/file/d/1R3I1rIdCq9m71_Z61oDXs7-D4CHNYnNd/view?usp=drivesdk,A beige specimen with a spherical silhouette.,221.5,Orange,Autumn,Mild,Irregular,potato,2131
potato_generated_148.jpg,https://drive.google.com/file/d/1RIr9n0UwTVsC93IXvfH8Ea_oVqXcSdza/view?usp=drivesdk,A chunky produce distinguishable by its pale hue and orb-like form.,226,Orange,Year Round,Earthy,Irregular,potato,2132
potato_generated_147.jpg,https://drive.google.com/file/d/1N26cP_iqkp9iTPufCV2pbwaa6k6LwrvT/view?usp=drivesdk,This item is elongated and features a rough appearance.,317.7,Orange,Winter,Mild,Asymmetric,potato,2133
potato_generated_146.jpg,https://drive.google.com/file/d/1ar5tsrY7x8TA-mul9BvizU0wAX61JRGS/view?usp=drivesdk,This specimen is orb-like and features a pitted appearance.,255.2,Orange,Winter,Starchy,Cylindrical,potato,2134
potato_generated_145.jpg,https://drive.google.com/file/d/1GBhfYYQtGNJFIBo9tmpqqaBJQpfUDxkZ/view?usp=drivesdk,A tan object with a curved silhouette.,261.9,Orange,Year Round,Mild,Oval,potato,2135
potato_generated_144.jpg,https://drive.google.com/file/d/1ih_SD0U5NwnT0p-QZmx_SBPHk_lJFwB6/view?usp=drivesdk,A chunky object distinguishable by its pale hue and round form.,393.8,Orange,Year Round,Savory,Cylindrical,potato,2136
potato_generated_141.jpg,https://drive.google.com/file/d/1C6Xs30P6CZXUR9DQQcCZZl1JKUrREg9u/view?usp=drivesdk,An organic sample that feels rough to the touch and looks oblong.,370.7,Orange,Winter,Mild,Flattened,potato,2137
potato_generated_140.jpg,https://drive.google.com/file/d/1e7qdcmsmlwwmpmnzfrolDqyzYBdOEyN_/view?usp=drivesdk,A variable sample distinguishable by its beige hue and elongated form.,277.2,Yellow,Year Round,Savory,Curved,potato,2138
potato_generated_139.jpg,https://drive.google.com/file/d/1a86PWrfkMlAfs1ZqZgXqeZzigkvWv9Zg/view?usp=drivesdk,A variable round produce with a rough beige surface.,288.2,Orange,Winter,Starchy,Oval,potato,2139
potato_generated_138.jpg,https://drive.google.com/file/d/14rObRf0_l45HLTaD23WtJwamC2UP1OIe/view?usp=drivesdk,A chunky lengthy specimen with a rough tan surface.,235.3,Orange,Winter,Earthy,Flattened,potato,2140
potato_generated_137.jpg,https://drive.google.com/file/d/1z62bs3vaWU7g-WyMqBukdR_C0VIrF24g/view?usp=drivesdk,An organic produce that feels rough to the touch and looks circular.,335.6,Orange,Year Round,Starchy,Long,potato,2141
potato_generated_136.jpg,https://drive.google.com/file/d/1S_ywMpCKI3Q5PwCfB5KFbZA3r_Q9FWJz/view?usp=drivesdk,This object is curved and features a rough appearance.,198.9,Orange,Autumn,Starchy,Globular,potato,2142
potato_generated_135.jpg,https://drive.google.com/file/d/1WzF5Xs35BkntbutgoKwKYSd__fUV8EuX/view?usp=drivesdk,A medium specimen distinguishable by its brownish hue and elongated form.,113.6,Orange,Autumn,Earthy,Cylindrical,potato,2143
potato_generated_134.jpg,https://drive.google.com/file/d/1cvInDNddc-Euo32MMtLexe3FPZPMNGeh/view?usp=drivesdk,An organic organic matter that feels bumpy to the touch and looks curved.,153.9,Yellow,Autumn,Mild,Round,potato,2144
potato_generated_133.jpg,https://drive.google.com/file/d/1XPouYRZsCgMnnyjclUBVjkps7A6-M4UO/view?usp=drivesdk,This specimen is spherical and features a bumpy appearance.,167.8,Orange,Year Round,Savory,Curved,potato,2145
potato_generated_132.jpg,https://drive.google.com/file/d/1ZPTjRDPHVbLxITRCRcISV8IXSyJC51gj/view?usp=drivesdk,A chunky elongated sample with a matte tan surface.,191.3,Orange,Winter,Starchy,Irregular,potato,2146
potato_generated_131.jpg,https://drive.google.com/file/d/1NQhr13V5O141caAsTkQgnEJujGpuFWkA/view?usp=drivesdk,A medium round specimen with a matte beige surface.,249.2,Orange,Winter,Mild,Asymmetric,potato,2147
potato_generated_128.jpg,https://drive.google.com/file/d/14m90ApVNtO1hFUxkf2GZnt8Q1kzX-Edz/view?usp=drivesdk,A earthy object with a oblong silhouette.,302.4,Orange,Autumn,Mild,Globular,potato,2148
potato_generated_127.jpg,https://drive.google.com/file/d/1mFctYPJFtT29uY-uGKBKQCwRX5Wph8cz/view?usp=drivesdk,A brownish sample with a globe-shaped silhouette.,287.1,Yellow,Autumn,Starchy,Asymmetric,potato,2149
potato_generated_126.jpg,https://drive.google.com/file/d/1rFr0vzTI5fjrJjhOtl2jRYfPl8n_Z0Yn/view?usp=drivesdk,A beige organic matter with a spherical silhouette.,420.8,Orange,Winter,Mild,Globular,potato,2150
potato_generated_125.jpg,https://drive.google.com/file/d/1yo3hDhV_MuSVLrG-C-Lvtiyl__8z2yBs/view?usp=drivesdk,A variable globe-shaped object with a uneven brownish surface.,256.4,Orange,Autumn,Mild,Curved,potato,2151
potato_generated_123.jpg,https://drive.google.com/file/d/1viLKwy7bgFdrH9HhYE5vjW3QlnFz6h9b/view?usp=drivesdk,An organic item that feels matte to the touch and looks circular.,196.6,Orange,Autumn,Starchy,Cylindrical,potato,2152
potato_generated_122.jpg,https://drive.google.com/file/d/1UGOhE45S7NXUKHhlk1QXDm4-Axi8oesk/view?usp=drivesdk,An organic object that feels dusty to the touch and looks oval.,253.084507,Orange,Year Round,Savory,Round,potato,2153
potato_generated_121.jpg,https://drive.google.com/file/d/1Eznc3Zkkcuo486h2hTUPvBpuYpvYDIlA/view?usp=drivesdk,A beige object with a curved silhouette.,256.6,Orange,Autumn,Savory,Round,potato,2154
potato_generated_120.jpg,https://drive.google.com/file/d/1F-KyKrSyx3tJ5Z8Xe89GnWjaj-lg8pID/view?usp=drivesdk,A earthy object with a elongated silhouette.,341.5,Orange,Year Round,Savory,Globular,potato,2155
potato_generated_119.jpg,https://drive.google.com/file/d/1xmdz0mKeaNT6zBu404jTqxyYPn7eP-Ra/view?usp=drivesdk,A variable sample distinguishable by its brownish hue and curved form.,334.4,Orange,Year Round,Starchy,Globular,potato,2156
potato_generated_117.jpg,https://drive.google.com/file/d/1FHNFdONHLvuusX4zjuZ1OlnJ5kLUaEv8/view?usp=drivesdk,This produce is lengthy and features a uneven appearance.,201,Orange,Year Round,Mild,Flattened,potato,2157
potato_generated_115.jpg,https://drive.google.com/file/d/1oUaz8Sbjlfu1Zw6w4zXnP4Hihyqjbheu/view?usp=drivesdk,An organic organic matter that feels uneven to the touch and looks elongated.,329.4,Orange,Year Round,Earthy,Oval,potato,2158
potato_generated_114.jpg,https://drive.google.com/file/d/14pQXOLkA_HDvvRpnEh618fbsrTEN63Xm/view?usp=drivesdk,A chunky curved organic matter with a rough beige surface.,186.5,Orange,Autumn,Mild,Flattened,potato,2159
potato_generated_113.jpg,https://drive.google.com/file/d/19t6Qwhvezzd1z_fHwBlJo0OBzDAHV6aV/view?usp=drivesdk,A medium specimen distinguishable by its brownish hue and lengthy form.,229.9,Orange,Year Round,Earthy,Globular,potato,2160
potato_generated_110.jpg,https://drive.google.com/file/d/1MjcUE5k63yiEytnGF_bqaUuf2HGPo7sl/view?usp=drivesdk,An organic produce that feels uneven to the touch and looks lengthy.,108.8,Yellow,Year Round,Mild,Oval,potato,2161
potato_generated_109.jpg,https://drive.google.com/file/d/1QVtusJot_eqzIZ7muKJRjQWdejLs5VVC/view?usp=drivesdk,An organic item that feels textured to the touch and looks oblong.,281.1,Orange,Winter,Earthy,Irregular,potato,2162
potato_generated_108.jpg,https://drive.google.com/file/d/1oAFE_65TCf8HFlooPgAQPQ8RHIrbfzGl/view?usp=drivesdk,An organic sample that feels rough to the touch and looks lengthy.,382,Orange,Autumn,Starchy,Cylindrical,potato,2163
potato_generated_106.jpg,https://drive.google.com/file/d/1DpiPKTPDDb4HrtQ2XV3vutqa8Jc_qnnt/view?usp=drivesdk,An organic organic matter that feels dusty to the touch and looks oblong.,361.6,Yellow,Winter,Starchy,Asymmetric,potato,2164
potato_generated_105.jpg,https://drive.google.com/file/d/12F4OFIi1TvggJRQjm-3tupuQs07u1i3r/view?usp=drivesdk,A medium sample distinguishable by its pale hue and lengthy form.,278.8,Orange,Autumn,Earthy,Globular,potato,2165
potato_generated_104.jpg,https://drive.google.com/file/d/1ZBRxVuqBkKX_KmClhCsSR8WA3AwaLxjL/view?usp=drivesdk,A brownish sample with a oval silhouette.,188.8,Orange,Autumn,Starchy,Globular,potato,2166
potato_generated_103.jpg,https://drive.google.com/file/d/1Uz1qPDe9tOsJnNJoksJ_9zMn0eUcQM5Q/view?usp=drivesdk,An organic organic matter that feels uneven to the touch and looks lengthy.,165.3,Orange,Year Round,Savory,Long,potato,2167
potato_generated_101.jpg,https://drive.google.com/file/d/1MctT7MZ7vNKwgJtYrxc7AqCk3MH52CP6/view?usp=drivesdk,This sample is elongated and features a matte appearance.,377.3,Orange,Year Round,Earthy,Cylindrical,potato,2168
potato_generated_99.jpg,https://drive.google.com/file/d/1TMDQQkGJI1xj0w7ymjzMS_Lb47XO9lnE/view?usp=drivesdk,A chunky sample distinguishable by its pale hue and circular form.,241.9,Orange,Year Round,Earthy,Flattened,potato,2169
potato_generated_98.jpg,https://drive.google.com/file/d/1S3Mae3048fPWa4966BtMSSfMnsqs3IZ7/view?usp=drivesdk,This produce is lengthy and features a pitted appearance.,232,Yellow,Autumn,Savory,Round,potato,2170
potato_generated_95.jpg,https://drive.google.com/file/d/1-2qTmsL9SWkNh9MRbSmxxzOWOMBvwBio/view?usp=drivesdk,An organic sample that feels matte to the touch and looks elongated.,168.4,Orange,Winter,Starchy,Irregular,potato,2171
potato_generated_88.jpg,https://drive.google.com/file/d/1C7klt66Bf_KUXyZfWFr_coJBHKqV9I2Z/view?usp=drivesdk,An organic produce that feels bumpy to the touch and looks circular.,527.5,Yellow,Winter,Mild,Curved,potato,2172
potato_generated_87.jpg,https://drive.google.com/file/d/1Fhc6bMTnIONwkOINuZiV2ON9lrPM5fd5/view?usp=drivesdk,A pale item with a orb-like silhouette.,258.2,Yellow,Year Round,Starchy,Flattened,potato,2173
potato_generated_85.jpg,https://drive.google.com/file/d/190JzF8mPrJGsYSLlFwPMoj_jTjz52kmp/view?usp=drivesdk,A medium spherical produce with a pitted beige surface.,191.4,Orange,Winter,Mild,Asymmetric,potato,2174
potato_generated_83.jpg,https://drive.google.com/file/d/1AihJumDSGZYZFPfh6VgVAQaMk6Dc_Ua3/view?usp=drivesdk,A pale specimen with a orb-like silhouette.,453.7,Orange,Year Round,Savory,Asymmetric,potato,2175
potato_generated_82.jpg,https://drive.google.com/file/d/128GrOL2bQdZ8eVHWM9Cvq3msLKxYPtcx/view?usp=drivesdk,An organic produce that feels rough to the touch and looks elongated.,217.3,Orange,Winter,Earthy,Asymmetric,potato,2176
potato_generated_80.jpg,https://drive.google.com/file/d/1kaMs2gwy8QFDml9ZXLZ_55YS3jF-la5r/view?usp=drivesdk,A beige item with a elongated silhouette.,170.1,Yellow,Autumn,Mild,Cylindrical,potato,2177
potato_generated_79.jpg,https://drive.google.com/file/d/160E-e0msx7tMrLNpIGZYbq-bXEPlpt58/view?usp=drivesdk,An organic produce that feels bumpy to the touch and looks round.,270.9,Yellow,Year Round,Mild,Irregular,potato,2178
potato_generated_78.jpg,https://drive.google.com/file/d/1WR-N1i5TPbqhCwLyPXSBlR8C9PR1CGVP/view?usp=drivesdk,This organic matter is elongated and features a pitted appearance.,290.2,Orange,Year Round,Starchy,Long,potato,2179
potato_generated_77.jpg,https://drive.google.com/file/d/1gLF3u41H_ysMeoDw0UPUg5bEhxQP_fKG/view?usp=drivesdk,An organic organic matter that feels uneven to the touch and looks globe-shaped.,391.6,Red,Winter,Starchy,Oval,potato,2180
potato_generated_76.jpg,https://drive.google.com/file/d/1TB5rcRJxJ_gkDrqhQueGf_q4SIqpGnMW/view?usp=drivesdk,An organic item that feels bumpy to the touch and looks orb-like.,256.7,Orange,Year Round,Mild,Long,potato,2181
potato_generated_74.jpg,https://drive.google.com/file/d/1N6zMWmGFn897P_utBwPIaKC7uhpFpvYX/view?usp=drivesdk,A variable object distinguishable by its tan hue and orb-like form.,287.6,Orange,Winter,Savory,Globular,potato,2182
potato_generated_73.jpg,https://drive.google.com/file/d/1Fr2Onx-F8BbA-4WXpPXfGe2z-LduO8HX/view?usp=drivesdk,A beige object with a spherical silhouette.,392.7,Orange,Autumn,Starchy,Irregular,potato,2183
potato_generated_72.jpg,https://drive.google.com/file/d/1eNzy3Eh_ilWo1-kRx_mE1bUXWGTKssEZ/view?usp=drivesdk,A beige sample with a orb-like silhouette.,274.1,Orange,Year Round,Earthy,Globular,potato,2184
potato_generated_70.jpg,https://drive.google.com/file/d/1CbZSJ0INXU4RcnG_A5XSZGv_mTA0wo9m/view?usp=drivesdk,An organic item that feels matte to the touch and looks oblong.,151.7,Orange,Winter,Starchy,Irregular,potato,2185
potato_generated_69.jpg,https://drive.google.com/file/d/1PVBMcEEkGw8K93apYg9ECm9wABQzAgLS/view?usp=drivesdk,A brownish object with a spherical silhouette.,361,Yellow,Year Round,Savory,Oval,potato,2186
potato_generated_67.jpg,https://drive.google.com/file/d/1sHX-o8Z2rU66Iu7MACwNgjIqenqqGL_M/view?usp=drivesdk,An organic sample that feels bumpy to the touch and looks spherical.,295.2,Orange,Winter,Mild,Globular,potato,2187
potato_generated_65.jpg,https://drive.google.com/file/d/16-CNzcVe2Dcn3GpCD3LZO4q9W7P_31x1/view?usp=drivesdk,A medium globe-shaped produce with a rough brownish surface.,233.2,Orange,Autumn,Savory,Globular,potato,2188
potato_generated_64.jpg,https://drive.google.com/file/d/1aczSb5vSt-GQnckYlufD44QU_AJLF0qj/view?usp=drivesdk,A brownish produce with a globe-shaped silhouette.,238.5,Orange,Winter,Mild,Oval,potato,2189
potato_generated_63.jpg,https://drive.google.com/file/d/1wmZRvvaLmjnT7IJnvt7D1JXTHX1q8xIh/view?usp=drivesdk,A beige organic matter with a curved silhouette.,261.6,Orange,Autumn,Earthy,Round,potato,2190
potato_generated_61.jpg,https://drive.google.com/file/d/1pZTx0DSRwLMopAOKIHRGfZfwQ7vRTeys/view?usp=drivesdk,A brownish specimen with a spherical silhouette.,323.2,Orange,Winter,Starchy,Long,potato,2191
potato_generated_60.jpg,https://drive.google.com/file/d/1hr85eTN5OOVT1ZuStuENqK5stbHvfmHc/view?usp=drivesdk,A chunky object distinguishable by its brownish hue and elongated form.,255.9,Orange,Year Round,Earthy,Curved,potato,2192
potato_generated_59.jpg,https://drive.google.com/file/d/1eebRlfMrOrIeKm-A4CovqmQZfjDsFOfG/view?usp=drivesdk,An organic produce that feels textured to the touch and looks curved.,285.5,Orange,Year Round,Earthy,Oval,potato,2193
potato_generated_58.jpg,https://drive.google.com/file/d/1ejhr-9TLuEVaI7LDDRPCc9h1yuJlWACT/view?usp=drivesdk,A tan organic matter with a lengthy silhouette.,193.1,Orange,Year Round,Savory,Curved,potato,2194
potato_generated_56.jpg,https://drive.google.com/file/d/1rTDBUKPhUHVo-nyUJKe6pRoE-VgazDSq/view?usp=drivesdk,An organic object that feels pitted to the touch and looks globe-shaped.,220.2,Yellow,Autumn,Starchy,Flattened,potato,2195
potato_generated_53.jpg,https://drive.google.com/file/d/1yCD-GEJ7O29x_WoO9LlhL9_Psd8V1SDd/view?usp=drivesdk,An organic item that feels matte to the touch and looks spherical.,299.5,Orange,Autumn,Earthy,Globular,potato,2196
potato_generated_52.jpg,https://drive.google.com/file/d/1jBvUiiUIahrDQyW7-1WU7tZPKctpDnY7/view?usp=drivesdk,A tan specimen with a lengthy silhouette.,287.5,Orange,Winter,Earthy,Cylindrical,potato,2197
potato_generated_51.jpg,https://drive.google.com/file/d/1YWsZI-KxNra6C9_gEtelmyLhQ9uU_mPj/view?usp=drivesdk,A pale produce with a round silhouette.,289.1,Orange,Winter,Savory,Irregular,potato,2198
potato_generated_50.jpg,https://drive.google.com/file/d/1ZnobZgZEKOlvDsUu2-8dapHIdcALbzMA/view?usp=drivesdk,A earthy item with a circular silhouette.,60,Orange,Winter,Mild,Asymmetric,potato,2199
potato_generated_49.jpg,https://drive.google.com/file/d/1DOEt_LYZIlmixOZS41-GQ-8q7LJFfDHy/view?usp=drivesdk,A chunky specimen distinguishable by its earthy hue and curved form.,114.2,Orange,Winter,Earthy,Long,potato,2200
potato_generated_47.jpg,https://drive.google.com/file/d/1g-44SV-Dc235q7XeE0Oa_CvRVGXT0BRn/view?usp=drivesdk,An organic produce that feels pitted to the touch and looks globe-shaped.,346.6,Orange,Winter,Earthy,Curved,potato,2201
potato_generated_46.jpg,https://drive.google.com/file/d/1CnmxaBEJ5bH06f4WQtT-9ho2u8C1lWVN/view?usp=drivesdk,A chunky oblong specimen with a pitted brownish surface.,200.7,Orange,Autumn,Earthy,Globular,potato,2202
potato_generated_45.jpg,https://drive.google.com/file/d/1RsbqQkyZyVNl2i5qlcLoq_cXgxta0jWy/view?usp=drivesdk,A chunky oblong sample with a rough brownish surface.,169.8,Orange,Autumn,Starchy,Flattened,potato,2203
potato_generated_44.jpg,https://drive.google.com/file/d/1IrrhIKCJl-tsranmeH7xrJwJPQ-zCR2E/view?usp=drivesdk,This object is round and features a rough appearance.,282,Orange,Winter,Earthy,Asymmetric,potato,2204
potato_generated_43.jpg,https://drive.google.com/file/d/1ABOdTSzPZTFjkQWlQOjAz6ZYMwldSS3G/view?usp=drivesdk,This specimen is oblong and features a bumpy appearance.,275.1,Orange,Autumn,Mild,Oval,potato,2205
potato_generated_40.jpg,https://drive.google.com/file/d/14ltYRAXDQuiih6SCWjyFZjmKqH6qX6qx/view?usp=drivesdk,An organic object that feels dusty to the touch and looks spherical.,347.3,Orange,Winter,Savory,Cylindrical,potato,2206
potato_generated_38.jpg,https://drive.google.com/file/d/1GVzZKYsvhNpS3KUvmIZgp8EPCf4DRRpX/view?usp=drivesdk,This produce is globe-shaped and features a dusty appearance.,162,Orange,Year Round,Mild,Cylindrical,potato,2207
potato_generated_37.jpg,https://drive.google.com/file/d/16dTXuWDHipkRiyK7NVCi550lnfz5U2mX/view?usp=drivesdk,An organic produce that feels matte to the touch and looks circular.,329.5,Orange,Year Round,Earthy,Flattened,potato,2208
potato_generated_36.jpg,https://drive.google.com/file/d/1nlZo-ggw9r4azyko9HpBEcaZ1_ADgF48/view?usp=drivesdk,This item is elongated and features a uneven appearance.,281.8,Orange,Year Round,Savory,Oval,potato,2209
potato_generated_35.jpg,https://drive.google.com/file/d/1uDqs2xNmnDsXrjffbz6xK5rj-vic9847/view?usp=drivesdk,An organic produce that feels matte to the touch and looks spherical.,493.7,Orange,Autumn,Starchy,Irregular,potato,2210
potato_generated_32.jpg,https://drive.google.com/file/d/1qPl5m77YzJo2og_LxQGU0pl86joRpe4o/view?usp=drivesdk,A chunky sample distinguishable by its earthy hue and lengthy form.,272.4,Yellow,Year Round,Earthy,Flattened,potato,2211
potato_generated_31.jpg,https://drive.google.com/file/d/149gO2ywip0lz-xcSP5G0Ti6TLY-RpHRn/view?usp=drivesdk,A variable oblong sample with a uneven tan surface.,153.7,Orange,Year Round,Mild,Round,potato,2212
potato_generated_30.jpg,https://drive.google.com/file/d/1x2njq9Df6vx72AH9ObVE7b_xU6QzSOAi/view?usp=drivesdk,A chunky globe-shaped object with a matte tan surface.,195.6,Orange,Year Round,Mild,Cylindrical,potato,2213
potato_generated_29.jpg,https://drive.google.com/file/d/1Tz4v1Z-GZcyfuM0z2heSwlMzYeIDcuq7/view?usp=drivesdk,A medium organic matter distinguishable by its pale hue and circular form.,212.9,Orange,Autumn,Earthy,Flattened,potato,2214
potato_generated_28.jpg,https://drive.google.com/file/d/1ijUW05_tMWzLSlD8mOsSCOaK6twZGHcG/view?usp=drivesdk,A beige organic matter with a circular silhouette.,147.8,Orange,Winter,Savory,Asymmetric,potato,2215
potato_generated_27.jpg,https://drive.google.com/file/d/1ax-I3vN4FcgDlU0tQsDw4F7gJpUfWMxS/view?usp=drivesdk,A pale produce with a lengthy silhouette.,192.3,Yellow,Autumn,Savory,Round,potato,2216
potato_generated_25.jpg,https://drive.google.com/file/d/1u7ieKtbWp9LapskqD5eS5Od_pRHDbKTE/view?usp=drivesdk,A variable elongated item with a textured brownish surface.,362.9,Orange,Winter,Mild,Flattened,potato,2217
potato_generated_23.jpg,https://drive.google.com/file/d/1QiR6hm7DMEkAHaMnbZ8n8Z3LjTwaVsT7/view?usp=drivesdk,A medium object distinguishable by its pale hue and circular form.,116.9,Yellow,Winter,Mild,Globular,potato,2218
potato_generated_20.jpg,https://drive.google.com/file/d/1yZdhKoW_cOATRl87U-d4OW6ZMLK1HENy/view?usp=drivesdk,This object is globe-shaped and features a matte appearance.,153.7,Orange,Autumn,Mild,Irregular,potato,2219
potato_generated_18.jpg,https://drive.google.com/file/d/1ozOLy9hAin0i9tATwByMsOpZf3Sm06Gw/view?usp=drivesdk,A chunky organic matter distinguishable by its beige hue and curved form.,165.9,Yellow,Winter,Mild,Asymmetric,potato,2220
potato_generated_17.jpg,https://drive.google.com/file/d/1wMYBdgCKNKHeeu9A33yTMFfsOgDlvdYt/view?usp=drivesdk,A medium organic matter distinguishable by its brownish hue and lengthy form.,251.2,Yellow,Winter,Savory,Long,potato,2221
potato_generated_16.jpg,https://drive.google.com/file/d/1yVQ1eD_tHwmebUzLw2JrFwUcniN2QcMJ/view?usp=drivesdk,This sample is circular and features a textured appearance.,267.4,Orange,Year Round,Savory,Round,potato,2222
potato_generated_15.jpg,https://drive.google.com/file/d/1qCBYo2ut0E4_hSUuJXFsC9hqaP6Fp8oO/view?usp=drivesdk,An organic specimen that feels rough to the touch and looks globe-shaped.,268.3,Yellow,Winter,Starchy,Round,potato,2223
potato_generated_14.jpg,https://drive.google.com/file/d/1YF5jaZIddlhGTYX7bsu3IezXaFrUAT6E/view?usp=drivesdk,This sample is spherical and features a rough appearance.,121,Orange,Winter,Mild,Globular,potato,2224
potato_generated_13.jpg,https://drive.google.com/file/d/1cIHMAVKyrnXl-ScKeFE-2JPpzjK0MAnY/view?usp=drivesdk,An organic organic matter that feels pitted to the touch and looks orb-like.,115.6,Yellow,Winter,Savory,Curved,potato,2225
potato_generated_11.jpg,https://drive.google.com/file/d/19cTbKHWmAg7-LvFe9pVcmq7uf8I_lFDM/view?usp=drivesdk,A variable round produce with a matte tan surface.,342.2,Orange,Winter,Starchy,Asymmetric,potato,2226
potato_generated_10.jpg,https://drive.google.com/file/d/1tJu1US6q8XlKClIUFe9U9Mt1fJiFMlZ1/view?usp=drivesdk,A variable oval produce with a textured tan surface.,98.8,Orange,Year Round,Savory,Long,potato,2227
potato_generated_7.jpg,https://drive.google.com/file/d/1wFVHMkplyiRyhJZBtQYEPc6N9fXYAfvN/view?usp=drivesdk,An organic item that feels dusty to the touch and looks oval.,216.2,Orange,Autumn,Mild,Round,potato,2228
potato_generated_5.jpg,https://drive.google.com/file/d/1xKq8lAf4swm4M3NAJwDlDa5_rlxpfkhu/view?usp=drivesdk,A chunky sample distinguishable by its earthy hue and globe-shaped form.,399.4,Orange,Winter,Savory,Round,potato,2229
potato_generated_4.jpg,https://drive.google.com/file/d/1ZQDjHRGbvX4xRTnN3vHhISCkrqo3S0Bw/view?usp=drivesdk,A chunky item distinguishable by its tan hue and orb-like form.,325.5,Yellow,Winter,Earthy,Round,potato,2230
potato_generated_3.jpg,https://drive.google.com/file/d/1SjB-qSGp4rZBPgKJPg8HzNusc_5XaFny/view?usp=drivesdk,A chunky curved produce with a uneven beige surface.,116,Orange,Winter,Savory,Asymmetric,potato,2231
potato_generated_2.jpg,https://drive.google.com/file/d/1fQbKc3TWUoEaxoS-Q8W83iC3ABugt9vL/view?usp=drivesdk,A chunky elongated specimen with a matte tan surface.,384,Orange,Year Round,Starchy,Flattened,potato,2232
potato_generated_1.jpg,https://drive.google.com/file/d/15i5fS4ZskbDclNS1fRmN4S9HELJfujSF/view?usp=drivesdk,This specimen is round and features a matte appearance.,312.6,Orange,Winter,Earthy,Curved,potato,2233
IMG_0794_aug2.jpg,https://drive.google.com/file/d/1EVK88alRdSFIC-knIdwwqECOdgGx8ppT/view?usp=drivesdk,A brownish sample with a orb-like silhouette.,250,Yellow,Year Round,Starchy,Cylindrical,potato,2234
IMG_0794_aug3.jpg,https://drive.google.com/file/d/1Q0yKDZ6A8L7-q5Zr1ioyWeG-GBPjpYza/view?usp=drivesdk,A medium orb-like item with a rough pale surface.,160,Yellow,Winter,Mild,Irregular,potato,2235
IMG_0794_aug1.jpg,https://drive.google.com/file/d/1s2pnS4aFId2LJ3GxNyDRxa1Hh8uIoSEH/view?usp=drivesdk,A pale item with a oblong silhouette.,259.3,Yellow,Autumn,Savory,Globular,potato,2236
IMG_9559_aug2.jpg,https://drive.google.com/file/d/1V5ihovtCWgWYm2ys2Q03ykiJks4UGYeF/view?usp=drivesdk,A chunky organic matter distinguishable by its beige hue and lengthy form.,321.6,Brown,Year Round,Mild,Asymmetric,potato,2237
IMG_9559_aug1.jpg,https://drive.google.com/file/d/1Zqmx4DL8XgP-aJZ_3ee-20s2rLARhFlQ/view?usp=drivesdk,A medium curved produce with a textured earthy surface.,182.8,Yellow,Year Round,Earthy,Round,potato,2238
IMG_9559_aug3.jpg,https://drive.google.com/file/d/1ptDG8ouR3aYNHCou91rD5_ga__c1n9xL/view?usp=drivesdk,An organic specimen that feels matte to the touch and looks circular.,225.6,Yellow,Winter,Starchy,Oval,potato,2239
IMG_1059_aug2.jpg,https://drive.google.com/file/d/1fmxhw0XmSEGwHv1RxmzxZNI85ce6nIQ6/view?usp=drivesdk,An organic sample that feels uneven to the touch and looks spherical.,142.1,Yellow,Winter,Earthy,Round,potato,2240
IMG_1059_aug1.jpg,https://drive.google.com/file/d/1iprmwAfZY0XYJZQmF1kPJLoCdM7EuJlP/view?usp=drivesdk,A brownish organic matter with a curved silhouette.,390.6,Yellow,Year Round,Mild,Globular,potato,2241
IMG_1059_aug3.jpg,https://drive.google.com/file/d/1sg9h_lapthTiGQPI_AjCVX732gjmuMkt/view?usp=drivesdk,An organic sample that feels uneven to the touch and looks lengthy.,216.4,Yellow,Autumn,Savory,Round,potato,2242
IMG_0811_aug3.jpg,https://drive.google.com/file/d/1-hUs_HBjCAgssaP_7Kq98QYOuiN2HzPN/view?usp=drivesdk,A brownish produce with a curved silhouette.,181.1,Yellow,Year Round,Savory,Round,potato,2243
IMG_0811_aug1.jpg,https://drive.google.com/file/d/19d6t9rm72KJspnkr8eVSLUf894_jhmfm/view?usp=drivesdk,A medium lengthy organic matter with a rough brownish surface.,276.5,Brown,Winter,Earthy,Flattened,potato,2244
IMG_0811_aug2.jpg,https://drive.google.com/file/d/1FI25YeUJ9Skg2D5jABOG3z_TTH-gzkV9/view?usp=drivesdk,A medium item distinguishable by its earthy hue and elongated form.,322.1,Brown,Autumn,Savory,Flattened,potato,2245
IMG_1058_aug2.jpg,https://drive.google.com/file/d/1J6_W1vU1ZAdt8kDgMlEjSLng9IsPhGRV/view?usp=drivesdk,An organic specimen that feels bumpy to the touch and looks oblong.,200.1,Brown,Autumn,Starchy,Asymmetric,potato,2246
IMG_1058_aug1.jpg,https://drive.google.com/file/d/1Ra1cNSwWKQ0Z1jTvFO60TMzj82LiPGyw/view?usp=drivesdk,An organic specimen that feels uneven to the touch and looks curved.,340.4,Yellow,Winter,Starchy,Curved,potato,2247
IMG_1058_aug3.jpg,https://drive.google.com/file/d/1i5p6xfVt-5IG4qjIuSwFYRlahEPL-FGL/view?usp=drivesdk,A chunky produce distinguishable by its brownish hue and globe-shaped form.,341.3,Yellow,Winter,Savory,Asymmetric,potato,2248
IMG_9558_aug1.jpg,https://drive.google.com/file/d/14sID_-sMWYQCuAnDMMjycI2K74qZWA4b/view?usp=drivesdk,A variable specimen distinguishable by its earthy hue and oblong form.,107.5,Yellow,Autumn,Earthy,Irregular,potato,2249
IMG_9558_aug2.jpg,https://drive.google.com/file/d/1SIh0iXPVJ3rHBrvK1Uups5335PSQLh80/view?usp=drivesdk,A chunky object distinguishable by its earthy hue and globe-shaped form.,346.7,Yellow,Autumn,Starchy,Flattened,potato,2250
IMG_9558_aug3.jpg,https://drive.google.com/file/d/1ryKaK_JpugMp9ShkHm6jHOZtOZMJJCBN/view?usp=drivesdk,A beige organic matter with a curved silhouette.,315.1,Yellow,Year Round,Mild,Round,potato,2251
IMG_1110_aug3.jpg,https://drive.google.com/file/d/19c0-UK6CzSbLa5PtjYbDp4aH3a0sLhNr/view?usp=drivesdk,A chunky curved produce with a uneven brownish surface.,220.8,Brown,Autumn,Starchy,Long,potato,2252
IMG_1110_aug2.jpg,https://drive.google.com/file/d/1CaecT39PfYOwO4d-k79jUjyczLIz5Oto/view?usp=drivesdk,This item is spherical and features a matte appearance.,96.9,Yellow,Year Round,Savory,Cylindrical,potato,2253
IMG_1110_aug1.jpg,https://drive.google.com/file/d/1u3aK35K2nPMlq8jiSlHTCkZoanaw_TaD/view?usp=drivesdk,An organic specimen that feels rough to the touch and looks spherical.,360,Brown,Year Round,Starchy,Oval,potato,2254
IMG_0813_aug1.jpg,https://drive.google.com/file/d/1LeZ6Ntv6jkAhZoVe8YrXpIB0ajISfYzJ/view?usp=drivesdk,A variable spherical produce with a matte earthy surface.,191.2,Yellow,Autumn,Starchy,Irregular,potato,2255
IMG_0813_aug2.jpg,https://drive.google.com/file/d/1WVxJOOOkAo0hh-RGGNSHttYgIf2Oiple/view?usp=drivesdk,This object is curved and features a rough appearance.,168.3,Yellow,Autumn,Starchy,Globular,potato,2256
IMG_0813_aug3.jpg,https://drive.google.com/file/d/1o7ApXBOmVmacoaMOHvmrVHwZfIOVuip-/view?usp=drivesdk,An organic object that feels dusty to the touch and looks orb-like.,206,Yellow,Winter,Earthy,Curved,potato,2257
IMG_0807_aug3.jpg,https://drive.google.com/file/d/16_PoiNlz6rruuJG32G1zAGLEVxjfgmq6/view?usp=drivesdk,This specimen is oval and features a dusty appearance.,341.9,Green,Autumn,Earthy,Globular,potato,2258
IMG_0807_aug1.jpg,https://drive.google.com/file/d/18bGdw433sQc2swFJvq8PcQAlFC9TlkZj/view?usp=drivesdk,A pale object with a round silhouette.,285.2,Green,Winter,Mild,Oval,potato,2259
IMG_0807_aug2.jpg,https://drive.google.com/file/d/1sRw9oMJHn5z8Nui6xgzuTk0_VBZZbD84/view?usp=drivesdk,An organic object that feels rough to the touch and looks curved.,117.2,Yellow,Year Round,Earthy,Irregular,potato,2260
IMG_0806_aug3.jpg,https://drive.google.com/file/d/1Q39ogyOWGKwR-UuMYXozmk-1K7MW2b-V/view?usp=drivesdk,A earthy specimen with a elongated silhouette.,190.9,Yellow,Autumn,Earthy,Flattened,potato,2261
IMG_0806_aug1.jpg,https://drive.google.com/file/d/1hPXYd_L1t4nlScp-bkaGexvAHaZg7ojm/view?usp=drivesdk,A chunky specimen distinguishable by its beige hue and oblong form.,353.5,Yellow,Winter,Mild,Long,potato,2262
IMG_0806_aug2.jpg,https://drive.google.com/file/d/1xWzJz8jHJJBWeoilEWlG4LoHG_HkpBib/view?usp=drivesdk,A beige organic matter with a lengthy silhouette.,87.5,Yellow,Year Round,Savory,Long,potato,2263
IMG_0812_aug2.jpg,https://drive.google.com/file/d/103sOIWz1umflMOWTWu74Y4RiJ2_xa9Wv/view?usp=drivesdk,A pale item with a curved silhouette.,123.4,Yellow,Year Round,Savory,Oval,potato,2264
IMG_0812_aug3.jpg,https://drive.google.com/file/d/1NY6__S1hTyRsQjdINqwu3BH3aTq4J3-S/view?usp=drivesdk,A chunky oval organic matter with a bumpy pale surface.,302.9,Brown,Winter,Earthy,Oval,potato,2265
IMG_0812_aug1.jpg,https://drive.google.com/file/d/1e7AOpSbtYYeoEUc9Qr7ePM6yDGQZIhk3/view?usp=drivesdk,A medium organic matter distinguishable by its beige hue and curved form.,133.2,Yellow,Autumn,Starchy,Round,potato,2266
IMG_0792_aug1.jpg,https://drive.google.com/file/d/1htxFVITVSwpEsudrdAat-QKzKUxtaqdm/view?usp=drivesdk,A medium object distinguishable by its pale hue and circular form.,197.9,Yellow,Year Round,Earthy,Flattened,potato,2267
IMG_1063_aug3.jpg,https://drive.google.com/file/d/1itMhPnKFizau-Hpgk8u3a-PnMVjQU0WK/view?usp=drivesdk,A pale object with a orb-like silhouette.,351,Brown,Autumn,Starchy,Long,potato,2268
IMG_0792_aug2.jpg,https://drive.google.com/file/d/1kiLxG_VwkKE4a2uVYk620wXAmP15HImb/view?usp=drivesdk,This item is curved and features a uneven appearance.,258.9,Brown,Autumn,Mild,Flattened,potato,2269
IMG_0792_aug3.jpg,https://drive.google.com/file/d/1qjLau8rd5VQ0EPiYadlziOg4qG9vU4MR/view?usp=drivesdk,An organic specimen that feels matte to the touch and looks oval.,186.2,Brown,Winter,Savory,Curved,potato,2270
IMG_1063_aug1.jpg,https://drive.google.com/file/d/11qeynso6U4L7ZMz136GSMt6c3bY0Q-r9/view?usp=drivesdk,A chunky organic matter distinguishable by its tan hue and elongated form.,268.4,Yellow,Winter,Earthy,Curved,potato,2271
IMG_0817_aug2.jpg,https://drive.google.com/file/d/180AB-b2uzrnBc369LkhsD06xFRMjeyZU/view?usp=drivesdk,This organic matter is lengthy and features a matte appearance.,239.9,Green,Year Round,Mild,Long,potato,2272
IMG_0817_aug1.jpg,https://drive.google.com/file/d/1InbuAaWwHkV-xaSPzA8N_KBE6_W4oKOT/view?usp=drivesdk,An organic item that feels dusty to the touch and looks spherical.,247.6,Brown,Year Round,Mild,Flattened,potato,2273
IMG_0817_aug3.jpg,https://drive.google.com/file/d/1SVQM2qIvgUaw5wFyB9miP2uIOPD3x3KQ/view?usp=drivesdk,An organic item that feels bumpy to the touch and looks circular.,238.7,Green,Year Round,Earthy,Long,potato,2274
IMG_1063_aug2.jpg,https://drive.google.com/file/d/1Ypjr7YFWaN5ENK4k4xUSO-SY1K8Es2Qk/view?usp=drivesdk,A medium sample distinguishable by its pale hue and globe-shaped form.,335.2,Brown,Year Round,Earthy,Flattened,potato,2275
IMG_1062_aug3.jpg,https://drive.google.com/file/d/1506raX8Nw7htEKAGBPSBa1NEUQyO8Qps/view?usp=drivesdk,An organic produce that feels bumpy to the touch and looks elongated.,137,Brown,Winter,Starchy,Curved,potato,2276
IMG_1062_aug1.jpg,https://drive.google.com/file/d/19p1olXLghlijNnFCUjAv1_dLWE6t0HjN/view?usp=drivesdk,A pale item with a spherical silhouette.,238,Yellow,Winter,Savory,Oval,potato,2277
IMG_1062_aug2.jpg,https://drive.google.com/file/d/1AtaOJGf-9zAlW75lGail66DEs92qDrQn/view?usp=drivesdk,An organic item that feels dusty to the touch and looks globe-shaped.,427.4,Brown,Autumn,Starchy,Flattened,potato,2278
IMG_0793_aug1.jpg,https://drive.google.com/file/d/1DHX4FiArOAJut38fQAx9w0f_GDt2sJBg/view?usp=drivesdk,A chunky curved item with a uneven earthy surface.,104.8,Brown,Autumn,Starchy,Asymmetric,potato,2279
IMG_0793_aug3.jpg,https://drive.google.com/file/d/1_kHE7NmBsqvi2QpxZJTWlupJ0UzPsyGf/view?usp=drivesdk,A earthy object with a globe-shaped silhouette.,245.9,Yellow,Year Round,Starchy,Oval,potato,2280
IMG_0793_aug2.jpg,https://drive.google.com/file/d/1sNUHFYCh7ClSCA9W8_6ZAkyDnuM4Fo45/view?usp=drivesdk,A earthy specimen with a globe-shaped silhouette.,405.1,Yellow,Year Round,Savory,Irregular,potato,2281
IMG_0791_aug1.jpg,https://drive.google.com/file/d/136hOUW4IkAWBCrFARIHyjYmwQU60K4CZ/view?usp=drivesdk,An organic sample that feels uneven to the touch and looks elongated.,107.6,Brown,Autumn,Mild,Flattened,potato,2282
IMG_0791_aug3.jpg,https://drive.google.com/file/d/1JyvI-WSXNTgD2ffW_Vlco4VypGxFFEEY/view?usp=drivesdk,A chunky specimen distinguishable by its beige hue and oblong form.,346.6,Brown,Year Round,Savory,Round,potato,2283
IMG_0791_aug2.jpg,https://drive.google.com/file/d/1XxWO4jZKP67XUdzRb3fCy6EuIfJ3PUgl/view?usp=drivesdk,A variable organic matter distinguishable by its brownish hue and round form.,297.2,Yellow,Year Round,Starchy,Asymmetric,potato,2284
IMG_9560_aug3.jpg,https://drive.google.com/file/d/1v4MTIqKIm7P0YQwiKdMa7ZaXsOLfDMqu/view?usp=drivesdk,An organic organic matter that feels bumpy to the touch and looks oval.,249.9,Yellow,Winter,Mild,Irregular,potato,2285
IMG_9548_aug1.jpg,https://drive.google.com/file/d/15qvAzuVnyGc5GxHrYsOW-7BKRT1idYmn/view?usp=drivesdk,A chunky globe-shaped sample with a pitted earthy surface.,83.7,Yellow,Winter,Earthy,Flattened,potato,2286
IMG_9548_aug3.jpg,https://drive.google.com/file/d/1SMSjseIasTH-wsfYUsf-htg3Zt4o6nzz/view?usp=drivesdk,This object is spherical and features a uneven appearance.,322.8,Yellow,Autumn,Mild,Flattened,potato,2287
IMG_9560_aug1.jpg,https://drive.google.com/file/d/1_2em2RcEGkb7bkQ4K6zuvGDWzNf6lkWI/view?usp=drivesdk,A medium specimen distinguishable by its tan hue and oval form.,225.9,Yellow,Year Round,Savory,Irregular,potato,2288
IMG_9548_aug2.jpg,https://drive.google.com/file/d/1fKPw3iq1nhlGrO6-LTZFBv06QTFxB-JG/view?usp=drivesdk,This organic matter is lengthy and features a bumpy appearance.,272.4,Yellow,Year Round,Mild,Cylindrical,potato,2289
IMG_9560_aug2.jpg,https://drive.google.com/file/d/1sQE3Uwv5qLxkBGHy7Katr-l1APNghpBg/view?usp=drivesdk,This sample is lengthy and features a textured appearance.,241,Brown,Year Round,Savory,Curved,potato,2290
IMG_1060_aug1.jpg,https://drive.google.com/file/d/1EOclH9zTHf8QogDDrU9MYm_qZzXXH2JV/view?usp=drivesdk,A medium oval item with a bumpy tan surface.,278.5,Brown,Autumn,Savory,Oval,potato,2291
IMG_1060_aug2.jpg,https://drive.google.com/file/d/1H-2OB5FiuSU3kMHqjwyPBo76vCWyjwTt/view?usp=drivesdk,A pale sample with a lengthy silhouette.,260,Brown,Autumn,Starchy,Round,potato,2292
IMG_1048_aug2.jpg,https://drive.google.com/file/d/1NweQWdrvBtbb4Mg3WWaCikbhT-NVIj3e/view?usp=drivesdk,A chunky item distinguishable by its brownish hue and oval form.,351,Brown,Winter,Savory,Asymmetric,potato,2293
IMG_1060_aug3.jpg,https://drive.google.com/file/d/1O1EZ9UgVJpz6hm5D9RqxVOj_QYnai9Wi/view?usp=drivesdk,A pale specimen with a round silhouette.,267.9,Yellow,Winter,Earthy,Globular,potato,2294
IMG_1048_aug1.jpg,https://drive.google.com/file/d/1fClgwMTjxskogfboC4Ko15lrkaIo5zIE/view?usp=drivesdk,A medium specimen distinguishable by its pale hue and elongated form.,255.3,Yellow,Year Round,Mild,Asymmetric,potato,2295
IMG_1048_aug3.jpg,https://drive.google.com/file/d/1j-hvdG3ha7evwzvde69ttRGDLZpbVD7N/view?usp=drivesdk,A medium orb-like object with a pitted earthy surface.,392.6,Brown,Autumn,Mild,Asymmetric,potato,2296
IMG_0814_aug2.jpg,https://drive.google.com/file/d/14wtzQovmZbXmEeCEnI5WE2vNXJsLEXsp/view?usp=drivesdk,A chunky circular specimen with a dusty beige surface.,380,Yellow,Autumn,Mild,Long,potato,2297
IMG_0814_aug1.jpg,https://drive.google.com/file/d/18elnsR9IZecq90zLjDoCRqEFOIgQp8Io/view?usp=drivesdk,An organic object that feels rough to the touch and looks globe-shaped.,148.2,Yellow,Year Round,Starchy,Flattened,potato,2298
IMG_0814_aug3.jpg,https://drive.google.com/file/d/1SNc8LoN7kd97SvBGsw8NoW9867GFQH7m/view?usp=drivesdk,A chunky spherical specimen with a textured beige surface.,252.7,Yellow,Winter,Mild,Curved,potato,2299
IMG_0815_aug1.jpg,https://drive.google.com/file/d/1m5X5Vljb4XCTqqKsPMuizeNyuSRRRHi8/view?usp=drivesdk,A chunky produce distinguishable by its brownish hue and elongated form.,327.8,Yellow,Autumn,Savory,Asymmetric,potato,2300
IMG_0815_aug2.jpg,https://drive.google.com/file/d/1nietZIazP-pNbHhoVywo2gbzXFpKNPGj/view?usp=drivesdk,An organic object that feels rough to the touch and looks circular.,289.4,Yellow,Winter,Mild,Cylindrical,potato,2301
IMG_0815_aug3.jpg,https://drive.google.com/file/d/1oW4BrD_qGRTij2zH80dG9PatPGiA6knD/view?usp=drivesdk,A tan object with a lengthy silhouette.,138.6,Green,Year Round,Mild,Curved,potato,2302
IMG_1061_aug3.jpg,https://drive.google.com/file/d/19rxFXqBVukJae6k1SEUCcDqMmkZFd-QC/view?usp=drivesdk,A chunky produce distinguishable by its beige hue and lengthy form.,213.9,Yellow,Winter,Savory,Cylindrical,potato,2303
IMG_1061_aug2.jpg,https://drive.google.com/file/d/1TA3hbN1O8VRMpijAhPg0Fxj4iQGLEel1/view?usp=drivesdk,A pale sample with a lengthy silhouette.,248.9,Orange,Winter,Earthy,Asymmetric,potato,2304
IMG_1061_aug1.jpg,https://drive.google.com/file/d/1iL0fDIZ3mPY9T8F16S15ycqA1SMXy-JB/view?usp=drivesdk,A variable produce distinguishable by its earthy hue and orb-like form.,187.1,Yellow,Winter,Savory,Oval,potato,2305
IMG_1115_aug2.jpg,https://drive.google.com/file/d/1HT1hdurZBmG_Dsta94A6zm_LDzxEgm2g/view?usp=drivesdk,A medium item distinguishable by its brownish hue and curved form.,402.1,Yellow,Year Round,Earthy,Cylindrical,potato,2306
IMG_1115_aug1.jpg,https://drive.google.com/file/d/1KWJHL9ITVcNM67iN5MxRefu9okYzC4qF/view?usp=drivesdk,This item is orb-like and features a uneven appearance.,243.1,Yellow,Year Round,Mild,Irregular,potato,2307
IMG_1115_aug3.jpg,https://drive.google.com/file/d/1YACoIiHU_3zpWott6qu4mdZzr4GwYUoc/view?usp=drivesdk,A variable orb-like organic matter with a pitted beige surface.,164.9,Yellow,Year Round,Starchy,Curved,potato,2308
IMG_9549_aug3.jpg,https://drive.google.com/file/d/1r4D9AcyJ0HvPPv6diLtJlAKCH3efZpem/view?usp=drivesdk,A beige produce with a oblong silhouette.,395.1,Orange,Autumn,Starchy,Cylindrical,potato,2309
IMG_9549_aug2.jpg,https://drive.google.com/file/d/1y7O_ynj9M6XDkwncogc3w1uFrNXoHoMW/view?usp=drivesdk,An organic specimen that feels uneven to the touch and looks oblong.,177.9,Yellow,Autumn,Starchy,Cylindrical,potato,2310
IMG_0790_aug2.jpg,https://drive.google.com/file/d/1BkIzl39KuAHX9NZmUhbJ9z8K1FXv5rmo/view?usp=drivesdk,A tan sample with a round silhouette.,235.4,Brown,Winter,Mild,Globular,potato,2311
IMG_0790_aug3.jpg,https://drive.google.com/file/d/1MfAuy5Jf7jLd0E8iwWBouUqnbbQvGLow/view?usp=drivesdk,A medium object distinguishable by its earthy hue and lengthy form.,279.1,Yellow,Year Round,Starchy,Globular,potato,2312
IMG_0790_aug1.jpg,https://drive.google.com/file/d/1OftpY8qvKiT-yoLsLFCf9DWFTUwm4Q41/view?usp=drivesdk,This organic matter is circular and features a matte appearance.,159.4,Brown,Autumn,Savory,Curved,potato,2313
IMG_9549_aug1.jpg,https://drive.google.com/file/d/1PmrLU6PFXjmmTUwEJuGisnY8PXv_eGGH/view?usp=drivesdk,A earthy object with a oblong silhouette.,87.4,Yellow,Year Round,Mild,Asymmetric,potato,2314
IMG_9473_aug2.jpg,https://drive.google.com/file/d/15BJU_g2tBVdGezIT3-NYxM-XV4Chx46x/view?usp=drivesdk,An organic object that feels matte to the touch and looks lengthy.,308.4,Brown,Autumn,Earthy,Cylindrical,potato,2315
IMG_9473_aug3.jpg,https://drive.google.com/file/d/1LsqQbd7r-oSRnXMQvxoJfNr_PqoIPhmx/view?usp=drivesdk,A tan sample with a lengthy silhouette.,354.2,Brown,Autumn,Savory,Irregular,potato,2316
IMG_9473_aug1.jpg,https://drive.google.com/file/d/1ml5KFs9zxpSq6vKiKwYbZEtgEw0B9_uL/view?usp=drivesdk,A medium globe-shaped item with a textured pale surface.,337.6,Orange,Winter,Savory,Long,potato,2317
IMG_1012_aug2.jpg,https://drive.google.com/file/d/1nM7ua504bFpipf0VJfxheGddh_aLCTZv/view?usp=drivesdk,This item is globe-shaped and features a rough appearance.,339.7,Brown,Winter,Starchy,Curved,potato,2318
IMG_1013_aug3.jpg,https://drive.google.com/file/d/1uhZvHeoex3WYThGixECfgKaqDAqgs7PX/view?usp=drivesdk,This item is round and features a uneven appearance.,398.9,Yellow,Year Round,Earthy,Irregular,potato,2319
IMG_1012_aug3.jpg,https://drive.google.com/file/d/1wxRjKyCJ12hEQCZ2Ofy62bLcViBfz6jU/view?usp=drivesdk,This object is curved and features a uneven appearance.,238.3,Yellow,Winter,Mild,Round,potato,2320
IMG_1013_aug2.jpg,https://drive.google.com/file/d/1xhTKDmEoM3FCS7b_HiXibTtdk7LEvflu/view?usp=drivesdk,This item is lengthy and features a uneven appearance.,371.8,Yellow,Winter,Starchy,Flattened,potato,2321
IMG_1012_aug1.jpg,https://drive.google.com/file/d/1zYhfeSjlj4KliUS3fwwzV-3reC5gN3B7/view?usp=drivesdk,A chunky object distinguishable by its beige hue and spherical form.,294.9,Brown,Year Round,Savory,Round,potato,2322
IMG_1013_aug1.jpg,https://drive.google.com/file/d/1HPaa1VqW8iepmM3a7ZUhLRWNsWQRAjAA/view?usp=drivesdk,An organic object that feels pitted to the touch and looks oval.,226.3,Brown,Winter,Mild,Cylindrical,potato,2323
IMG_1007_aug2.jpg,https://drive.google.com/file/d/1VWgcK48XEYGHi4VhdFmeIlrq4U2QjJzh/view?usp=drivesdk,A chunky organic matter distinguishable by its earthy hue and oval form.,225.5,Yellow,Autumn,Earthy,Round,potato,2324
IMG_1007_aug1.jpg,https://drive.google.com/file/d/1VsbVm4Cpp2oZiO9WbkPXrd5EHgeZN1Fk/view?usp=drivesdk,An organic item that feels dusty to the touch and looks oblong.,336.1,Yellow,Autumn,Mild,Round,potato,2325
IMG_1007_aug3.jpg,https://drive.google.com/file/d/1uTMGrOlmoBol4FB5XfXnYGB9wm7k80Uq/view?usp=drivesdk,This produce is lengthy and features a pitted appearance.,172.1,Brown,Autumn,Earthy,Curved,potato,2326
IMG_1011_aug3.jpg,https://drive.google.com/file/d/16bpjiuKrrmN9TKJQoGAnzQBCiS_LMDwD/view?usp=drivesdk,A earthy produce with a elongated silhouette.,246.8,Yellow,Autumn,Mild,Oval,potato,2327
IMG_1011_aug1.jpg,https://drive.google.com/file/d/1Rso6yb32FESv5Y6ZZA0BDbTMihVtwZ3E/view?usp=drivesdk,A variable elongated organic matter with a uneven beige surface.,281.5,Brown,Autumn,Starchy,Flattened,potato,2328
IMG_1011_aug2.jpg,https://drive.google.com/file/d/1o9JFr66YOOMsSKRav8vwj1vyJO1-MiUX/view?usp=drivesdk,A medium produce distinguishable by its pale hue and oval form.,271.3,Yellow,Autumn,Savory,Globular,potato,2329
IMG_1039_aug2.jpg,https://drive.google.com/file/d/15FhRG_v6S-PxLjGZNprEf4ayKQBINxIR/view?usp=drivesdk,A earthy produce with a globe-shaped silhouette.,222.6,Yellow,Year Round,Savory,Long,potato,2330
IMG_1039_aug1.jpg,https://drive.google.com/file/d/1XSVSqRi4GAYG7V_xbvgU-GpQp4w4kbJW/view?usp=drivesdk,An organic organic matter that feels textured to the touch and looks curved.,382.9,Brown,Year Round,Earthy,Oval,potato,2331
IMG_1039_aug3.jpg,https://drive.google.com/file/d/1q4vUGMmrMHjNrVjyho45b7D9vZg0SBOi/view?usp=drivesdk,An organic object that feels bumpy to the touch and looks globe-shaped.,60.9,Brown,Winter,Savory,Cylindrical,potato,2332
IMG_1038_aug3.jpg,https://drive.google.com/file/d/1yIrNXAfLSrADf03QnWgxK9qgGwe78G3r/view?usp=drivesdk,An organic produce that feels uneven to the touch and looks round.,330,Yellow,Winter,Earthy,Curved,potato,2333
IMG_1038_aug2.jpg,https://drive.google.com/file/d/1abP9TFByk6JTCfsKNwrEEi7MS5kfRZej/view?usp=drivesdk,An organic organic matter that feels bumpy to the touch and looks orb-like.,275.9,Yellow,Autumn,Mild,Curved,potato,2334
IMG_1038_aug1.jpg,https://drive.google.com/file/d/1t73-Ms49UTQwpSMGtkKLRmo94Jft8zz4/view?usp=drivesdk,A brownish object with a lengthy silhouette.,40.4,Brown,Winter,Savory,Long,potato,2335
IMG_1010_aug3.jpg,https://drive.google.com/file/d/1L7OH2bfgSQiAMAei9ZI307D6V0OQsPJG/view?usp=drivesdk,An organic sample that feels textured to the touch and looks elongated.,265.8,Brown,Year Round,Mild,Cylindrical,potato,2336
IMG_1010_aug2.jpg,https://drive.google.com/file/d/1MSEt9j8dzf0bSHUPG4hOyxJsMKMjb_L6/view?usp=drivesdk,This sample is elongated and features a textured appearance.,252.9,Brown,Winter,Mild,Oval,potato,2337
IMG_1028_aug1.jpg,https://drive.google.com/file/d/1XnF2IlfV8IWUYdpXOlQMDB9zdd1jibEM/view?usp=drivesdk,A beige sample with a oblong silhouette.,425.9,Yellow,Year Round,Savory,Cylindrical,potato,2338
IMG_1010_aug1.jpg,https://drive.google.com/file/d/1hfxnbeza0wxpJqs1eL2BlcyehUHNdRZ5/view?usp=drivesdk,A medium spherical object with a matte brownish surface.,464.7,Brown,Year Round,Starchy,Oval,potato,2339
IMG_1028_aug3.jpg,https://drive.google.com/file/d/1ubc5dGWXB4RX4M3p9PV6nfcgFY-YlXSX/view?usp=drivesdk,This item is lengthy and features a bumpy appearance.,211.2,Yellow,Year Round,Starchy,Curved,potato,2340
IMG_1028_aug2.jpg,https://drive.google.com/file/d/1uvvsnqkc329l79t2C4XpcRA9K3XnHy3F/view?usp=drivesdk,A chunky curved produce with a matte pale surface.,319.9,Brown,Autumn,Starchy,Irregular,potato,2341
IMG_9474_aug1.jpg,https://drive.google.com/file/d/1-AIzBNRM5mjJ2NAaOLoQwBu3d7_k9GIN/view?usp=drivesdk,A variable circular organic matter with a dusty beige surface.,153.1,Brown,Autumn,Starchy,Globular,potato,2342
IMG_9474_aug2.jpg,https://drive.google.com/file/d/1iZsmoWhlfwm-XrirKKcPKi2EVC3XDnLz/view?usp=drivesdk,A medium elongated sample with a dusty beige surface.,169.6,Yellow,Autumn,Mild,Asymmetric,potato,2343
IMG_9474_aug3.jpg,https://drive.google.com/file/d/1tt8kTtihV5DRgPSDv7EdCXe2tZbRIRoB/view?usp=drivesdk,This organic matter is oval and features a bumpy appearance.,262,Yellow,Year Round,Earthy,Round,potato,2344
IMG_1014_aug1.jpg,https://drive.google.com/file/d/1-w7rjVN4nXWGxq5YsblWuHZppmj0xgAM/view?usp=drivesdk,This item is round and features a bumpy appearance.,393.1,Brown,Autumn,Mild,Globular,potato,2345
IMG_1014_aug3.jpg,https://drive.google.com/file/d/1BmNK0xNoP3x13NtKgKA3Xx7YC5ll5jYh/view?usp=drivesdk,An organic produce that feels uneven to the touch and looks globe-shaped.,317,Brown,Autumn,Mild,Curved,potato,2346
IMG_1015_aug2.jpg,https://drive.google.com/file/d/1CGqwz4eMZzPxwyoW7rBi_Wnl9T4v0DBg/view?usp=drivesdk,A earthy item with a lengthy silhouette.,380,Yellow,Year Round,Starchy,Irregular,potato,2347
IMG_1015_aug1.jpg,https://drive.google.com/file/d/1KJVQzgN24epYmTlxv5R9bBIMLPAozIkD/view?usp=drivesdk,A brownish item with a orb-like silhouette.,101.3,Brown,Autumn,Earthy,Irregular,potato,2348
IMG_1015_aug3.jpg,https://drive.google.com/file/d/1ioky6NAkZu2OzszCY3wMrc088R7AQDjZ/view?usp=drivesdk,A variable specimen distinguishable by its beige hue and globe-shaped form.,253.5,Yellow,Year Round,Starchy,Cylindrical,potato,2349
IMG_1014_aug2.jpg,https://drive.google.com/file/d/1ulW_h7os0mGg16cF1FGyhKMnZn3cQhsy/view?usp=drivesdk,A variable orb-like specimen with a dusty beige surface.,324,Yellow,Winter,Savory,Round,potato,2350
IMG_9475_aug1.jpg,https://drive.google.com/file/d/1Uwg7p6uzL0DCavboULApyHfzmGHudgsy/view?usp=drivesdk,This object is elongated and features a matte appearance.,305.9,Yellow,Winter,Earthy,Long,potato,2351
IMG_9475_aug2.jpg,https://drive.google.com/file/d/1Y4nrzvj9znHX0vX_hhg2uz1PI7C-luF-/view?usp=drivesdk,This organic matter is oblong and features a textured appearance.,86.5,Yellow,Year Round,Savory,Irregular,potato,2352
IMG_9475_aug3.jpg,https://drive.google.com/file/d/1hcvN0X5TC2LuNPpCe9CjRHNb03vjseca/view?usp=drivesdk,A chunky spherical item with a pitted beige surface.,219.2,Yellow,Year Round,Savory,Irregular,potato,2353
IMG_1029_aug2.jpg,https://drive.google.com/file/d/1H-UvPrUmabZiykOqDipBttXruNuL65_D/view?usp=drivesdk,An organic specimen that feels rough to the touch and looks round.,333.9,Yellow,Year Round,Mild,Long,potato,2354
IMG_1029_aug1.jpg,https://drive.google.com/file/d/1qKNQrywTM8NOQTmSUG1_1sAZTfaUNdc7/view?usp=drivesdk,A medium round specimen with a rough beige surface.,160,Yellow,Autumn,Savory,Cylindrical,potato,2355
IMG_1029_aug3.jpg,https://drive.google.com/file/d/1y58mG5vALB2qdwYqGWzNRYaYS97d4sUI/view?usp=drivesdk,This produce is spherical and features a matte appearance.,280.1,Yellow,Year Round,Earthy,Globular,potato,2356
IMG_9477_aug1.jpg,https://drive.google.com/file/d/1Orh2JukaFFcEW705lkZI89H4CY8fGa9s/view?usp=drivesdk,An organic object that feels textured to the touch and looks round.,252.4,Yellow,Winter,Starchy,Oval,potato,2357
IMG_9477_aug2.jpg,https://drive.google.com/file/d/1mDFhHmlMkZCHnWW9K6SHg0W-nRgfkGMV/view?usp=drivesdk,A variable sample distinguishable by its earthy hue and lengthy form.,151.5,Brown,Year Round,Earthy,Asymmetric,potato,2358
IMG_9477_aug3.jpg,https://drive.google.com/file/d/1vzSe-rqijf_EtaHTiFkPnCYQuoAhNkVG/view?usp=drivesdk,This specimen is oblong and features a textured appearance.,262.9,Orange,Winter,Earthy,Asymmetric,potato,2359
IMG_1016_aug1.jpg,https://drive.google.com/file/d/14DhR0oUHvIQzrAHCc7X2gKGTjgXeLFDk/view?usp=drivesdk,An organic produce that feels bumpy to the touch and looks round.,292.7,Yellow,Autumn,Mild,Globular,potato,2360
IMG_1017_aug3.jpg,https://drive.google.com/file/d/14mSVe11-bFszZI5gesOR6glXEld0hHxp/view?usp=drivesdk,A medium item distinguishable by its earthy hue and globe-shaped form.,350.2,Brown,Autumn,Starchy,Curved,potato,2361
IMG_1017_aug1.jpg,https://drive.google.com/file/d/173D5jisL8jkU8GhpqRIweOUHJNs6DcAJ/view?usp=drivesdk,A beige object with a lengthy silhouette.,356.1,Green,Autumn,Earthy,Globular,potato,2362
IMG_1017_aug2.jpg,https://drive.google.com/file/d/1HJtg234SOUunjz01jis-axLbBj-lpYqc/view?usp=drivesdk,A variable produce distinguishable by its brownish hue and round form.,192.9,Brown,Winter,Starchy,Irregular,potato,2363
IMG_1016_aug2.jpg,https://drive.google.com/file/d/1Uq_T_Cy9qH5yNSuNEZ3eEVZfFrrOmt5B/view?usp=drivesdk,An organic item that feels uneven to the touch and looks oblong.,265.7,Yellow,Autumn,Starchy,Long,potato,2364
IMG_1016_aug3.jpg,https://drive.google.com/file/d/1lXyRb0Ku9Y2oO3JNQ8D09UOBHKYjIhH7/view?usp=drivesdk,A tan sample with a oblong silhouette.,262.3,Yellow,Winter,Mild,Irregular,potato,2365
IMG_9476_aug3.jpg,https://drive.google.com/file/d/14aegmFmaODF91riYZKUl788UyM14k9ix/view?usp=drivesdk,An organic specimen that feels rough to the touch and looks oval.,211.2,Yellow,Winter,Mild,Flattened,potato,2366
IMG_9476_aug1.jpg,https://drive.google.com/file/d/1LmBXnwTkz2Oedu-VDJxCtwEBpgLUFHvM/view?usp=drivesdk,This specimen is curved and features a matte appearance.,297.6,Yellow,Winter,Mild,Asymmetric,potato,2367
IMG_9476_aug2.jpg,https://drive.google.com/file/d/1nX_SNbX6moVdGVRa0YPBDdNK-6kHGZtp/view?usp=drivesdk,An organic sample that feels uneven to the touch and looks oblong.,234.6,Yellow,Winter,Starchy,Curved,potato,2368
IMG_1027_aug3.jpg,https://drive.google.com/file/d/1EhW1vslfaXQURpZXKAt5L1XZMy3xmaNQ/view?usp=drivesdk,A medium organic matter distinguishable by its pale hue and spherical form.,109.3,Green,Winter,Earthy,Curved,potato,2369
IMG_1027_aug1.jpg,https://drive.google.com/file/d/1II5zuMKAOl8anHaPH2ZonxvKEQCfk2zZ/view?usp=drivesdk,An organic specimen that feels dusty to the touch and looks round.,268.3,Green,Winter,Mild,Oval,potato,2370
IMG_1027_aug2.jpg,https://drive.google.com/file/d/1ujHAdNJXQy64ncTGjoNsS2-k_W4HY16d/view?usp=drivesdk,A variable lengthy produce with a dusty tan surface.,316.2,Brown,Winter,Starchy,Curved,potato,2371
IMG_1032_aug3.jpg,https://drive.google.com/file/d/1H3Z8XGRooANcLcc3p1vYGrLROK0h-Fgx/view?usp=drivesdk,A variable specimen distinguishable by its beige hue and elongated form.,319.8,Yellow,Winter,Earthy,Long,potato,2372
IMG_1026_aug1.jpg,https://drive.google.com/file/d/1K1Mb0FCYzZkcjnxrsnLSXGxfXD42h-Nf/view?usp=drivesdk,A pale item with a globe-shaped silhouette.,265.9,Yellow,Autumn,Earthy,Cylindrical,potato,2373
IMG_1026_aug3.jpg,https://drive.google.com/file/d/1NI_njaS_X5gKBgQPMKoIzawpTEh-YBi7/view?usp=drivesdk,A variable item distinguishable by its pale hue and globe-shaped form.,243.8,Yellow,Year Round,Starchy,Round,potato,2374
IMG_1032_aug2.jpg,https://drive.google.com/file/d/1NJ3Dn27Ob1ItsZCWTj43Pri4hQD8DNKt/view?usp=drivesdk,A brownish item with a oval silhouette.,239.9,Brown,Autumn,Savory,Curved,potato,2375
IMG_1032_aug1.jpg,https://drive.google.com/file/d/1PxNu4HNdSbbIYd6WwbzvBpWPDn6ULEMW/view?usp=drivesdk,This sample is round and features a pitted appearance.,344.3,Brown,Autumn,Savory,Flattened,potato,2376
IMG_1026_aug2.jpg,https://drive.google.com/file/d/1xO1y9j0kkrWbufvtmvtXg7JR6a2NOCR_/view?usp=drivesdk,This object is round and features a uneven appearance.,103.8,Brown,Winter,Starchy,Globular,potato,2377
IMG_1030_aug2.jpg,https://drive.google.com/file/d/1EKTDrkeydN8xH94ZIjSSD4LvKkQLgWQB/view?usp=drivesdk,This specimen is curved and features a bumpy appearance.,296.2,Yellow,Winter,Earthy,Round,potato,2378
IMG_1030_aug1.jpg,https://drive.google.com/file/d/1_Vo8ru3VzdZnUdTG6Xn9rJNfejqjKmsV/view?usp=drivesdk,A chunky organic matter distinguishable by its pale hue and oval form.,248.6,Brown,Winter,Savory,Flattened,potato,2379
IMG_1030_aug3.jpg,https://drive.google.com/file/d/1xc1xxMoe1lqDKUZb_x8sEy3tdx9L_OpR/view?usp=drivesdk,An organic item that feels bumpy to the touch and looks round.,188.7,Yellow,Year Round,Savory,Round,potato,2380
IMG_9478_aug3.jpg,https://drive.google.com/file/d/1Kh7PJ-puFZYU0HKCGHE48AgrNlwtsiZP/view?usp=drivesdk,A tan organic matter with a oblong silhouette.,348,Yellow,Year Round,Savory,Globular,potato,2381
IMG_9478_aug2.jpg,https://drive.google.com/file/d/1PxA2EudPLoRSin5NazKtSN1Rnf8IE5Wm/view?usp=drivesdk,A tan sample with a orb-like silhouette.,402.9,Yellow,Year Round,Savory,Flattened,potato,2382
IMG_9478_aug1.jpg,https://drive.google.com/file/d/1Rk0-uEYm7ufezCFrVELDHVQG6BygqAuE/view?usp=drivesdk,A medium organic matter distinguishable by its pale hue and elongated form.,303.8,Yellow,Autumn,Starchy,Oval,potato,2383
IMG_1018_aug1.jpg,https://drive.google.com/file/d/1Dj0YsnnHM94XMCH9UH8eu3hHXkYoDAwY/view?usp=drivesdk,This organic matter is curved and features a bumpy appearance.,193.3,Brown,Year Round,Mild,Flattened,potato,2384
IMG_1018_aug3.jpg,https://drive.google.com/file/d/1K7UUmZ8KyVHVgroUSh4nJkBGE4s75gxC/view?usp=drivesdk,A beige sample with a oval silhouette.,186,Yellow,Autumn,Starchy,Flattened,potato,2385
IMG_1018_aug2.jpg,https://drive.google.com/file/d/1N1dtj2D50qWGgMNQXgw23_cg1NzkpL2R/view?usp=drivesdk,An organic specimen that feels uneven to the touch and looks elongated.,250.5,Yellow,Winter,Savory,Curved,potato,2386
IMG_1024_aug3.jpg,https://drive.google.com/file/d/1PrlodPF5W6oSPOhVYoeMIZXq1R-RCoaZ/view?usp=drivesdk,A earthy object with a oblong silhouette.,386.7,Brown,Winter,Starchy,Cylindrical,potato,2387
IMG_1024_aug1.jpg,https://drive.google.com/file/d/1anVNeq4m1q1CIYtK_5QjbcUWATqsNYBC/view?usp=drivesdk,An organic produce that feels dusty to the touch and looks oblong.,264.3,Brown,Autumn,Savory,Asymmetric,potato,2388
IMG_1024_aug2.jpg,https://drive.google.com/file/d/1uNlhwZNxMU6tjPztrKJjz7TNg5SIJJHX/view?usp=drivesdk,This item is curved and features a textured appearance.,177.6,Yellow,Autumn,Starchy,Irregular,potato,2389
IMG_1019_aug3.jpg,https://drive.google.com/file/d/13qYIpEn7f7bISc-pPfXW6ZKcrYnoMzIz/view?usp=drivesdk,This produce is globe-shaped and features a textured appearance.,101.4,Yellow,Winter,Mild,Long,potato,2390
IMG_1019_aug2.jpg,https://drive.google.com/file/d/17vygdVpFJ96TwAsqN9KEAEwL0yasTk7v/view?usp=drivesdk,An organic organic matter that feels dusty to the touch and looks circular.,117.8,Brown,Autumn,Savory,Long,potato,2391
IMG_1025_aug2.jpg,https://drive.google.com/file/d/1M8-hsZlAHzed1pKXdZyo7PdK5aO40sjI/view?usp=drivesdk,A chunky globe-shaped object with a pitted pale surface.,161.7,Yellow,Year Round,Starchy,Flattened,potato,2392
IMG_1025_aug3.jpg,https://drive.google.com/file/d/1kU1Xp0xAqAby6Xrrh5oeGyu4us7zN1nl/view?usp=drivesdk,A medium elongated sample with a rough brownish surface.,317.5,Yellow,Winter,Earthy,Globular,potato,2393
IMG_1019_aug1.jpg,https://drive.google.com/file/d/1qkBKVmIglDsSQa1KNBEiu4mACYpVDjCY/view?usp=drivesdk,An organic object that feels pitted to the touch and looks elongated.,237.8,Orange,Autumn,Mild,Oval,potato,2394
IMG_1025_aug1.jpg,https://drive.google.com/file/d/1TebNrRx_Gok4fKxKW0I10T1v0-gkKwiu/view?usp=drivesdk,A medium spherical item with a textured earthy surface.,199.3,Yellow,Year Round,Savory,Long,potato,2395
IMG_9479_aug3.jpg,https://drive.google.com/file/d/1oY2rJlq7td7DxgM-SoFuz7NPQBtcbxR9/view?usp=drivesdk,This sample is curved and features a bumpy appearance.,350.2,Yellow,Year Round,Mild,Round,potato,2396
IMG_9479_aug1.jpg,https://drive.google.com/file/d/1MriAfKqd_DqKpcfMXNLdE-SmYHSMbgI1/view?usp=drivesdk,This sample is oval and features a uneven appearance.,169.7,Yellow,Autumn,Mild,Long,potato,2397
IMG_9479_aug2.jpg,https://drive.google.com/file/d/1_p-fFHPVg3xROc19QnqNDI7cf7SGSt4r/view?usp=drivesdk,An organic organic matter that feels matte to the touch and looks orb-like.,152.2,Yellow,Year Round,Mild,Flattened,potato,2398
IMG_1031_aug2.jpg,https://drive.google.com/file/d/13ePeFTNXhAlbGAkUGiokc2K3JckP0ov_/view?usp=drivesdk,A medium specimen distinguishable by its earthy hue and orb-like form.,395.7,Yellow,Autumn,Mild,Irregular,potato,2399
IMG_1031_aug1.jpg,https://drive.google.com/file/d/1Fl5IrhYp9qjy2eKsESZd8AE3pKzihQca/view?usp=drivesdk,This object is globe-shaped and features a pitted appearance.,312.1,Yellow,Year Round,Earthy,Curved,potato,2400
IMG_1031_aug3.jpg,https://drive.google.com/file/d/1_k8OZrqNgvvsD5-IUxq7ZduZfV4Jfe2X/view?usp=drivesdk,An organic organic matter that feels pitted to the touch and looks circular.,196.7,Yellow,Year Round,Earthy,Round,potato,2401
IMG_1009_aug3.jpg,https://drive.google.com/file/d/1ZgyQpnEWVM-bC7_zyGfUWkSY0t0zOmg1/view?usp=drivesdk,A medium globe-shaped produce with a dusty tan surface.,361.9,Brown,Year Round,Starchy,Curved,potato,2402
IMG_1009_aug1.jpg,https://drive.google.com/file/d/1hN26WnxQRSSEEHQ9KXZ_6-KPY5EfLD4e/view?usp=drivesdk,An organic specimen that feels bumpy to the touch and looks oblong.,149.4,Yellow,Year Round,Mild,Globular,potato,2403
IMG_1009_aug2.jpg,https://drive.google.com/file/d/1uX8mt3qcQkK-mO1qCvwV9zbYrvs75h1T/view?usp=drivesdk,An organic produce that feels rough to the touch and looks curved.,313.3,Yellow,Year Round,Earthy,Flattened,potato,2404
IMG_1035_aug2.jpg,https://drive.google.com/file/d/14hirzjEKcgTgwLhtD_pCUfHTCr6vwhUA/view?usp=drivesdk,An organic specimen that feels textured to the touch and looks elongated.,114.6,Brown,Year Round,Starchy,Flattened,potato,2405
IMG_1035_aug3.jpg,https://drive.google.com/file/d/1ISzJrWRnAqQ-O7UeNJ52LpfQwd8sVHV9/view?usp=drivesdk,This specimen is lengthy and features a rough appearance.,228.5,Yellow,Autumn,Savory,Globular,potato,2406
IMG_1035_aug1.jpg,https://drive.google.com/file/d/1c-RPZivCX1YDM6jSuG9VEXPDBSTVeJdP/view?usp=drivesdk,This specimen is circular and features a matte appearance.,461.7,Yellow,Year Round,Savory,Long,potato,2407
IMG_1021_aug2.jpg,https://drive.google.com/file/d/12lqNIpVNipU2qyhEEjXayKswHI-cPtsY/view?usp=drivesdk,A chunky specimen distinguishable by its beige hue and spherical form.,350.1,Yellow,Autumn,Earthy,Asymmetric,potato,2408
IMG_1021_aug1.jpg,https://drive.google.com/file/d/1p2OJC4VY6PVOyLe2uGweG3NcL7uwALMS/view?usp=drivesdk,A variable orb-like specimen with a uneven tan surface.,431.9,Yellow,Year Round,Starchy,Cylindrical,potato,2409
IMG_1021_aug3.jpg,https://drive.google.com/file/d/1pO9c8HTZnWMsZbR3G1IJuN3YGEIZ9ZPd/view?usp=drivesdk,A chunky round organic matter with a uneven earthy surface.,256.3,Brown,Autumn,Mild,Curved,potato,2410
IMG_1020_aug2.jpg,https://drive.google.com/file/d/19gu7ooCFScf_07wYsPcie3IR4TWjUOsw/view?usp=drivesdk,This object is curved and features a rough appearance.,212.6,Yellow,Winter,Starchy,Curved,potato,2411
IMG_1034_aug3.jpg,https://drive.google.com/file/d/1M1gOn2RagkgVaAwi9ZDnZZWhJ5qJ5rwr/view?usp=drivesdk,This produce is spherical and features a rough appearance.,123.3,Yellow,Year Round,Earthy,Cylindrical,potato,2412
IMG_1020_aug1.jpg,https://drive.google.com/file/d/1MHY49OHguop20e2SqPYOXvA0QN4aqiti/view?usp=drivesdk,This object is round and features a uneven appearance.,160.2,Yellow,Year Round,Savory,Cylindrical,potato,2413
IMG_1020_aug3.jpg,https://drive.google.com/file/d/1OmLV3ZpdcPk5QFHoarnXar2VKzpKNt8Y/view?usp=drivesdk,A medium circular produce with a uneven brownish surface.,165.1,Brown,Autumn,Mild,Flattened,potato,2414
IMG_1034_aug1.jpg,https://drive.google.com/file/d/1Zz9qbJHp8dwIMoR942WZ1XiwadAS0o1U/view?usp=drivesdk,An organic produce that feels bumpy to the touch and looks spherical.,284.8,Yellow,Winter,Mild,Round,potato,2415
IMG_1034_aug2.jpg,https://drive.google.com/file/d/1ayykiDSZNqfZXcwqSizZSl5YepoP5lhc/view?usp=drivesdk,This object is orb-like and features a dusty appearance.,140,Brown,Autumn,Earthy,Oval,potato,2416
IMG_1036_aug1.jpg,https://drive.google.com/file/d/1X610Xhfx2XX4hv0wTQWrN7Ma46kRZ5FO/view?usp=drivesdk,A brownish sample with a oval silhouette.,319.7,Yellow,Autumn,Savory,Flattened,potato,2417
IMG_1036_aug3.jpg,https://drive.google.com/file/d/1aL618EkQF0EwanjKJMhwDngE_JxmEg9Z/view?usp=drivesdk,A chunky item distinguishable by its brownish hue and orb-like form.,259.1,Yellow,Year Round,Mild,Flattened,potato,2418
IMG_1036_aug2.jpg,https://drive.google.com/file/d/1zKEe1Zq02NtFkeVAykoF8QOdX4rRnRHv/view?usp=drivesdk,A earthy item with a curved silhouette.,242.1,Yellow,Year Round,Savory,Asymmetric,potato,2419
IMG_1023_aug3.jpg,https://drive.google.com/file/d/1R74VviwlgM44roZpKBFNdj5YfBj5Ajvv/view?usp=drivesdk,An organic specimen that feels pitted to the touch and looks globe-shaped.,253,Yellow,Winter,Savory,Irregular,potato,2420
IMG_1023_aug2.jpg,https://drive.google.com/file/d/1dmHQL2ZXeme6TuszfbPGr-3uqnF8TJal/view?usp=drivesdk,A medium produce distinguishable by its pale hue and globe-shaped form.,375.5,Brown,Winter,Savory,Flattened,potato,2421
IMG_1023_aug1.jpg,https://drive.google.com/file/d/1kp2opU-YXCh6D8kEmevbJwX2To0Npi1n/view?usp=drivesdk,An organic object that feels textured to the touch and looks globe-shaped.,293.6,Yellow,Year Round,Earthy,Long,potato,2422
IMG_9480_aug2.jpg,https://drive.google.com/file/d/1QPqI0vJFN-Do660dMqIBD_yRBw02_hbO/view?usp=drivesdk,A beige specimen with a globe-shaped silhouette.,222.2,Yellow,Autumn,Earthy,Curved,potato,2423
IMG_9480_aug1.jpg,https://drive.google.com/file/d/1ZV_UKz1DhqXfU7sEru9kFDNiHcsZwSbr/view?usp=drivesdk,A chunky organic matter distinguishable by its brownish hue and oblong form.,304.3,Yellow,Autumn,Savory,Curved,potato,2424
IMG_9480_aug3.jpg,https://drive.google.com/file/d/1v09OdRSOrHaCsqA43-KXM0_lY67UpwS9/view?usp=drivesdk,An organic produce that feels bumpy to the touch and looks oblong.,357.8,Yellow,Winter,Earthy,Flattened,potato,2425
IMG_9550_aug3.jpg,https://drive.google.com/file/d/128Ei2ESA3xwZCXLyh86oxjn9nFfp83zX/view?usp=drivesdk,This produce is circular and features a textured appearance.,385.5,Yellow,Year Round,Starchy,Oval,potato,2426
IMG_0789_aug3.jpg,https://drive.google.com/file/d/1Km4_9fuRZmtffAAeB64uZvFQ95aGd4c_/view?usp=drivesdk,A beige item with a circular silhouette.,112.4,Yellow,Autumn,Earthy,Flattened,potato,2427
IMG_0789_aug1.jpg,https://drive.google.com/file/d/1cAT9egCoETXzMbhpNKuQ_0-SC4KkFwBa/view?usp=drivesdk,A brownish object with a elongated silhouette.,356.3,Yellow,Autumn,Mild,Globular,potato,2428
IMG_0789_aug2.jpg,https://drive.google.com/file/d/1jKZ8pNtSls2wwC04Urns3x5_y0VodMgc/view?usp=drivesdk,A variable orb-like item with a matte brownish surface.,175.2,Yellow,Autumn,Mild,Globular,potato,2429
IMG_9550_aug2.jpg,https://drive.google.com/file/d/1prE6LOO374ruj2K65C8ZxyvtU1lpj8N2/view?usp=drivesdk,An organic produce that feels matte to the touch and looks orb-like.,155.4,Yellow,Year Round,Earthy,Round,potato,2430
IMG_9550_aug1.jpg,https://drive.google.com/file/d/1AIsq9iYy-UHjNTUGMMtEN_nU29cN3Jx1/view?usp=drivesdk,An organic sample that feels matte to the touch and looks globe-shaped.,271.8,Yellow,Winter,Mild,Round,potato,2431
IMG_1044_aug1.jpg,https://drive.google.com/file/d/1EynUnRMAjywCUEzT7ThQxBgDik62Utxz/view?usp=drivesdk,A chunky sample distinguishable by its brownish hue and circular form.,168.6,Brown,Autumn,Starchy,Curved,potato,2432
IMG_1044_aug2.jpg,https://drive.google.com/file/d/1Q-4RX88WtXJGtq2e5lDQp1jcbqtQ3G-4/view?usp=drivesdk,A tan specimen with a spherical silhouette.,199.3,Green,Year Round,Mild,Asymmetric,potato,2433
IMG_9544_aug1.jpg,https://drive.google.com/file/d/1CvFCNoQftKRG37b7-MEQR9XgFpuioK1L/view?usp=drivesdk,An organic specimen that feels pitted to the touch and looks circular.,261.1,Yellow,Year Round,Mild,Flattened,potato,2434
IMG_1044_aug3.jpg,https://drive.google.com/file/d/1UNBh0869wfhRnBWwvualB9lUSTYiSXcD/view?usp=drivesdk,An organic specimen that feels textured to the touch and looks elongated.,263.8,Brown,Year Round,Mild,Long,potato,2435
IMG_9544_aug2.jpg,https://drive.google.com/file/d/1Z6A6kzRR6UFut-v7y1DHTwH3A_VHh7VA/view?usp=drivesdk,An organic specimen that feels textured to the touch and looks globe-shaped.,346.5,Orange,Autumn,Starchy,Curved,potato,2436
IMG_9544_aug3.jpg,https://drive.google.com/file/d/1x3N8TEp2oveI8JkPKS5au2DnRfmKi8RB/view?usp=drivesdk,A pale produce with a elongated silhouette.,280.8,Orange,Autumn,Mild,Globular,potato,2437
IMG_1050_aug3.jpg,https://drive.google.com/file/d/109RmD8hSAXnG53-n8kYTKCzYFsebZPxE/view?usp=drivesdk,This specimen is circular and features a rough appearance.,142,Yellow,Autumn,Mild,Flattened,potato,2438
IMG_1050_aug2.jpg,https://drive.google.com/file/d/1LIko6a-Y8PbCxyQ5Sq5aCHfJcjurhbfp/view?usp=drivesdk,A earthy specimen with a curved silhouette.,265.9,Brown,Winter,Savory,Curved,potato,2439
IMG_1050_aug1.jpg,https://drive.google.com/file/d/1hPOhlJjrIMIyDnPE2BNMIG8kN1G6no6W/view?usp=drivesdk,This organic matter is oblong and features a rough appearance.,288.1,Yellow,Year Round,Starchy,Oval,potato,2440
IMG_0819_aug2.jpg,https://drive.google.com/file/d/13FovESJkkgGrcTZzALypyB5Khx7Qtolh/view?usp=drivesdk,A chunky object distinguishable by its beige hue and oval form.,169.5,Green,Year Round,Starchy,Irregular,potato,2441
IMG_0819_aug1.jpg,https://drive.google.com/file/d/191ECud5KAeYaMvE2Av0emTkuq_iuLnac/view?usp=drivesdk,A variable oblong sample with a bumpy pale surface.,337.2,Green,Year Round,Mild,Asymmetric,potato,2442
IMG_0819_aug3.jpg,https://drive.google.com/file/d/1Rh2WQSJB5oGKgl6O3Dx3FgomOyQzE3gl/view?usp=drivesdk,This sample is spherical and features a textured appearance.,373.5,Yellow,Autumn,Mild,Flattened,potato,2443
IMG_0818_aug3.jpg,https://drive.google.com/file/d/15N3ffpVSUetNdMNKra2z2Fkt1RXLUKBN/view?usp=drivesdk,A brownish organic matter with a circular silhouette.,384.8,Yellow,Winter,Mild,Round,potato,2444
IMG_0818_aug1.jpg,https://drive.google.com/file/d/18OHdVJ0i4rcTEpH9OOuaz4pS-MdQfPwq/view?usp=drivesdk,An organic item that feels matte to the touch and looks curved.,198.7,Yellow,Autumn,Savory,Cylindrical,potato,2445
IMG_0818_aug2.jpg,https://drive.google.com/file/d/1QXe5pPgI806hKRU02ss2ViCZXefd5Dd6/view?usp=drivesdk,This item is spherical and features a pitted appearance.,380.9,Yellow,Autumn,Savory,Asymmetric,potato,2446
IMG_1051_aug3.jpg,https://drive.google.com/file/d/1WbZoiIX9oA5qNKNY1do0chIfzfDk6ATC/view?usp=drivesdk,An organic item that feels dusty to the touch and looks curved.,20.7,Brown,Autumn,Mild,Irregular,potato,2447
IMG_1051_aug1.jpg,https://drive.google.com/file/d/1i4-I1Qr3ZxVRRWrJlAjKpMYsu7dQC4XT/view?usp=drivesdk,A earthy produce with a lengthy silhouette.,246.3,Yellow,Autumn,Starchy,Flattened,potato,2448
IMG_1051_aug2.jpg,https://drive.google.com/file/d/1n8f_2STUKzxauAdg2TnDeiekOBeom-bh/view?usp=drivesdk,An organic item that feels bumpy to the touch and looks spherical.,320.5,Yellow,Autumn,Earthy,Curved,potato,2449
IMG_1045_aug3.jpg,https://drive.google.com/file/d/1EYcHsrwG8HRls4cNcEg0FwTsB8kYamNL/view?usp=drivesdk,A medium organic matter distinguishable by its tan hue and lengthy form.,378.1,Brown,Autumn,Savory,Asymmetric,potato,2450
IMG_1045_aug1.jpg,https://drive.google.com/file/d/1Jt_8LxpvRZt0k8vqNkbz0ZQMkDFAsQng/view?usp=drivesdk,A brownish object with a orb-like silhouette.,320.7,Yellow,Year Round,Savory,Irregular,potato,2451
IMG_1045_aug2.jpg,https://drive.google.com/file/d/1XClsVpUYE-Cl8wYNL62FZEwuEZSL7AVs/view?usp=drivesdk,An organic produce that feels uneven to the touch and looks curved.,286.3,Yellow,Winter,Starchy,Flattened,potato,2452
IMG_9545_aug1.jpg,https://drive.google.com/file/d/11DWxJlVqf8nNTXblvmprbwCxo2VPgA_x/view?usp=drivesdk,A brownish organic matter with a spherical silhouette.,354.1,Brown,Autumn,Earthy,Round,potato,2453
IMG_9551_aug2.jpg,https://drive.google.com/file/d/1251GkPhjaJbmKtlhomf9gi2imnSiISjH/view?usp=drivesdk,This object is oblong and features a rough appearance.,410,Yellow,Autumn,Earthy,Irregular,potato,2454
IMG_9551_aug3.jpg,https://drive.google.com/file/d/157XzfCIQcl3LdQRvE_oimw6XfFVi_r5O/view?usp=drivesdk,A chunky circular object with a matte tan surface.,202.9,Yellow,Winter,Earthy,Curved,potato,2455
IMG_9551_aug1.jpg,https://drive.google.com/file/d/1Tk9COYMQDitdaJmYrHyCHAv8Joua8W--/view?usp=drivesdk,This specimen is elongated and features a pitted appearance.,264.8,Yellow,Autumn,Savory,Round,potato,2456
IMG_9545_aug2.jpg,https://drive.google.com/file/d/1WotbiRF8K1M8NWY9csZ7wGBEYXqKOMbB/view?usp=drivesdk,This object is orb-like and features a pitted appearance.,249.3,Brown,Winter,Savory,Oval,potato,2457
IMG_9545_aug3.jpg,https://drive.google.com/file/d/1bimaFR6d6ryj5PkpSe8bT0Bhc712CWlB/view?usp=drivesdk,A chunky item distinguishable by its beige hue and globe-shaped form.,258.7,Yellow,Year Round,Earthy,Round,potato,2458
IMG_9547_aug3.jpg,https://drive.google.com/file/d/1-lIMOwtSULLIt90y7-vTWqegZjhea_fQ/view?usp=drivesdk,A brownish specimen with a lengthy silhouette.,287.4,Brown,Winter,Starchy,Oval,potato,2459
IMG_9547_aug2.jpg,https://drive.google.com/file/d/1nXknuc36jt7p0JNsGk8795ek3TjkovhP/view?usp=drivesdk,A tan object with a elongated silhouette.,319.5,Yellow,Winter,Earthy,Oval,potato,2460
IMG_9547_aug1.jpg,https://drive.google.com/file/d/1rNh7dq1wfSbmCxLyfQJAxHmX6q-itF1D/view?usp=drivesdk,A earthy produce with a lengthy silhouette.,291.3,Orange,Year Round,Starchy,Globular,potato,2461
IMG_9553_aug2.jpg,https://drive.google.com/file/d/1GLs8YavQCGiuv5yW6x2HlXL6qSraZWrd/view?usp=drivesdk,An organic produce that feels uneven to the touch and looks circular.,263.6,Yellow,Autumn,Savory,Curved,potato,2462
IMG_9553_aug1.jpg,https://drive.google.com/file/d/1MOsyZZTBfDQpmEiUO9tEkG-8CqB9qK5_/view?usp=drivesdk,A variable orb-like sample with a bumpy tan surface.,316,Yellow,Year Round,Savory,Curved,potato,2463
IMG_9553_aug3.jpg,https://drive.google.com/file/d/1UPbP7d53J-8HBhx2mpw6f3U2crwQYMna/view?usp=drivesdk,A tan specimen with a orb-like silhouette.,230.9,Brown,Winter,Starchy,Irregular,potato,2464
IMG_1053_aug3.jpg,https://drive.google.com/file/d/19zkUVjmWvMuXaSg_PzJGlyc5fHDFxoXn/view?usp=drivesdk,This sample is spherical and features a matte appearance.,217.5,Yellow,Winter,Mild,Round,potato,2465
IMG_1047_aug2.jpg,https://drive.google.com/file/d/1EjgHigp6HJHNIQ78iE5r9XCVTZZrCLpO/view?usp=drivesdk,This specimen is curved and features a rough appearance.,115.7,Brown,Year Round,Mild,Cylindrical,potato,2466
IMG_1047_aug3.jpg,https://drive.google.com/file/d/1L3DhUzx3aJdwdZnl48Q0x1R19uTgkP4H/view?usp=drivesdk,A tan item with a spherical silhouette.,357.1,Yellow,Year Round,Earthy,Asymmetric,potato,2467
IMG_1053_aug1.jpg,https://drive.google.com/file/d/1YfPUakimRncyybx4FEJqP1F2pynOEIEl/view?usp=drivesdk,This object is lengthy and features a dusty appearance.,261.7,Yellow,Autumn,Earthy,Globular,potato,2468
IMG_1053_aug2.jpg,https://drive.google.com/file/d/1uMn_qFl06qevXwE-kM0VfHfVZa6FjB_4/view?usp=drivesdk,A medium oblong produce with a dusty earthy surface.,294.7,Brown,Winter,Starchy,Curved,potato,2469
IMG_1046_aug2.jpg,https://drive.google.com/file/d/1OaTnKUV_1fbw8SqDKMBsGRS6Kp0oTnYe/view?usp=drivesdk,A tan specimen with a lengthy silhouette.,263.1,Yellow,Autumn,Starchy,Globular,potato,2470
IMG_1046_aug1.jpg,https://drive.google.com/file/d/1VQ5XX0rse1TGCrls4HKri9PTj_Q87F9y/view?usp=drivesdk,This object is round and features a pitted appearance.,312.7,Yellow,Winter,Earthy,Round,potato,2471
IMG_1047_aug1.jpg,https://drive.google.com/file/d/1XS71fT6dPij5lYMi8jgXZHBhuFNFAVwY/view?usp=drivesdk,A brownish produce with a orb-like silhouette.,257.7,Brown,Year Round,Mild,Asymmetric,potato,2472
IMG_1046_aug3.jpg,https://drive.google.com/file/d/1h65cXB342xPDvaD-DopMfIwB-5I-TB5f/view?usp=drivesdk,A chunky organic matter distinguishable by its brownish hue and oval form.,305.2,Yellow,Winter,Mild,Globular,potato,2473
IMG_1052_aug2.jpg,https://drive.google.com/file/d/12iXKYhClHZ_sgMuQPZqX4GrAsqsqZkug/view?usp=drivesdk,A variable orb-like item with a matte tan surface.,353,Yellow,Winter,Earthy,Globular,potato,2474
IMG_1052_aug1.jpg,https://drive.google.com/file/d/1BvLOIr7Tb5pblX0SUYGhXwM1lbfY3Il2/view?usp=drivesdk,A chunky globe-shaped object with a rough tan surface.,340.2,Yellow,Year Round,Earthy,Oval,potato,2475
IMG_1052_aug3.jpg,https://drive.google.com/file/d/1k1YV_mdqW_ObqkHCY-RZGsOQ71HLderj/view?usp=drivesdk,This specimen is spherical and features a pitted appearance.,369.5,Brown,Year Round,Savory,Flattened,potato,2476
IMG_9552_aug1.jpg,https://drive.google.com/file/d/1LHyrmYE0ZC-IZzhetPwpEAoAd4oiAV_m/view?usp=drivesdk,An organic item that feels dusty to the touch and looks oblong.,285.7,Yellow,Year Round,Savory,Globular,potato,2477
IMG_9552_aug2.jpg,https://drive.google.com/file/d/1fS8WJlfuKX_plul5t_i3Y2bXbQ5nC4Ky/view?usp=drivesdk,This object is elongated and features a rough appearance.,323.6,Yellow,Winter,Earthy,Cylindrical,potato,2478
IMG_9552_aug3.jpg,https://drive.google.com/file/d/1gitWQKTt1mSBM1MfgN-LTes59eXduSiA/view?usp=drivesdk,A medium spherical specimen with a uneven tan surface.,71.5,Yellow,Year Round,Savory,Long,potato,2479
IMG_9546_aug1.jpg,https://drive.google.com/file/d/1EKhMplQvmsCwH-FtctQoLzJSvdkr-4hx/view?usp=drivesdk,A earthy item with a oblong silhouette.,99.6,Yellow,Winter,Starchy,Irregular,potato,2480
IMG_9546_aug2.jpg,https://drive.google.com/file/d/1JWMlGUbIMekBY5dpAi6ToLFDNMhvs7CW/view?usp=drivesdk,A variable circular organic matter with a dusty pale surface.,327,Yellow,Year Round,Mild,Cylindrical,potato,2481
IMG_9546_aug3.jpg,https://drive.google.com/file/d/1Kc-Gv_mcjiDf2dAFGA50Lq4IdJp6oI3y/view?usp=drivesdk,An organic object that feels matte to the touch and looks spherical.,338.6,Brown,Autumn,Savory,Asymmetric,potato,2482
IMG_9542_aug2.jpg,https://drive.google.com/file/d/11IO4Z7iIdiXit3BBIQX70uWAukNmOvPw/view?usp=drivesdk,A tan produce with a round silhouette.,243.5,Orange,Winter,Mild,Asymmetric,potato,2483
IMG_9556_aug1.jpg,https://drive.google.com/file/d/16BlOib-4SnIftnDfis5EmQC5a5qW2C8k/view?usp=drivesdk,An organic item that feels bumpy to the touch and looks circular.,298.4,Brown,Year Round,Mild,Globular,potato,2484
IMG_9542_aug3.jpg,https://drive.google.com/file/d/1B-zkbfr5mNOSkP5076XQRP2B61GScr5d/view?usp=drivesdk,This sample is curved and features a dusty appearance.,185.9,Brown,Winter,Starchy,Oval,potato,2485
IMG_9542_aug1.jpg,https://drive.google.com/file/d/1FnSYvlxCWumiMJlooFr3vu6SR4xwlf4e/view?usp=drivesdk,This sample is elongated and features a matte appearance.,317.4,Yellow,Autumn,Starchy,Asymmetric,potato,2486
IMG_1056_aug3.jpg,https://drive.google.com/file/d/1OVSBSHAa6Ga8XibLQQgq5UPDheGM8nI3/view?usp=drivesdk,This specimen is curved and features a pitted appearance.,324.4,Yellow,Winter,Savory,Asymmetric,potato,2487
IMG_9556_aug3.jpg,https://drive.google.com/file/d/1RMty-eAXaREfekdjD5W5A3Sf4pYw8d6M/view?usp=drivesdk,A variable organic matter distinguishable by its tan hue and round form.,335.7,Brown,Winter,Earthy,Flattened,potato,2488
IMG_9556_aug2.jpg,https://drive.google.com/file/d/1VrNJlD0K-oGHrQ6nt-gtO0Ox9wdaRuia/view?usp=drivesdk,A beige produce with a oval silhouette.,194.7,Yellow,Year Round,Savory,Curved,potato,2489
IMG_1056_aug1.jpg,https://drive.google.com/file/d/17T78jxjJ3dche_TlCQVo6a3OW4cptOcx/view?usp=drivesdk,A beige item with a elongated silhouette.,178.9,Brown,Winter,Starchy,Globular,potato,2490
IMG_1056_aug2.jpg,https://drive.google.com/file/d/1MVmoKMglHULxiqUco3XJUIHy-7tuwODS/view?usp=drivesdk,This specimen is circular and features a dusty appearance.,175.1,Yellow,Year Round,Earthy,Oval,potato,2491
IMG_1042_aug2.jpg,https://drive.google.com/file/d/1r2C5jBkNv0DF8JSEvl8eg7Q8X0uOvLXG/view?usp=drivesdk,A tan item with a circular silhouette.,320.1,Yellow,Year Round,Savory,Round,potato,2492
IMG_1042_aug3.jpg,https://drive.google.com/file/d/1wI-h9h2HGl_Jz4s667bazURG7DgRScjb/view?usp=drivesdk,An organic specimen that feels uneven to the touch and looks orb-like.,235.2,Yellow,Autumn,Starchy,Long,potato,2493
IMG_1043_aug1.jpg,https://drive.google.com/file/d/16b_5SCBH9-n6LYFLhOaFmUuv-5_7kgS1/view?usp=drivesdk,An organic produce that feels bumpy to the touch and looks curved.,326.5,Yellow,Year Round,Earthy,Long,potato,2494
IMG_1043_aug3.jpg,https://drive.google.com/file/d/1O9ANc2UeWzBeF5VHcjPFkogaP8i6-_Xu/view?usp=drivesdk,A beige produce with a lengthy silhouette.,320.1,Brown,Autumn,Mild,Round,potato,2495
IMG_1043_aug2.jpg,https://drive.google.com/file/d/1VcpZkXWpBgABF4rT3g4Y8eaXmeZjVS9A/view?usp=drivesdk,A pale object with a lengthy silhouette.,130.8,Yellow,Autumn,Earthy,Irregular,potato,2496
IMG_1042_aug1.jpg,https://drive.google.com/file/d/1aVe1B1z4vbFMKS-cd6UBeHQLcDxAK0G1/view?usp=drivesdk,This object is curved and features a textured appearance.,343.6,Brown,Winter,Earthy,Oval,potato,2497
IMG_1057_aug3.jpg,https://drive.google.com/file/d/1JL-HW_P0FtPQh9Y_JyvzSagKY1tUqbiR/view?usp=drivesdk,A pale sample with a round silhouette.,207.8,Yellow,Autumn,Earthy,Globular,potato,2498
IMG_1057_aug2.jpg,https://drive.google.com/file/d/1KaZWu2RUSn4HliwJOFdP3IJjyY16JzSI/view?usp=drivesdk,A brownish organic matter with a lengthy silhouette.,140.3,Brown,Year Round,Starchy,Curved,potato,2499
IMG_1057_aug1.jpg,https://drive.google.com/file/d/1jt-HxHHxMZZBnN6_MoRwBAXIlaNXo7yC/view?usp=drivesdk,An organic sample that feels uneven to the touch and looks oblong.,174.8,Yellow,Autumn,Savory,Globular,potato,2500
IMG_9543_aug2.jpg,https://drive.google.com/file/d/161gdso2wGUTT1I0nZRB79KUNkTFgJNQC/view?usp=drivesdk,An organic item that feels bumpy to the touch and looks curved.,133.2,Yellow,Autumn,Savory,Round,potato,2501
IMG_9557_aug1.jpg,https://drive.google.com/file/d/19PK0j_fjnfp_zktCD5z58HV8zNQUzv_I/view?usp=drivesdk,A medium oval item with a dusty pale surface.,331.7,Brown,Autumn,Starchy,Globular,potato,2502
IMG_9557_aug3.jpg,https://drive.google.com/file/d/1PAry0C1yGQAhhe3-pFxYsQ5GN1W2HFJG/view?usp=drivesdk,A chunky elongated organic matter with a textured beige surface.,193.1,Brown,Year Round,Savory,Curved,potato,2503
IMG_9557_aug2.jpg,https://drive.google.com/file/d/1RaOAhKUmTP-zd2csSbPqdTWYq_A-aLk5/view?usp=drivesdk,A medium object distinguishable by its beige hue and spherical form.,272.1,Brown,Autumn,Mild,Cylindrical,potato,2504
IMG_9543_aug3.jpg,https://drive.google.com/file/d/1X-HZ-oYuCShn8S5XhCHFMr0u-eAfOOOw/view?usp=drivesdk,A beige sample with a oblong silhouette.,171.7,Yellow,Winter,Savory,Round,potato,2505
IMG_9555_aug2.jpg,https://drive.google.com/file/d/1KeWLKEEnkCJaE73R_MDF4hKrzI10MZam/view?usp=drivesdk,A medium produce distinguishable by its tan hue and elongated form.,191,Brown,Autumn,Earthy,Cylindrical,potato,2506
IMG_9555_aug1.jpg,https://drive.google.com/file/d/1e5nTqTL8jCGCVwruuE9b4AKW6RXIM6t6/view?usp=drivesdk,A chunky orb-like organic matter with a pitted pale surface.,210.1,Yellow,Autumn,Savory,Cylindrical,potato,2507
IMG_9555_aug3.jpg,https://drive.google.com/file/d/1jxQna_sdNAA-bge80GUJHqIPWaDwuuTF/view?usp=drivesdk,This produce is orb-like and features a dusty appearance.,230.4,Brown,Winter,Starchy,Irregular,potato,2508
IMG_9543_aug1.jpg,https://drive.google.com/file/d/1pxeEomv2RZUoKqRHN1XxAM1np1TQ55t2/view?usp=drivesdk,An organic item that feels bumpy to the touch and looks spherical.,328.2,Yellow,Winter,Earthy,Asymmetric,potato,2509
IMG_1109_aug1.jpg,https://drive.google.com/file/d/1VdoV23pGwjBsQL7mZnA91SN3lBRj1K7G/view?usp=drivesdk,A variable object distinguishable by its tan hue and oval form.,211.6,Yellow,Year Round,Earthy,Asymmetric,potato,2510
IMG_1109_aug3.jpg,https://drive.google.com/file/d/1aJ_saIa8aaM6Lp_H48-Mn5_Y4JgGXfrr/view?usp=drivesdk,A chunky item distinguishable by its beige hue and round form.,198.8,Yellow,Winter,Mild,Irregular,potato,2511
IMG_1109_aug2.jpg,https://drive.google.com/file/d/1orgk89cO6n731KUkOWAY_WOHVit4b_h_/view?usp=drivesdk,A chunky round sample with a uneven beige surface.,168.4,Yellow,Year Round,Starchy,Round,potato,2512
IMG_9541_aug3.jpg,https://drive.google.com/file/d/1E8oD1VtToEBIoOsTYWL3egXqgOBthevd/view?usp=drivesdk,An organic item that feels bumpy to the touch and looks oval.,391.7,Yellow,Winter,Starchy,Flattened,potato,2513
IMG_9541_aug1.jpg,https://drive.google.com/file/d/1LpnnlEp3LBYFpVVdxD9j9BhA-bS5NJVs/view?usp=drivesdk,A medium spherical produce with a pitted beige surface.,279.7,Yellow,Winter,Starchy,Irregular,potato,2514
IMG_9541_aug2.jpg,https://drive.google.com/file/d/1crZBsZWNTTpQBYs2V0vvvUyt7kLEPGY_/view?usp=drivesdk,This organic matter is elongated and features a matte appearance.,244.6,Brown,Winter,Savory,Asymmetric,potato,2515
IMG_1041_aug1.jpg,https://drive.google.com/file/d/1ZjvlBjVBy7YmxL-jS6YIOEiclSYYqVQb/view?usp=drivesdk,This object is round and features a rough appearance.,337.8,Brown,Autumn,Mild,Asymmetric,potato,2516
IMG_1041_aug3.jpg,https://drive.google.com/file/d/1clK2MHflgY3S4oJpg_n4Vks25JzVCaw3/view?usp=drivesdk,An organic object that feels dusty to the touch and looks orb-like.,244.5,Yellow,Year Round,Starchy,Curved,potato,2517
IMG_1041_aug2.jpg,https://drive.google.com/file/d/1epEQoaAznEbA4LvNwDVwykk3G0dbfEkH/view?usp=drivesdk,A chunky specimen distinguishable by its beige hue and oblong form.,265.2,Yellow,Autumn,Starchy,Globular,potato,2518
IMG_0808_aug3.jpg,https://drive.google.com/file/d/1-UgRNBQxmD0TGp6JZ1-7qa1GWMQd8Z3x/view?usp=drivesdk,An organic sample that feels pitted to the touch and looks oval.,135.5,Brown,Year Round,Starchy,Irregular,potato,2519
IMG_0808_aug2.jpg,https://drive.google.com/file/d/1COpk2L8Ov1H8enPrZ2HIefSV6VuFoB3h/view?usp=drivesdk,A variable produce distinguishable by its earthy hue and lengthy form.,223.4,Yellow,Year Round,Starchy,Irregular,potato,2520
IMG_0808_aug1.jpg,https://drive.google.com/file/d/1JnHGqVO_y7QVNPIxTKLGj1rS4OjMcjJc/view?usp=drivesdk,An organic organic matter that feels rough to the touch and looks lengthy.,290.3,Green,Year Round,Savory,Round,potato,2521
IMG_1055_aug1.jpg,https://drive.google.com/file/d/1bOh0Zlgb-H6eH537OB03wbaoaLTtsdw-/view?usp=drivesdk,An organic object that feels matte to the touch and looks globe-shaped.,212.6,Yellow,Autumn,Mild,Flattened,potato,2522
IMG_1055_aug3.jpg,https://drive.google.com/file/d/1cDSrOuwqEKV81PY4JF4bF5hNb2NRNDbB/view?usp=drivesdk,A chunky curved specimen with a dusty beige surface.,197.8,Brown,Winter,Mild,Asymmetric,potato,2523
IMG_1055_aug2.jpg,https://drive.google.com/file/d/1uSsh3x8EvjTc2NK6GNWzzZESORI67RQs/view?usp=drivesdk,This specimen is oblong and features a textured appearance.,246.6,Brown,Autumn,Savory,Cylindrical,potato,2524
IMG_1054_aug1.jpg,https://drive.google.com/file/d/1GeJ64_AwwwWRbVpzGlkIiqayg4rlOeMu/view?usp=drivesdk,A chunky orb-like sample with a dusty pale surface.,149.4,Brown,Autumn,Earthy,Oval,potato,2525
IMG_1054_aug2.jpg,https://drive.google.com/file/d/1PR6UjoloNzs9E7nO_CEZfcl6ledL-Rxa/view?usp=drivesdk,A medium sample distinguishable by its earthy hue and curved form.,114.4,Brown,Year Round,Mild,Cylindrical,potato,2526
IMG_1054_aug3.jpg,https://drive.google.com/file/d/1amuPsOloVfLRZmV4lKkFT-CK27FoKGdi/view?usp=drivesdk,A pale organic matter with a round silhouette.,228.3,Yellow,Year Round,Savory,Round,potato,2527
IMG_0809_aug3.jpg,https://drive.google.com/file/d/1iYRl2IWgUZ4NVWadoisdmXxhYC_1KREx/view?usp=drivesdk,A chunky curved item with a textured brownish surface.,181.1,Brown,Year Round,Mild,Long,potato,2528
IMG_0809_aug1.jpg,https://drive.google.com/file/d/1t6P8RQQfQ9hpjXBEaj9ZJ4XFKxsFZ6o_/view?usp=drivesdk,This specimen is round and features a textured appearance.,251.7,Yellow,Year Round,Earthy,Long,potato,2529
IMG_0809_aug2.jpg,https://drive.google.com/file/d/1tR8gHlrHAiI-52Hpy_I0lnhlpaGJFcGd/view?usp=drivesdk,This object is elongated and features a textured appearance.,295.2,Yellow,Year Round,Earthy,Flattened,potato,2530
IMG_9554_aug3.jpg,https://drive.google.com/file/d/1by_ta71G5o7tyC_rYMtv2bRjtrDXRcI5/view?usp=drivesdk,An organic sample that feels pitted to the touch and looks circular.,305.5,Yellow,Winter,Savory,Long,potato,2531
IMG_9554_aug2.jpg,https://drive.google.com/file/d/1dcaw-f_L89R0ecZJ-h7qhE_faPwdXYlN/view?usp=drivesdk,A variable orb-like specimen with a rough earthy surface.,190.9,Yellow,Winter,Earthy,Irregular,potato,2532
IMG_9554_aug1.jpg,https://drive.google.com/file/d/1tu1LymtDMXjrrLkgCyHd80sED4YnKx7H/view?usp=drivesdk,A earthy sample with a curved silhouette.,238.2,Yellow,Autumn,Savory,Flattened,potato,2533
ComfyUI_00391_.png,https://drive.google.com/file/d/10nkE_7aPTy5c7_f1AwARcKZc5-D4f9qV/view?usp=drivesdk,A beige sample with a round silhouette.,105.3,Red,Year Round,Juicy,Round,onion,2534
ComfyUI_00394_.png,https://drive.google.com/file/d/1Lt7krDLNCZp6KzbyCJV6e4ElTsD5CW-m/view?usp=drivesdk,This object is circular and features a glossy appearance.,144.1,Red,Summer,Sharp,Cylindrical,onion,2535
ComfyUI_00398_.png,https://drive.google.com/file/d/1gCw45_WYihOW027NcLVKlbsBmewOlkir/view?usp=drivesdk,An organic specimen that feels glossy to the touch and looks spherical.,131.5,Red,Year Round,Earthy,Asymmetric,onion,2536
ComfyUI_00395_.png,https://drive.google.com/file/d/1pxCHRuZ3H9hbnQtOUMyW46QySPjLW63o/view?usp=drivesdk,This sample is orb-like and features a shiny appearance.,130.7,Red,Year Round,Earthy,Oval,onion,2537
ComfyUI_00397_.png,https://drive.google.com/file/d/1rYwtwkn0usYgmOIvcd3LOxjqHHuKpWgC/view?usp=drivesdk,A pale specimen with a orb-like silhouette.,124.2,Red,Summer,Savory,Oval,onion,2538
ComfyUI_00387_.png,https://drive.google.com/file/d/1Bg5pxJYPCJHfZA06SW97BKhOyo9iClh1/view?usp=drivesdk,A medium circular object with a layered brownish surface.,209.3,Red,Summer,Mild,Irregular,onion,2539
ComfyUI_00383_.png,https://drive.google.com/file/d/1Q3C-wjmDT8ObwIPihHcdHMC-Iv1HpK0F/view?usp=drivesdk,This produce is circular and features a thin appearance.,164.1,Red,Autumn,Sharp,Irregular,onion,2540
ComfyUI_00389_.png,https://drive.google.com/file/d/1UuFYViV_dYnocmmB3RaWCJQPhJ81NQBR/view?usp=drivesdk,An organic produce that feels smooth to the touch and looks globe-shaped.,163.4,Red,Spring,Sharp,Flattened,onion,2541
ComfyUI_00381_.png,https://drive.google.com/file/d/1Xaj7VavTB4cuLwZR8LtwHziDwhnk-Odj/view?usp=drivesdk,A small spherical sample with a shiny earthy surface.,146.7,Red,Spring,Earthy,Round,onion,2542
ComfyUI_00385_.png,https://drive.google.com/file/d/1_X7u5yoYh2-eH86hjvhWtDUUPqF3YYdC/view?usp=drivesdk,A small spherical organic matter with a shiny earthy surface.,119.1,Yellow,Summer,Juicy,Globular,onion,2543
ComfyUI_00378_.png,https://drive.google.com/file/d/1w861s_s73ZSvGBPXLapEl1GQPvNDG440/view?usp=drivesdk,A small spherical sample with a layered pale surface.,156.4,Red,Spring,Savory,Conical,onion,2544
ComfyUI_00384_.png,https://drive.google.com/file/d/1zhOi_kzSiXsVosyhFKiRv4E4OOT34tt1/view?usp=drivesdk,An organic object that feels papery to the touch and looks globe-shaped.,221.3,Red,Year Round,Sharp,Globular,onion,2545
ComfyUI_00370_.png,https://drive.google.com/file/d/15PkUZp-LOMz8LYBFB-KKrU6UtBFBR_pD/view?usp=drivesdk,An organic specimen that feels flaky to the touch and looks globe-shaped.,221.4,Yellow,Year Round,Crisp,Globular,onion,2546
ComfyUI_00369_.png,https://drive.google.com/file/d/1T6p0rLMGbVmcmKlL29Em_xo-VQsrhogK/view?usp=drivesdk,A medium item distinguishable by its tan hue and circular form.,148.5,Red,Spring,Savory,Long,onion,2547
ComfyUI_00361_.png,https://drive.google.com/file/d/1Tu48ypIkTG6IxjXD8FVjMmD73jBz3c6W/view?usp=drivesdk,An organic item that feels shiny to the touch and looks round.,135.4,Red,Spring,Crisp,Asymmetric,onion,2548
ComfyUI_00366_.png,https://drive.google.com/file/d/1UTX_pDiBjWmaXOnahqLOJMOq1lrAnq6v/view?usp=drivesdk,A brownish organic matter with a orb-like silhouette.,173.8,Red,Spring,Earthy,Conical,onion,2549
ComfyUI_00367_.png,https://drive.google.com/file/d/1YM2w8lLB_8Lq0QjLXpVGX3ATBX3mFdtm/view?usp=drivesdk,An organic produce that feels dry to the touch and looks circular.,197.8,Orange,Autumn,Juicy,Irregular,onion,2550
ComfyUI_00362_.png,https://drive.google.com/file/d/1apLrznn2-q2StQvI7iT6vtcfOIPJE9Bj/view?usp=drivesdk,This item is globe-shaped and features a flaky appearance.,118.9,Orange,Spring,Savory,Globular,onion,2551
ComfyUI_00374_.png,https://drive.google.com/file/d/1lE3YdN9aX0Fn84nN0sZ7iZAaqmu_HUTQ/view?usp=drivesdk,An organic item that feels thin to the touch and looks orb-like.,225.5,White/Pale,Year Round,Savory,Asymmetric,onion,2552
ComfyUI_00373_.png,https://drive.google.com/file/d/1ygKIYmCbigy6-F-Tvo6uwxHjkYcgvU9i/view?usp=drivesdk,An organic object that feels flaky to the touch and looks round.,172,Red,Autumn,Juicy,Conical,onion,2553
ComfyUI_00364_.png,https://drive.google.com/file/d/1zww3s16qUx8W5dyjZ0eAUAFsZDE1wXKN/view?usp=drivesdk,A small orb-like object with a layered beige surface.,106.8,Orange,Summer,Savory,Irregular,onion,2554
ComfyUI_00358_.png,https://drive.google.com/file/d/1-wAjxV69Dlfe1Zd44gNsvX8_kqHMBmQv/view?usp=drivesdk,A small globe-shaped specimen with a layered tan surface.,99.3,Orange,Summer,Sharp,Conical,onion,2555
ComfyUI_00353_.png,https://drive.google.com/file/d/15rgc0AZFyaZwrAeoeUJgJVVUNaGzANMw/view?usp=drivesdk,A earthy specimen with a circular silhouette.,171.8,Red,Spring,Mild,Oval,onion,2556
ComfyUI_00356_.png,https://drive.google.com/file/d/1BA-GBVKwGzKJumkSq9uaidMWg3qEFTXs/view?usp=drivesdk,A beige object with a spherical silhouette.,109.2,Red,Spring,Savory,Irregular,onion,2557
ComfyUI_00357_.png,https://drive.google.com/file/d/1bvRRRn531o_NZ_mOvGbJcrLcbZyuBO0E/view?usp=drivesdk,A small organic matter distinguishable by its pale hue and orb-like form.,283.3,Orange,Year Round,Savory,Oval,onion,2558
ComfyUI_00355_.png,https://drive.google.com/file/d/1prNb_a4UkVeJnfFsRV_klSVcht1CQmDM/view?usp=drivesdk,A small produce distinguishable by its brownish hue and circular form.,143.4,Red,Autumn,Crisp,Oval,onion,2559
ComfyUI_00348_.png,https://drive.google.com/file/d/13do6mb3IszwYZu6Bp3JR-37TaQGv3Cpz/view?usp=drivesdk,A purple specimen with a globe-shaped silhouette.,210.8,Orange,Summer,Earthy,Asymmetric,onion,2560
ComfyUI_00350_.png,https://drive.google.com/file/d/1Ds3OtqTyDeKLM94DYqbQRrwdBjW2jZkv/view?usp=drivesdk,A beige item with a spherical silhouette.,247.9,Orange,Autumn,Crisp,Irregular,onion,2561
ComfyUI_00347_.png,https://drive.google.com/file/d/1RqYGv13ZvA5gPIsUP4F2Di6QhBFGwN9A/view?usp=drivesdk,An organic sample that feels sleek to the touch and looks round.,93.9,Red,Summer,Savory,Long,onion,2562
ComfyUI_00346_.png,https://drive.google.com/file/d/1iG1bMsBEN04tHGHaK4AvGeYcaarirGPQ/view?usp=drivesdk,An organic item that feels polished to the touch and looks globe-shaped.,177.9,Red,Year Round,Earthy,Cylindrical,onion,2563
ComfyUI_00352_.png,https://drive.google.com/file/d/1rf2Uhr-DbqcEr26BnmZLDtgpfxjeE3cl/view?usp=drivesdk,A small orb-like sample with a polished purple surface.,230.6,Orange,Autumn,Earthy,Globular,onion,2564
ComfyUI_00351_.png,https://drive.google.com/file/d/1y4R9ZtI2RXdpYtq7x1iWEIZpHKaVANx0/view?usp=drivesdk,A pale sample with a circular silhouette.,147.4,Brown,Spring,Juicy,Oval,onion,2565
ComfyUI_00332_.png,https://drive.google.com/file/d/1-oFvXkAEZSqgPVlSdP0OBUVZHJ58bvbe/view?usp=drivesdk,This organic matter is spherical and features a sleek appearance.,181.4,Orange,Autumn,Juicy,Round,onion,2566
ComfyUI_00336_.png,https://drive.google.com/file/d/102szF8gNVCNUf5oCsXXmvNn43JoW6lNH/view?usp=drivesdk,This object is round and features a polished appearance.,115.8,Orange,Year Round,Mild,Asymmetric,onion,2567
ComfyUI_00339_.png,https://drive.google.com/file/d/12ECFCsG8RF-qfPyY687mkkVZfp-Hroxg/view?usp=drivesdk,A small spherical item with a dry earthy surface.,279.2,Brown,Year Round,Sharp,Cylindrical,onion,2568
ComfyUI_00345_.png,https://drive.google.com/file/d/15qjGVW5gsU4qxXbOkheldsF9EtA0RVHm/view?usp=drivesdk,An organic item that feels glossy to the touch and looks orb-like.,226.6,Orange,Year Round,Earthy,Globular,onion,2569
ComfyUI_00344_.png,https://drive.google.com/file/d/19sCofPai8bm075yyABXyUJdMoXNLTzdS/view?usp=drivesdk,This object is circular and features a polished appearance.,208.7,Red,Summer,Juicy,Cylindrical,onion,2570
ComfyUI_00333_.png,https://drive.google.com/file/d/1L-Tpv4UtbvqPNp0LMgFf15DPM0S1tgII/view?usp=drivesdk,This object is round and features a smooth appearance.,219.5,Orange,Autumn,Savory,Round,onion,2571
ComfyUI_00335_.png,https://drive.google.com/file/d/1ao1CkAQk1_BsQfMWZwfP2nMERCPNvXbr/view?usp=drivesdk,A brownish item with a orb-like silhouette.,188.6,Red,Autumn,Crisp,Oval,onion,2572
ComfyUI_00338_.png,https://drive.google.com/file/d/1eRBSz-yOkWD603syevmqsmS3279qQxVS/view?usp=drivesdk,A brownish sample with a circular silhouette.,169.1,Orange,Year Round,Savory,Cylindrical,onion,2573
ComfyUI_00341_.png,https://drive.google.com/file/d/1goC1qDiqHZOy14_RoBTfRqxNtKJCQ40N/view?usp=drivesdk,A tan item with a spherical silhouette.,171.8,Orange,Spring,Earthy,Round,onion,2574
ComfyUI_00343_.png,https://drive.google.com/file/d/1konPYrXKZTx7Rx2b6Vc-48Q7qeeoeez_/view?usp=drivesdk,A medium orb-like sample with a polished earthy surface.,175.7,Orange,Autumn,Juicy,Cylindrical,onion,2575
ComfyUI_00337_.png,https://drive.google.com/file/d/1zMAKvZeRIPN2XKtIwUkMuvPE002MCgFS/view?usp=drivesdk,This sample is orb-like and features a shiny appearance.,189.5,Orange,Summer,Crisp,Cylindrical,onion,2576
ComfyUI_00321_.png,https://drive.google.com/file/d/182Djzlxtkj59WtTcRazYboJAR4P1VR4p/view?usp=drivesdk,An organic specimen that feels sleek to the touch and looks globe-shaped.,173.1,Orange,Summer,Mild,Irregular,onion,2577
ComfyUI_00324_.png,https://drive.google.com/file/d/194HOSqSKStf9yiB34mHNDdr_HAOgRLi7/view?usp=drivesdk,A medium sample distinguishable by its tan hue and circular form.,110.4,Orange,Summer,Crisp,Long,onion,2578
ComfyUI_00328_.png,https://drive.google.com/file/d/1A-TZLj4BOss8R81gFWgnBWG-xXIqBW71/view?usp=drivesdk,A tan item with a round silhouette.,204.1,Orange,Summer,Savory,Oval,onion,2579
ComfyUI_00315_.png,https://drive.google.com/file/d/1Qid9r5KcBSxwXsf8RJp1XQPCq8OpTIvx/view?usp=drivesdk,A medium globe-shaped produce with a shiny pale surface.,186.5,Orange,Autumn,Earthy,Oval,onion,2580
ComfyUI_00325_.png,https://drive.google.com/file/d/1eXPT8cKF1uVXsbitHBIdTH8cnRA4-MkD/view?usp=drivesdk,An organic produce that feels dry to the touch and looks spherical.,203.5,Orange,Summer,Mild,Irregular,onion,2581
ComfyUI_00327_.png,https://drive.google.com/file/d/1fe_iFB6sv0TpZM03i6r4JbTzmYe-o6xf/view?usp=drivesdk,A white organic matter with a circular silhouette.,111.1,Orange,Spring,Sharp,Flattened,onion,2582
ComfyUI_00319_.png,https://drive.google.com/file/d/1mT7EgrnJ432hs8JzZzdX-zm-AVgk5XBm/view?usp=drivesdk,A tan item with a circular silhouette.,147.4,Orange,Spring,Sharp,Conical,onion,2583
ComfyUI_00329_.png,https://drive.google.com/file/d/1nCfsfChuzgoocONnbzbRHYWEaGTXPcHV/view?usp=drivesdk,This organic matter is circular and features a layered appearance.,87.3,Orange,Autumn,Juicy,Oval,onion,2584
ComfyUI_00320_.png,https://drive.google.com/file/d/1ntWL8FPz-g7uqsqc2-VFWwsaSosFXJrC/view?usp=drivesdk,This sample is spherical and features a shiny appearance.,139.9,Orange,Autumn,Mild,Long,onion,2585
ComfyUI_00322_.png,https://drive.google.com/file/d/1uc50hfZAv8mXw314hBcIQlerP4Tku_-6/view?usp=drivesdk,A pale organic matter with a circular silhouette.,148.5,Red,Year Round,Juicy,Irregular,onion,2586
ComfyUI_00326_.png,https://drive.google.com/file/d/1xAx16rgVMcYqvElC9fKSrZEWl8Ggbo2c/view?usp=drivesdk,A medium sample distinguishable by its white hue and round form.,178.8,Orange,Spring,Sharp,Globular,onion,2587
ComfyUI_00323_.png,https://drive.google.com/file/d/1yQty9TVUShpv6HENBs-R6R6wd-0DCWTF/view?usp=drivesdk,A medium object distinguishable by its beige hue and round form.,164.7,Red,Summer,Sharp,Irregular,onion,2588
ComfyUI_00312_.png,https://drive.google.com/file/d/1Owp7etZ_T-Ms1ao3hj3toVOGnr0b0ML5/view?usp=drivesdk,A beige object with a orb-like silhouette.,115.3,Orange,Spring,Sharp,Long,onion,2589
ComfyUI_00307_.png,https://drive.google.com/file/d/1PZj7QkJtmNZ_UqjwoxrvEMIIvf451jT1/view?usp=drivesdk,A tan organic matter with a orb-like silhouette.,140.1,Orange,Year Round,Crisp,Long,onion,2590
ComfyUI_00308_.png,https://drive.google.com/file/d/1Y277ckwy4jo4awPoVrlG5CRVWNaXMcbF/view?usp=drivesdk,An organic item that feels thin to the touch and looks spherical.,205.3,Orange,Summer,Juicy,Asymmetric,onion,2591
ComfyUI_00309_.png,https://drive.google.com/file/d/1fYOmT2-aK33mZpfDxkdlLwD9EwbcBoNn/view?usp=drivesdk,This organic matter is globe-shaped and features a thin appearance.,154,Orange,Summer,Crisp,Flattened,onion,2592
ComfyUI_00311_.png,https://drive.google.com/file/d/1f_JVj4sK5CmOUQfNEsF2z55s0rNtSpU8/view?usp=drivesdk,A small organic matter distinguishable by its pale hue and orb-like form.,160.9,Red,Autumn,Savory,Flattened,onion,2593
ComfyUI_00310_.png,https://drive.google.com/file/d/1q7Dycav_lQjYoZHrrogRE2t-LJRm5Wwj/view?usp=drivesdk,This specimen is orb-like and features a papery appearance.,110.2,Orange,Autumn,Earthy,Oval,onion,2594
onion_generated_215.jpg,https://drive.google.com/file/d/1kK-_vSgY-NK_pIUT7N8AhSwrUc1jfwDQ/view?usp=drivesdk,This sample is spherical and features a polished appearance.,184.4,Orange,Autumn,Mild,Conical,onion,2595
onion_generated_214.jpg,https://drive.google.com/file/d/15pI4AAlbFHms3nlc1KNriAX8ZRP6f5RO/view?usp=drivesdk,An organic item that feels shiny to the touch and looks globe-shaped.,164.1,Yellow,Spring,Savory,Long,onion,2596
onion_generated_213.jpg,https://drive.google.com/file/d/1skK2Iupo-F1qph1d4VENnTvbojzFERia/view?usp=drivesdk,A medium specimen distinguishable by its pale hue and globe-shaped form.,181.9,Orange,Autumn,Crisp,Cylindrical,onion,2597
onion_generated_211.jpg,https://drive.google.com/file/d/1a-6Lb8Y5EPBYcR-lxLcXW8bXhnINaFnC/view?usp=drivesdk,A brownish item with a spherical silhouette.,237.6,Red,Autumn,Sharp,Irregular,onion,2598
onion_generated_209.jpg,https://drive.google.com/file/d/1uEAILx5xkrbyngxp0dDmXGUj64wlYQ3y/view?usp=drivesdk,A medium orb-like specimen with a papery earthy surface.,209.9,Yellow,Year Round,Sharp,Globular,onion,2599
onion_generated_208.jpg,https://drive.google.com/file/d/1vjiPlDI6jeMkJPEIMaj--6whjUBuE5hT/view?usp=drivesdk,A medium spherical produce with a glossy tan surface.,165,Orange,Autumn,Mild,Long,onion,2600
onion_generated_207.jpg,https://drive.google.com/file/d/1c-OfuXm7Jk_oXKeygf98IXbZERXWRAEK/view?usp=drivesdk,A small circular produce with a glossy brownish surface.,153.2,Orange,Year Round,Sharp,Globular,onion,2601
onion_generated_205.jpg,https://drive.google.com/file/d/1qEdxAgHDRGBxeZ7HMYcnJdF6cM9mB83T/view?usp=drivesdk,An organic specimen that feels smooth to the touch and looks round.,149.1,Orange,Year Round,Savory,Flattened,onion,2602
onion_generated_204.jpg,https://drive.google.com/file/d/1_KR_3yqBJXeyWSXPuejgnfxG_dv-S3WB/view?usp=drivesdk,A small orb-like specimen with a layered brownish surface.,230.2,Yellow,Year Round,Mild,Flattened,onion,2603
onion_generated_203.jpg,https://drive.google.com/file/d/1zurJA7R1utXhiXSQeYku0zecFwitZo5v/view?usp=drivesdk,A medium orb-like object with a smooth brownish surface.,78.2,Orange,Summer,Crisp,Oval,onion,2604
onion_generated_202.jpg,https://drive.google.com/file/d/1ovf8wG56ZPgvL4UYLZMu7fbQRdwyFVIi/view?usp=drivesdk,This specimen is circular and features a thin appearance.,242.1,Red,Spring,Savory,Cylindrical,onion,2605
onion_generated_201.jpg,https://drive.google.com/file/d/12b0rAcqE3JunQUmuKmRSAj4breuV32pE/view?usp=drivesdk,A medium round organic matter with a smooth beige surface.,175.8,Yellow,Autumn,Crisp,Long,onion,2606
onion_generated_199.jpg,https://drive.google.com/file/d/1kr-Un9Zt8chTXw3acDBuE5S3BjgS9zzz/view?usp=drivesdk,An organic item that feels smooth to the touch and looks circular.,209.7,Orange,Summer,Mild,Long,onion,2607
onion_generated_198.jpg,https://drive.google.com/file/d/1jOPFqQSQiN3e_EacIsG_Nk74Grf4lStb/view?usp=drivesdk,A tan specimen with a spherical silhouette.,142.1,Orange,Year Round,Mild,Round,onion,2608
onion_generated_197.jpg,https://drive.google.com/file/d/1Dhy6Qeymcpfwe5hawllx8X8H-ZUwqBDx/view?usp=drivesdk,A medium sample distinguishable by its beige hue and circular form.,120.5,Orange,Summer,Sharp,Irregular,onion,2609
onion_generated_196.jpg,https://drive.google.com/file/d/1D-68EpiRqm_xnFX5LfWnHj4ayvNFwz7U/view?usp=drivesdk,A brownish produce with a globe-shaped silhouette.,290.1,Yellow,Spring,Earthy,Irregular,onion,2610
onion_generated_194.jpg,https://drive.google.com/file/d/1zlyeAK_Nh_y0pgMhrg5hXYlGOF-zO9wr/view?usp=drivesdk,A small round sample with a dry beige surface.,164.8,Orange,Summer,Mild,Long,onion,2611
onion_generated_193.jpg,https://drive.google.com/file/d/1d4hIOdWELFQDHDnvtUUEz9O4sz8lgoqw/view?usp=drivesdk,This produce is globe-shaped and features a thin appearance.,127,Yellow,Spring,Savory,Long,onion,2612
onion_generated_192.jpg,https://drive.google.com/file/d/1x3NQlsfD_JgUHUcoNkOLBfyjLcf0uM62/view?usp=drivesdk,This produce is spherical and features a layered appearance.,134.4,Yellow,Spring,Savory,Asymmetric,onion,2613
onion_generated_191.jpg,https://drive.google.com/file/d/1ykoEnYBfsIdTqeWHZ8s_3pR_H8opcg4e/view?usp=drivesdk,A medium spherical sample with a shiny white surface.,220.9,Yellow,Year Round,Sharp,Irregular,onion,2614
onion_generated_190.jpg,https://drive.google.com/file/d/1CiR5YzHWebOziI9yxITABysRY55MsEGK/view?usp=drivesdk,A small round produce with a dry pale surface.,193.8,Orange,Year Round,Sharp,Conical,onion,2615
onion_generated_189.jpg,https://drive.google.com/file/d/1vxdlLWhZvLWX9zdsqWIob8TPVWCBoZZx/view?usp=drivesdk,A medium circular item with a smooth earthy surface.,193.5,Orange,Year Round,Savory,Globular,onion,2616
onion_generated_188.jpg,https://drive.google.com/file/d/1rWSDEB-f9RAUgu-6ha3uOfp_q1XNmydF/view?usp=drivesdk,This sample is round and features a flaky appearance.,150.5,Yellow,Year Round,Juicy,Irregular,onion,2617
onion_generated_187.jpg,https://drive.google.com/file/d/1IYlXAYZFTn2BTMWCZPoUsJOq9wYVSkWk/view?usp=drivesdk,A white specimen with a spherical silhouette.,165.5,Yellow,Autumn,Mild,Flattened,onion,2618
onion_generated_186.jpg,https://drive.google.com/file/d/14J69knBakF2xaRs2VxIwIhvETkgkmHRa/view?usp=drivesdk,A white produce with a orb-like silhouette.,166.4,Orange,Spring,Sharp,Asymmetric,onion,2619
onion_generated_184.jpg,https://drive.google.com/file/d/1HIpyH5C8pQrQqDI7eFfcTacZSbqmFTJl/view?usp=drivesdk,A small organic matter distinguishable by its pale hue and circular form.,125.2,Purple,Summer,Juicy,Conical,onion,2620
onion_generated_182.jpg,https://drive.google.com/file/d/1K01vvUUFT93BRujBCqzpdtx-ZUDDgQt0/view?usp=drivesdk,A medium produce distinguishable by its purple hue and circular form.,156.2,Yellow,Spring,Juicy,Conical,onion,2621
onion_generated_181.jpg,https://drive.google.com/file/d/11zVrN2OsOIUH6gZ4gK_bgD85_s91-M3v/view?usp=drivesdk,This object is orb-like and features a glossy appearance.,133.7,Orange,Autumn,Mild,Conical,onion,2622
onion_generated_180.jpg,https://drive.google.com/file/d/1-GyNXv3YXQlX2p5O7U1nNMO5FBVGZP0v/view?usp=drivesdk,A medium round item with a sleek pale surface.,174.2,Orange,Summer,Earthy,Globular,onion,2623
onion_generated_179.jpg,https://drive.google.com/file/d/1e6bvu7elX9MTWkfGyvbvxWoMSuNvLqTi/view?usp=drivesdk,A medium globe-shaped organic matter with a smooth pale surface.,144.5,Red,Summer,Earthy,Oval,onion,2624
onion_generated_178.jpg,https://drive.google.com/file/d/1NxFJG4D3UaqzWBBLEUQvFpeZRaZCXSFh/view?usp=drivesdk,A small produce distinguishable by its white hue and round form.,178.8,Yellow,Spring,Mild,Flattened,onion,2625
onion_generated_177.jpg,https://drive.google.com/file/d/1HFLZdlYB3pdtYw2e4Osv1j7KhuOkurg3/view?usp=drivesdk,This organic matter is spherical and features a layered appearance.,134.8,Yellow,Summer,Crisp,Oval,onion,2626
onion_generated_175.jpg,https://drive.google.com/file/d/1qjgS1L_hx0fGvWl9qremlEZH8QWimxU0/view?usp=drivesdk,A medium spherical specimen with a flaky tan surface.,218,Orange,Year Round,Earthy,Long,onion,2627
onion_generated_173.jpg,https://drive.google.com/file/d/15Z3VUJNSjAWl4VyIXnC1hmzKkzXYITyv/view?usp=drivesdk,An organic organic matter that feels polished to the touch and looks orb-like.,241.9,Orange,Year Round,Mild,Round,onion,2628
onion_generated_172.jpg,https://drive.google.com/file/d/1RpgtNh2xhAuWipMYD0niPnYwUZfvvk46/view?usp=drivesdk,A small round item with a shiny tan surface.,164.7,Orange,Autumn,Earthy,Oval,onion,2629
onion_generated_171.jpg,https://drive.google.com/file/d/1yuJ4BNO-z4MD4UG0mAGiOnvFXSQPV_Wk/view?usp=drivesdk,A small round item with a layered beige surface.,166,Red,Year Round,Mild,Oval,onion,2630
onion_generated_170.jpg,https://drive.google.com/file/d/1dGntG3gYcMqQn6LhFrvPgBkCfEQJRzB5/view?usp=drivesdk,A medium item distinguishable by its earthy hue and orb-like form.,241,Yellow,Year Round,Crisp,Irregular,onion,2631
onion_generated_169.jpg,https://drive.google.com/file/d/1aBQtt4ltUx1dk23dkiwBxXjmk_mrIwAY/view?usp=drivesdk,A earthy produce with a round silhouette.,143.4,Purple,Year Round,Savory,Flattened,onion,2632
onion_generated_167.jpg,https://drive.google.com/file/d/1SbNOBm8V10ALO0pD-p591n2mcGEVwKpP/view?usp=drivesdk,A brownish item with a circular silhouette.,215.8,Yellow,Spring,Earthy,Cylindrical,onion,2633
onion_generated_166.jpg,https://drive.google.com/file/d/1Xq-khYIkFJ_Ectwif2PGUlJ03aF_DWBi/view?usp=drivesdk,A small orb-like produce with a layered purple surface.,102,Purple,Year Round,Juicy,Flattened,onion,2634
onion_generated_165.jpg,https://drive.google.com/file/d/1CbAVKE3ke2VlW5nBRNotzFno4oBsXz2m/view?usp=drivesdk,A earthy item with a spherical silhouette.,162.9,Orange,Spring,Mild,Round,onion,2635
onion_generated_164.jpg,https://drive.google.com/file/d/1CYNY0h0J5NXmx-7hsunuzozxB9CR3q5j/view?usp=drivesdk,This produce is circular and features a dry appearance.,144.4,Yellow,Autumn,Sharp,Oval,onion,2636
onion_generated_163.jpg,https://drive.google.com/file/d/1dU00Kr1honpbq4HXrnHy-SKnxgKrslYj/view?usp=drivesdk,This organic matter is round and features a dry appearance.,83.7,Yellow,Year Round,Sharp,Conical,onion,2637
onion_generated_162.jpg,https://drive.google.com/file/d/1mwLM5FjpEY-AV9y-4QGSkHgEhFJ6BYJn/view?usp=drivesdk,A medium round sample with a papery beige surface.,207.4,Orange,Summer,Savory,Flattened,onion,2638
onion_generated_161.jpg,https://drive.google.com/file/d/15ZF_h4-iT9rrtf4bvr0TSG_Jjs3Hm_dP/view?usp=drivesdk,A tan object with a round silhouette.,102,Red,Spring,Sharp,Cylindrical,onion,2639
onion_generated_160.jpg,https://drive.google.com/file/d/1_igQt6Qc-T4Sz4nUGkvwybsG6ZwkIYRQ/view?usp=drivesdk,A tan specimen with a orb-like silhouette.,119.6,Yellow,Autumn,Sharp,Long,onion,2640
onion_generated_159.jpg,https://drive.google.com/file/d/14rUHfrlE9GVpD4GoY5kDgVO_cqDEPzwC/view?usp=drivesdk,This specimen is round and features a smooth appearance.,232.6,Purple,Year Round,Crisp,Round,onion,2641
onion_generated_158.jpg,https://drive.google.com/file/d/1woTURvWI0Ly-OcFqaswCC3Ogco9COy3Z/view?usp=drivesdk,A small sample distinguishable by its white hue and round form.,151.4,Orange,Autumn,Earthy,Asymmetric,onion,2642
onion_generated_157.jpg,https://drive.google.com/file/d/1DWiRHdwApAriEC86YKIn6U0JkfuCperc/view?usp=drivesdk,This produce is round and features a polished appearance.,122.1,Orange,Summer,Savory,Irregular,onion,2643
onion_generated_156.jpg,https://drive.google.com/file/d/1HG11BcqtJaQI89j5nHEPaTHuBHX8dGw1/view?usp=drivesdk,A small specimen distinguishable by its tan hue and globe-shaped form.,199.3,Yellow,Year Round,Earthy,Oval,onion,2644
onion_generated_155.jpg,https://drive.google.com/file/d/1mp5KWs2OMjG_eTy2H7k7e3nWLtx8BoQv/view?usp=drivesdk,A medium spherical specimen with a papery purple surface.,76.6,Orange,Spring,Earthy,Asymmetric,onion,2645
onion_generated_154.jpg,https://drive.google.com/file/d/1QBsloW8R6cJ5qLyz-bqFC-_sft760Qul/view?usp=drivesdk,A small circular specimen with a thin pale surface.,183.1,Yellow,Year Round,Crisp,Irregular,onion,2646
onion_generated_153.jpg,https://drive.google.com/file/d/18XJVXxI0GqrUStVsfir2YSSJZwwLc6PT/view?usp=drivesdk,This sample is round and features a dry appearance.,145,Orange,Year Round,Earthy,Asymmetric,onion,2647
onion_generated_152.jpg,https://drive.google.com/file/d/1HKAUNyZZRF62xqQvoOa70mkr4APztVhp/view?usp=drivesdk,A brownish sample with a spherical silhouette.,137.1,Orange,Year Round,Juicy,Conical,onion,2648
onion_generated_150.jpg,https://drive.google.com/file/d/1spXzvv5rhtSLKZvOwcCFKDJpord1QI3D/view?usp=drivesdk,An organic sample that feels sleek to the touch and looks globe-shaped.,209.9,Yellow,Year Round,Earthy,Conical,onion,2649
onion_generated_149.jpg,https://drive.google.com/file/d/1-2UdHokioQE9Ik-H-s3GvcsQtTqXrPpn/view?usp=drivesdk,An organic specimen that feels dry to the touch and looks round.,170.1,Orange,Year Round,Juicy,Irregular,onion,2650
onion_generated_147.jpg,https://drive.google.com/file/d/1lBsNnwyf_pqT4UoY8NxcZODtk57ww1xb/view?usp=drivesdk,An organic organic matter that feels smooth to the touch and looks circular.,254.7,Yellow,Year Round,Savory,Irregular,onion,2651
onion_generated_146.jpg,https://drive.google.com/file/d/1WYZChnjr6QTutsxQ6zJNK4qBZwe_8xDT/view?usp=drivesdk,A brownish produce with a spherical silhouette.,149,Yellow,Summer,Crisp,Oval,onion,2652
onion_generated_145.jpg,https://drive.google.com/file/d/19S1J20ClL1QV1nX8dBVjTE5nsOP7XiX6/view?usp=drivesdk,A medium round specimen with a smooth purple surface.,83.1,Orange,Autumn,Savory,Flattened,onion,2653
onion_generated_144.jpg,https://drive.google.com/file/d/1_Fy7pU_Odmip6OiLYgTAvn1CRSIITRnt/view?usp=drivesdk,A beige organic matter with a round silhouette.,161.8,Yellow,Year Round,Earthy,Globular,onion,2654
onion_generated_143.jpg,https://drive.google.com/file/d/1GczvYGps9JyfBWz5XxL3zU8x1os5BEIG/view?usp=drivesdk,This item is spherical and features a papery appearance.,163.9,Yellow,Year Round,Mild,Long,onion,2655
onion_generated_142.jpg,https://drive.google.com/file/d/1INqd_5zZyMiNBQKF81A3fiYVTD_QE7YX/view?usp=drivesdk,An organic produce that feels flaky to the touch and looks round.,247.1,Orange,Year Round,Juicy,Flattened,onion,2656
onion_generated_141.jpg,https://drive.google.com/file/d/1JK7RFkyNM06-TrQXvQqUmMktRuj-OvEP/view?usp=drivesdk,A small globe-shaped organic matter with a layered beige surface.,132.7,Orange,Autumn,Savory,Cylindrical,onion,2657
onion_generated_140.jpg,https://drive.google.com/file/d/1fPTlL1Um4INdrcexpPSFelD51-keedOX/view?usp=drivesdk,A medium round specimen with a thin beige surface.,193.6,Yellow,Summer,Juicy,Round,onion,2658
onion_generated_139.jpg,https://drive.google.com/file/d/1JXpRZHWuu2VmRRvE5j_aM4SB-zUkrxRl/view?usp=drivesdk,A small round organic matter with a layered purple surface.,152.6,Orange,Spring,Juicy,Irregular,onion,2659
onion_generated_138.jpg,https://drive.google.com/file/d/1Q0RZ8W6D3OyBr7S6EuQSqz7ZWu1UbIyv/view?usp=drivesdk,A earthy organic matter with a spherical silhouette.,114.5,Orange,Year Round,Crisp,Conical,onion,2660
onion_generated_137.jpg,https://drive.google.com/file/d/17ha-ek7InCttVOEgaHsxPqFrYCONTUkp/view?usp=drivesdk,This organic matter is circular and features a layered appearance.,215,Orange,Summer,Sharp,Asymmetric,onion,2661
onion_generated_135.jpg,https://drive.google.com/file/d/1WpARHUji7YJBKJJJ5W5r9inemQyOz1N4/view?usp=drivesdk,A pale sample with a spherical silhouette.,111.9,Yellow,Year Round,Savory,Cylindrical,onion,2662
onion_generated_134.jpg,https://drive.google.com/file/d/1sca_Ys-FbNMYVAZp8dud1vSQdbz4Jrtf/view?usp=drivesdk,A pale item with a circular silhouette.,141.8,Yellow,Year Round,Mild,Flattened,onion,2663
onion_generated_131.jpg,https://drive.google.com/file/d/1bZXLVfWh7FRNzGWjr-1anAsCVRqOV58C/view?usp=drivesdk,An organic item that feels glossy to the touch and looks globe-shaped.,139.1,Yellow,Summer,Earthy,Oval,onion,2664
onion_generated_130.jpg,https://drive.google.com/file/d/1osQHKHGiYFtVWtBpLSbNed2qSIzzWrjd/view?usp=drivesdk,An organic item that feels smooth to the touch and looks circular.,158.8,Orange,Summer,Juicy,Conical,onion,2665
onion_generated_129.jpg,https://drive.google.com/file/d/1wbGYtwuFy8ICcgVDHO72VMGgV9X0VBbS/view?usp=drivesdk,A medium orb-like specimen with a papery brownish surface.,193.4,Yellow,Spring,Sharp,Irregular,onion,2666
onion_generated_128.jpg,https://drive.google.com/file/d/1-qT96GY0TR1RrEURkWJK84BiBq4U1TZ_/view?usp=drivesdk,This specimen is globe-shaped and features a polished appearance.,144.3,Yellow,Year Round,Crisp,Irregular,onion,2667
onion_generated_126.jpg,https://drive.google.com/file/d/156BGmz014Zk7qb9QE4jAPHl7kEZJIN7D/view?usp=drivesdk,A medium produce distinguishable by its tan hue and round form.,190.7,Orange,Autumn,Savory,Globular,onion,2668
onion_generated_125.jpg,https://drive.google.com/file/d/1Zwy1WrA24UJvPgb9a_qpQE9wxUCNb7NP/view?usp=drivesdk,A brownish specimen with a spherical silhouette.,153.9,Orange,Spring,Mild,Long,onion,2669
onion_generated_124.jpg,https://drive.google.com/file/d/1AGIqlk5hOoX8FufqfL2fr9f-OoTScizf/view?usp=drivesdk,This organic matter is round and features a dry appearance.,158.9,Orange,Autumn,Crisp,Long,onion,2670
onion_generated_123.jpg,https://drive.google.com/file/d/1XcdD3U0NM-ermB3IEtAv1xaKoXWPQrJ8/view?usp=drivesdk,A medium produce distinguishable by its purple hue and orb-like form.,129.6,Yellow,Summer,Earthy,Flattened,onion,2671
onion_generated_121.jpg,https://drive.google.com/file/d/11mDfGWTDWDK_d8KmRb5xGeEF_nfA2nXj/view?usp=drivesdk,A brownish organic matter with a orb-like silhouette.,208.7,Yellow,Autumn,Mild,Flattened,onion,2672
onion_generated_120.jpg,https://drive.google.com/file/d/1diyadwTuO722ldr9c7tbh-EIA55vPqZs/view?usp=drivesdk,A small globe-shaped organic matter with a layered pale surface.,199.7,Yellow,Spring,Juicy,Long,onion,2673
onion_generated_118.jpg,https://drive.google.com/file/d/1HIq33ZVdIhIUc3UC2l9DGBDeNKCXtAuM/view?usp=drivesdk,A medium organic matter distinguishable by its earthy hue and round form.,279.2,Orange,Autumn,Savory,Asymmetric,onion,2674
onion_generated_117.jpg,https://drive.google.com/file/d/1oVY2JHCam8ejYX5EF15DzeC7439nPQCL/view?usp=drivesdk,A medium item distinguishable by its white hue and orb-like form.,167.3,Red,Autumn,Mild,Globular,onion,2675
onion_generated_116.jpg,https://drive.google.com/file/d/1vCWWP9vayaB-_4e9Ll76hYjBuhWK54rN/view?usp=drivesdk,An organic item that feels shiny to the touch and looks circular.,130.9,Yellow,Autumn,Savory,Flattened,onion,2676
onion_generated_115.jpg,https://drive.google.com/file/d/1TfpWbcu2FbLXHVU-4eu1Bjng14QrCE-z/view?usp=drivesdk,A medium globe-shaped sample with a smooth brownish surface.,146.8,Orange,Year Round,Mild,Cylindrical,onion,2677
onion_generated_114.jpg,https://drive.google.com/file/d/1cXBnOrfs7yZTMm1h27JZgvy0mg3YYy6A/view?usp=drivesdk,A medium specimen distinguishable by its purple hue and globe-shaped form.,160.1,Yellow,Year Round,Juicy,Oval,onion,2678
onion_generated_112.jpg,https://drive.google.com/file/d/1tyWIrN5CxyYOTWCiwgi36DTuICvXflnh/view?usp=drivesdk,An organic specimen that feels shiny to the touch and looks globe-shaped.,170.4,Orange,Summer,Crisp,Cylindrical,onion,2679
onion_generated_109.jpg,https://drive.google.com/file/d/1EwzJ_-2MtQzjlzkShkbPrbF8NJy3q3d2/view?usp=drivesdk,An organic object that feels smooth to the touch and looks round.,191.3,Yellow,Spring,Sharp,Globular,onion,2680
onion_generated_108.jpg,https://drive.google.com/file/d/1jnwzz_XRAgX-oUoqUjvCkTFooezUWbpb/view?usp=drivesdk,An organic object that feels flaky to the touch and looks round.,199.3,Orange,Year Round,Juicy,Flattened,onion,2681
onion_generated_107.jpg,https://drive.google.com/file/d/1iOkdmHB0RNd2wKKY98Kvzd8mPchKwS0y/view?usp=drivesdk,A medium spherical object with a layered tan surface.,175.8,Yellow,Autumn,Earthy,Irregular,onion,2682
onion_generated_105.jpg,https://drive.google.com/file/d/1n2NWcx5l-8kFkSV4B-d5nPcDqaypwFh7/view?usp=drivesdk,A medium circular item with a polished pale surface.,154.9,Orange,Year Round,Mild,Cylindrical,onion,2683
onion_generated_103.jpg,https://drive.google.com/file/d/11gt0c7ncxfpwnWDHrRuabvDrzqiMGXfO/view?usp=drivesdk,This produce is globe-shaped and features a flaky appearance.,213.7,Orange,Summer,Earthy,Cylindrical,onion,2684
onion_generated_102.jpg,https://drive.google.com/file/d/1QsoElKJ4PM4Lsju9B-Qe-6-iahhHeuu0/view?usp=drivesdk,A medium globe-shaped produce with a papery pale surface.,126.1,Orange,Year Round,Crisp,Asymmetric,onion,2685
onion_generated_101.jpg,https://drive.google.com/file/d/1yPDCcqtQo7TQOpUX4K0D9fwPoyNyiiW3/view?usp=drivesdk,An organic sample that feels smooth to the touch and looks orb-like.,108.8,Yellow,Year Round,Savory,Round,onion,2686
onion_generated_100.jpg,https://drive.google.com/file/d/1cA66bvckEinIG7Jk3VWkOAt3_6RqYVHB/view?usp=drivesdk,A small object distinguishable by its pale hue and spherical form.,204.1,Yellow,Autumn,Juicy,Globular,onion,2687
onion_generated_99.jpg,https://drive.google.com/file/d/1cflfrRkoVPvmfcaet6McwbCdT-LAs4bX/view?usp=drivesdk,This item is globe-shaped and features a layered appearance.,136.2,Orange,Spring,Earthy,Round,onion,2688
onion_generated_98.jpg,https://drive.google.com/file/d/1mHbUcoUTK4DtojAV2HATPRt9JcAYYsHX/view?usp=drivesdk,A medium circular organic matter with a papery earthy surface.,213.8,Yellow,Spring,Juicy,Flattened,onion,2689
onion_generated_97.jpg,https://drive.google.com/file/d/1jJHOmmMxE-cCUAhuReXLi-3Zw2PtIP8g/view?usp=drivesdk,A tan object with a circular silhouette.,172.2,Orange,Autumn,Juicy,Flattened,onion,2690
onion_generated_96.jpg,https://drive.google.com/file/d/1Fl_6zSf7OhPYH8LjP3eLylQ_B6uMzHaG/view?usp=drivesdk,A purple produce with a circular silhouette.,207.1,Yellow,Summer,Earthy,Asymmetric,onion,2691
onion_generated_95.jpg,https://drive.google.com/file/d/1_nzU-sm9ung2Uunol5fwaT2d_jL_3Hms/view?usp=drivesdk,This produce is round and features a smooth appearance.,173.9,Yellow,Spring,Juicy,Conical,onion,2692
onion_generated_93.jpg,https://drive.google.com/file/d/1RYrai9ZmEMncwKc_oUxwnXgDdNkpzNRX/view?usp=drivesdk,A medium circular item with a polished tan surface.,236.8,Yellow,Spring,Juicy,Conical,onion,2693
onion_generated_91.jpg,https://drive.google.com/file/d/1gde0OfZXcCEV4AtLEoHkNCC00eZ3fpuq/view?usp=drivesdk,This sample is orb-like and features a glossy appearance.,189.3,Orange,Year Round,Mild,Irregular,onion,2694
onion_generated_88.jpg,https://drive.google.com/file/d/12Ss9lWDBbgYcI9roJNsOvVSd44xoxKgp/view?usp=drivesdk,A medium item distinguishable by its white hue and orb-like form.,95.5,Red,Spring,Savory,Conical,onion,2695
onion_generated_87.jpg,https://drive.google.com/file/d/1hBN2BkBf31UVRIJcXwz6M7bO0C9ymebp/view?usp=drivesdk,A brownish object with a circular silhouette.,209,Orange,Summer,Earthy,Cylindrical,onion,2696
onion_generated_86.jpg,https://drive.google.com/file/d/1K5MyAE91B4sqHSEpsa508bb0UaMQ5J-D/view?usp=drivesdk,This produce is round and features a sleek appearance.,135.6,Orange,Spring,Sharp,Oval,onion,2697
onion_generated_85.jpg,https://drive.google.com/file/d/1BWcCFiM5qv_qCbA5xqJwyT1LB04RxScz/view?usp=drivesdk,This organic matter is spherical and features a layered appearance.,169.5,Orange,Autumn,Mild,Round,onion,2698
onion_generated_84.jpg,https://drive.google.com/file/d/1r62f4hHRjNpB0gcl_Ap70CeDa9-Oo4Mg/view?usp=drivesdk,A small item distinguishable by its pale hue and globe-shaped form.,150.4,Orange,Year Round,Juicy,Globular,onion,2699
onion_generated_83.jpg,https://drive.google.com/file/d/1rbDCXXmHas0c25AhLKr4aSwQCdEedxDu/view?usp=drivesdk,This object is circular and features a smooth appearance.,183.5,Orange,Summer,Mild,Conical,onion,2700
onion_generated_82.jpg,https://drive.google.com/file/d/1YRyEgm-hJnqXPvwq771ys-WVvHMwEhc_/view?usp=drivesdk,A medium object distinguishable by its pale hue and circular form.,220.1,Orange,Summer,Juicy,Irregular,onion,2701
onion_generated_81.jpg,https://drive.google.com/file/d/1yEi4rUEGH_Zv25iu_UsFhrUkM9AOFnre/view?usp=drivesdk,A small produce distinguishable by its tan hue and orb-like form.,105.6,Orange,Autumn,Savory,Asymmetric,onion,2702
onion_generated_80.jpg,https://drive.google.com/file/d/1MlTGXOTDSyy8GC8UWRqLCnmQwEqo9t80/view?usp=drivesdk,This object is globe-shaped and features a polished appearance.,249.4,Yellow,Autumn,Sharp,Globular,onion,2703
onion_generated_79.jpg,https://drive.google.com/file/d/1d28Gkj_j4K716VbpgPMbQr_J0oIT0w3f/view?usp=drivesdk,This item is orb-like and features a sleek appearance.,95.5,Orange,Summer,Crisp,Long,onion,2704
onion_generated_78.jpg,https://drive.google.com/file/d/1O7dHBO3at9BgFM20RG52PIRDhFLtGD37/view?usp=drivesdk,An organic item that feels glossy to the touch and looks circular.,157.8,Red,Year Round,Crisp,Flattened,onion,2705
onion_generated_77.jpg,https://drive.google.com/file/d/1_f8BFifopRH16dvh1YSccdOJR7n4iIYd/view?usp=drivesdk,A small round sample with a smooth beige surface.,127.7,Yellow,Year Round,Sharp,Globular,onion,2706
onion_generated_76.jpg,https://drive.google.com/file/d/1LeYY-lIpyYiaA-ejrMn2bKeIIMJ84nsW/view?usp=drivesdk,This sample is spherical and features a thin appearance.,124.2,Yellow,Summer,Sharp,Conical,onion,2707
onion_generated_75.jpg,https://drive.google.com/file/d/16rZ_QeXEvoF7gg_8h0powa8GETu2XUAm/view?usp=drivesdk,A medium spherical organic matter with a layered white surface.,125.4,Orange,Spring,Sharp,Round,onion,2708
onion_generated_74.jpg,https://drive.google.com/file/d/1l_AkJa-Nkta73gqFKmeJst3R32F6BxGu/view?usp=drivesdk,A small globe-shaped sample with a polished earthy surface.,199.2,Orange,Summer,Earthy,Asymmetric,onion,2709
onion_generated_72.jpg,https://drive.google.com/file/d/1auGK8sA0Fta958e55AKCv_a0_j-LVzMR/view?usp=drivesdk,A earthy produce with a globe-shaped silhouette.,131.4,Orange,Spring,Crisp,Globular,onion,2710
onion_generated_71.jpg,https://drive.google.com/file/d/1jkrxlao0eiBrp9Ct5Sgrjk9MGm5gJFG4/view?usp=drivesdk,An organic organic matter that feels flaky to the touch and looks round.,145.1,Orange,Summer,Sharp,Globular,onion,2711
onion_generated_70.jpg,https://drive.google.com/file/d/1IepxqwgIb5uGCMEou7Rtf3fuTS-z2rQj/view?usp=drivesdk,An organic item that feels layered to the touch and looks globe-shaped.,154.7,Orange,Year Round,Sharp,Long,onion,2712
onion_generated_69.jpg,https://drive.google.com/file/d/1cw71lyUNOHKinIUvhaquh6-lG8CHPHsd/view?usp=drivesdk,A medium round specimen with a thin brownish surface.,207.1,Yellow,Summer,Juicy,Conical,onion,2713
onion_generated_68.jpg,https://drive.google.com/file/d/11qzBTa8p9e3jq_QaXL1q6kCT2rRKhbme/view?usp=drivesdk,A small circular specimen with a dry purple surface.,225.2,Purple,Summer,Savory,Asymmetric,onion,2714
onion_generated_67.jpg,https://drive.google.com/file/d/1x2_u1DPjRtE6D4zqHROYBwMm_91s0BT_/view?usp=drivesdk,A tan specimen with a spherical silhouette.,229,Yellow,Autumn,Earthy,Globular,onion,2715
onion_generated_66.jpg,https://drive.google.com/file/d/1Vsv_l5ZNf2iBPoWNeBq_DeramdBdKD21/view?usp=drivesdk,A brownish organic matter with a circular silhouette.,215.9,Orange,Spring,Crisp,Irregular,onion,2716
onion_generated_65.jpg,https://drive.google.com/file/d/156pA3KBkLfkq3z574IbY-IJ2KSbEk35p/view?usp=drivesdk,An organic specimen that feels sleek to the touch and looks orb-like.,149.2,Orange,Autumn,Mild,Conical,onion,2717
onion_generated_64.jpg,https://drive.google.com/file/d/1z7UkcAZvRZJtPe-nKrgQUuZPxzkZqFsK/view?usp=drivesdk,A medium globe-shaped object with a sleek beige surface.,129.2,Yellow,Autumn,Earthy,Long,onion,2718
onion_generated_63.jpg,https://drive.google.com/file/d/1-Hzn64pQDaCYtWCTb14W-IoA9-LJzJ6d/view?usp=drivesdk,This object is spherical and features a polished appearance.,169.9,Orange,Summer,Juicy,Irregular,onion,2719
onion_generated_62.jpg,https://drive.google.com/file/d/1JJXonxhTNbeqMWAmmCkUdHvl1GQCP7eg/view?usp=drivesdk,A small circular specimen with a flaky tan surface.,153,Yellow,Year Round,Earthy,Conical,onion,2720
onion_generated_60.jpg,https://drive.google.com/file/d/1Zo_33eC_BQuSCR-J-P-idvafv_Wd53R6/view?usp=drivesdk,A medium round organic matter with a thin brownish surface.,185,Yellow,Summer,Juicy,Cylindrical,onion,2721
onion_generated_59.jpg,https://drive.google.com/file/d/1_gW53rrfQOdQsk_-VmfadDgnoT2z2Ve2/view?usp=drivesdk,An organic specimen that feels sleek to the touch and looks round.,159.2,Orange,Summer,Crisp,Flattened,onion,2722
onion_generated_58.jpg,https://drive.google.com/file/d/1Pevbzc6IanCeYEiqxl09Z0rNX-ZNTP3z/view?usp=drivesdk,A beige produce with a round silhouette.,233.4,Yellow,Year Round,Earthy,Conical,onion,2723
onion_generated_57.jpg,https://drive.google.com/file/d/1knhsc0nUDAARVogXOsdSWY6Fl1xNJh_O/view?usp=drivesdk,A small produce distinguishable by its brownish hue and spherical form.,206.9,Red,Year Round,Sharp,Globular,onion,2724
onion_generated_56.jpg,https://drive.google.com/file/d/1_VglynsIuLC_0eKvklJq9L7snLSNVFQd/view?usp=drivesdk,An organic produce that feels glossy to the touch and looks globe-shaped.,201.4,Orange,Summer,Sharp,Irregular,onion,2725
onion_generated_54.jpg,https://drive.google.com/file/d/1whEk2AnRq35cVVtmttH9PhgmfU6ERNqM/view?usp=drivesdk,A small spherical produce with a flaky tan surface.,120.5,Orange,Autumn,Crisp,Globular,onion,2726
onion_generated_53.jpg,https://drive.google.com/file/d/1rMcNwErfxkZSDcqYs-NDOMo1KW2tPg-j/view?usp=drivesdk,A medium circular organic matter with a sleek earthy surface.,26.1,Yellow,Summer,Juicy,Oval,onion,2727
onion_generated_52.jpg,https://drive.google.com/file/d/1cK7k-pXhLJs6KReYSMnGH6Wi0ViNZDGo/view?usp=drivesdk,This item is orb-like and features a sleek appearance.,141.1,Orange,Summer,Juicy,Oval,onion,2728
onion_generated_51.jpg,https://drive.google.com/file/d/1wJ-KhblVkap9H2C_SVW3APKKspzRAtT4/view?usp=drivesdk,A medium spherical organic matter with a flaky pale surface.,119.8,Orange,Autumn,Mild,Asymmetric,onion,2729
onion_generated_50.jpg,https://drive.google.com/file/d/1L-e0iNt3TG87C4L4RXpAUx25M2ndtyXu/view?usp=drivesdk,An organic organic matter that feels smooth to the touch and looks orb-like.,206.2,Purple,Year Round,Sharp,Oval,onion,2730
onion_generated_49.jpg,https://drive.google.com/file/d/1rxYXlj2QdCRuFCrsMp2m-aK3eOH00e92/view?usp=drivesdk,A pale object with a globe-shaped silhouette.,250.8,Orange,Year Round,Earthy,Asymmetric,onion,2731
onion_generated_48.jpg,https://drive.google.com/file/d/1A9wfZwAxQa2qiV0cqyNZ-L5k20IQ8FAf/view?usp=drivesdk,An organic specimen that feels dry to the touch and looks circular.,261,Yellow,Autumn,Juicy,Oval,onion,2732
onion_generated_47.jpg,https://drive.google.com/file/d/1BM1cKPcXdNwi6a5fwqC8qIk2_e1RH299/view?usp=drivesdk,A medium sample distinguishable by its beige hue and circular form.,297.6,Purple,Spring,Crisp,Long,onion,2733
onion_generated_46.jpg,https://drive.google.com/file/d/1UksAgTPJnETVVdMTR71HagrsapKMIgUl/view?usp=drivesdk,A beige specimen with a circular silhouette.,226.4,Orange,Summer,Juicy,Globular,onion,2734
onion_generated_45.jpg,https://drive.google.com/file/d/1SH8mMgMBE86D07H0BhmXuy0n5VAnZKw6/view?usp=drivesdk,This specimen is spherical and features a sleek appearance.,241.9,Red,Summer,Mild,Round,onion,2735
onion_generated_44.jpg,https://drive.google.com/file/d/1Rt_d6Yx18r7AHeaR9Glnm11iO_Hwh1LA/view?usp=drivesdk,An organic item that feels shiny to the touch and looks circular.,157.9,Red,Summer,Juicy,Cylindrical,onion,2736
onion_generated_43.jpg,https://drive.google.com/file/d/1FwzTQTL3ZmawCXKhJ-GTZOl6P076VmF-/view?usp=drivesdk,A tan sample with a circular silhouette.,152.3,Yellow,Autumn,Crisp,Globular,onion,2737
onion_generated_42.jpg,https://drive.google.com/file/d/1tUQdUe0zbZrhMZZZfzZPM4huXj_Q5Wcl/view?usp=drivesdk,This item is orb-like and features a flaky appearance.,266,Red,Summer,Mild,Asymmetric,onion,2738
onion_generated_41.jpg,https://drive.google.com/file/d/1M_jvq5knkGE60Ms-RITJJA4ys4sS37Ce/view?usp=drivesdk,An organic organic matter that feels sleek to the touch and looks globe-shaped.,203.2,Yellow,Year Round,Juicy,Asymmetric,onion,2739
onion_generated_40.jpg,https://drive.google.com/file/d/1rmM_MNvSssBbF9vOnCiXHOUBwuAx7ifR/view?usp=drivesdk,A medium round object with a sleek purple surface.,195.5,Red,Autumn,Earthy,Conical,onion,2740
onion_generated_39.jpg,https://drive.google.com/file/d/1COmSmBNQIM85HlpUlPSKztVSmBzyIEmH/view?usp=drivesdk,A medium round item with a dry earthy surface.,195.4,Yellow,Summer,Crisp,Globular,onion,2741
onion_generated_38.jpg,https://drive.google.com/file/d/1Fc5oeFvqdodSLcOKSGoricC4Z5AEbdc0/view?usp=drivesdk,This organic matter is globe-shaped and features a layered appearance.,260,Yellow,Year Round,Sharp,Cylindrical,onion,2742
onion_generated_37.jpg,https://drive.google.com/file/d/1OkE1H7AY793bYfaMLFM8OZZQo7fV6CBc/view?usp=drivesdk,A small orb-like produce with a dry white surface.,156.1,Orange,Spring,Juicy,Conical,onion,2743
onion_generated_36.jpg,https://drive.google.com/file/d/1j8ltr9BgbTsvGwd_U3YmNBq6SHVeKjnZ/view?usp=drivesdk,A small globe-shaped specimen with a sleek tan surface.,108.2,Yellow,Spring,Savory,Globular,onion,2744
onion_generated_34.jpg,https://drive.google.com/file/d/1AX_xAfpG3RO-gVYQxJ6ufFnZRZYEGCuK/view?usp=drivesdk,A brownish object with a circular silhouette.,209.2,Yellow,Year Round,Savory,Long,onion,2745
onion_generated_32.jpg,https://drive.google.com/file/d/1nOroQ6Qp55t_mAYMMhdG3h8kPXhnyCrV/view?usp=drivesdk,A small item distinguishable by its brownish hue and round form.,75,Orange,Autumn,Sharp,Round,onion,2746
onion_generated_31.jpg,https://drive.google.com/file/d/1QZ2OUFdG12SyEc9iDYtvNWF-92WlW4mv/view?usp=drivesdk,An organic object that feels glossy to the touch and looks circular.,180,Orange,Year Round,Earthy,Long,onion,2747
onion_generated_30.jpg,https://drive.google.com/file/d/1AdwnH2opw-xIXXWSe_dxtyqc0rccyq1y/view?usp=drivesdk,A earthy produce with a orb-like silhouette.,200.6,Orange,Autumn,Crisp,Round,onion,2748
onion_generated_29.jpg,https://drive.google.com/file/d/1Ctcyz2_zbQucWbAJn8snIw7RVIa96_mA/view?usp=drivesdk,A pale item with a spherical silhouette.,155.3,Red,Year Round,Crisp,Round,onion,2749
onion_generated_28.jpg,https://drive.google.com/file/d/1DbW5DnryqDxHVLhwS8xEQ-Dho7LsvXcw/view?usp=drivesdk,A small organic matter distinguishable by its beige hue and spherical form.,216.3,Purple,Autumn,Savory,Flattened,onion,2750
onion_generated_27.jpg,https://drive.google.com/file/d/1E2PYgj1QEeVNfM72hKPgklCt2ezl4TNz/view?usp=drivesdk,An organic object that feels papery to the touch and looks spherical.,215.2,Yellow,Year Round,Earthy,Flattened,onion,2751
onion_generated_25.jpg,https://drive.google.com/file/d/1Wyj0gGi24a1hXJJiPjYVcJbH_fSFMkME/view?usp=drivesdk,This sample is round and features a flaky appearance.,180.6,Orange,Autumn,Mild,Irregular,onion,2752
onion_generated_24.jpg,https://drive.google.com/file/d/19h2sjlkqTtATd9CToB5GXkwYigO0QxR5/view?usp=drivesdk,A earthy sample with a round silhouette.,210.3,Red,Spring,Savory,Asymmetric,onion,2753
onion_generated_23.jpg,https://drive.google.com/file/d/1vS4OczINTFgiPJZYzReXanOtMNyXJ5Y-/view?usp=drivesdk,A tan object with a spherical silhouette.,146.4,Orange,Year Round,Earthy,Conical,onion,2754
onion_generated_22.jpg,https://drive.google.com/file/d/1t3Z40HL9QKAy21lxvsXTmCPzYe2tDn99/view?usp=drivesdk,A tan organic matter with a globe-shaped silhouette.,172.1,Yellow,Summer,Savory,Asymmetric,onion,2755
onion_generated_21.jpg,https://drive.google.com/file/d/1PWAEQ59lk3Ml5G4tx2fS3iNK_RbVdGHY/view?usp=drivesdk,A medium object distinguishable by its white hue and circular form.,112.3,Orange,Autumn,Juicy,Irregular,onion,2756
onion_generated_20.jpg,https://drive.google.com/file/d/1-Jx6kcszBVU2ADfu0Ap65Dsl28OBg0Eu/view?usp=drivesdk,An organic produce that feels layered to the touch and looks round.,159.5,Red,Year Round,Savory,Asymmetric,onion,2757
onion_generated_19.jpg,https://drive.google.com/file/d/1cYGpC9HByGFXZ9nHKcAHlQG121wdyCot/view?usp=drivesdk,A medium object distinguishable by its brownish hue and globe-shaped form.,260.3,Orange,Spring,Juicy,Flattened,onion,2758
onion_generated_18.jpg,https://drive.google.com/file/d/11vV1HY44wC6YoUHje_AN0lfQSqjUUIxp/view?usp=drivesdk,This object is spherical and features a glossy appearance.,169.4,Orange,Autumn,Crisp,Long,onion,2759
onion_generated_17.jpg,https://drive.google.com/file/d/16xqPldJyETakRnwfwUU374QMH7Fa7p2B/view?usp=drivesdk,An organic item that feels dry to the touch and looks spherical.,202.3,Orange,Autumn,Earthy,Flattened,onion,2760
onion_generated_16.jpg,https://drive.google.com/file/d/1s3MtZBEF7n9ioUPN1StOyvn9Fyln9FVf/view?usp=drivesdk,A medium globe-shaped item with a papery tan surface.,188.6,Yellow,Year Round,Savory,Oval,onion,2761
onion_generated_15.jpg,https://drive.google.com/file/d/19B0d2l_3OSYsIrnzxUos_eJRd1a-iszi/view?usp=drivesdk,A small orb-like item with a thin white surface.,215.2,Orange,Autumn,Sharp,Cylindrical,onion,2762
onion_generated_14.jpg,https://drive.google.com/file/d/1Q5zBrKDtncJ4MuFg719ml5MWhUNpCkBU/view?usp=drivesdk,A medium globe-shaped item with a layered beige surface.,120.9,Yellow,Autumn,Savory,Asymmetric,onion,2763
onion_generated_12.jpg,https://drive.google.com/file/d/1ybC4cVF4lHNK1GBmolfHaS1QQv39He66/view?usp=drivesdk,A small orb-like specimen with a smooth brownish surface.,185,Orange,Autumn,Mild,Conical,onion,2764
onion_generated_10.jpg,https://drive.google.com/file/d/1rTXb_QUU-b88LzTsZEkTqvJM9FvMVktv/view?usp=drivesdk,This sample is circular and features a papery appearance.,130.1,Orange,Summer,Crisp,Round,onion,2765
onion_generated_9.jpg,https://drive.google.com/file/d/1nToJzjVzwEf6xj-1tDwcXzi544C4io64/view?usp=drivesdk,A small spherical sample with a thin beige surface.,161.2,Red,Summer,Juicy,Flattened,onion,2766
onion_generated_7.jpg,https://drive.google.com/file/d/1XrN9ybHBfDd085QnG8S0Oy-iy_1au3o5/view?usp=drivesdk,A small specimen distinguishable by its beige hue and circular form.,198.3,Red,Spring,Mild,Asymmetric,onion,2767
onion_generated_6.jpg,https://drive.google.com/file/d/1Ix_6VuCRb5gq0_Rinj1IKqGDu0mFnhLB/view?usp=drivesdk,A small item distinguishable by its pale hue and orb-like form.,228.8,Yellow,Year Round,Sharp,Conical,onion,2768
onion_generated_5.jpg,https://drive.google.com/file/d/19moEboqUp4MX__a9QFzYE-5MaFOSchG1/view?usp=drivesdk,This sample is spherical and features a dry appearance.,206.8,Orange,Summer,Earthy,Irregular,onion,2769
onion_generated_4.jpg,https://drive.google.com/file/d/1HvKEIOR4J3Y6wpFUfj5DewkQMsE8HxlI/view?usp=drivesdk,This produce is orb-like and features a glossy appearance.,67.1,Orange,Year Round,Juicy,Round,onion,2770
onion_generated_3.jpg,https://drive.google.com/file/d/16Ntic3Dd0ewdCt0dun4ICVTKjRcCuMIs/view?usp=drivesdk,This specimen is globe-shaped and features a layered appearance.,174.5,Orange,Autumn,Juicy,Flattened,onion,2771
IMG_0757_aug2.jpg,https://drive.google.com/file/d/13aue83NLC_EJEsF1xUvkba_sSKwXmoVX/view?usp=drivesdk,A small round specimen with a shiny purple surface.,178.4,Yellow,Autumn,Sharp,Round,onion,2772
IMG_0757_aug3.jpg,https://drive.google.com/file/d/18CYaRQ2vCYN5E66fdO0HIWtJ0Ikecvt3/view?usp=drivesdk,A medium circular item with a glossy purple surface.,259.9,Dark Red,Autumn,Mild,Flattened,onion,2773
IMG_0757_aug1.jpg,https://drive.google.com/file/d/1nDFyvoCF635ttS9O7ozEuF-Yme5CD9YM/view?usp=drivesdk,A brownish produce with a orb-like silhouette.,245.6,Yellow,Summer,Crisp,Asymmetric,onion,2774
IMG_0743_aug2.jpg,https://drive.google.com/file/d/1EfvhqvwjvQE2oj_OgXr-mgwujiGpi_JO/view?usp=drivesdk,A medium globe-shaped item with a sleek earthy surface.,215.9,Dark Red,Autumn,Crisp,Cylindrical,onion,2775
IMG_0743_aug1.jpg,https://drive.google.com/file/d/1dY4kobD32NKQjzMvTP8oko_aY98D-8Gu/view?usp=drivesdk,A purple sample with a spherical silhouette.,172.7,Dark Red,Summer,Sharp,Long,onion,2776
IMG_0743_aug3.jpg,https://drive.google.com/file/d/1giV-zDeYXuQIx39ccEZD3HsqJLmidX9U/view?usp=drivesdk,An organic produce that feels dry to the touch and looks orb-like.,207.8,Yellow,Year Round,Sharp,Conical,onion,2777
IMG_1071_aug2.jpg,https://drive.google.com/file/d/14Wh8HJ3rLNcxvGxGGapKUlSTxP_oVhd4/view?usp=drivesdk,A small organic matter distinguishable by its brownish hue and circular form.,251.7,Brown,Autumn,Mild,Globular,onion,2778
IMG_1071_aug1.jpg,https://drive.google.com/file/d/1A8WFSkQb-JOETEPwqOhv1Ar1WeHoRt-K/view?usp=drivesdk,This object is orb-like and features a glossy appearance.,93.9,Orange,Summer,Juicy,Irregular,onion,2779
IMG_1065_aug2.jpg,https://drive.google.com/file/d/1TtoVK3FuTIGkx5XqVMUjqq1GoXcn-K49/view?usp=drivesdk,A medium globe-shaped item with a sleek brownish surface.,182.2,Yellow,Autumn,Sharp,Asymmetric,onion,2780
IMG_1065_aug3.jpg,https://drive.google.com/file/d/1jkzzQZWOsa-Cv4vLvMZ9-yIAfyj_hYqx/view?usp=drivesdk,A medium round specimen with a papery earthy surface.,102.3,Brown,Year Round,Crisp,Cylindrical,onion,2781
IMG_1071_aug3.jpg,https://drive.google.com/file/d/1kQBPGSMqHQRg9J-NkYO5A_Ydw7SIauvh/view?usp=drivesdk,This object is orb-like and features a papery appearance.,108,Orange,Spring,Crisp,Globular,onion,2782
IMG_1070_aug3.jpg,https://drive.google.com/file/d/1sK0v635ZiQcpi_D3f-A9RnXFujHYcs-4/view?usp=drivesdk,An organic produce that feels glossy to the touch and looks circular.,181.2,Yellow,Spring,Sharp,Round,onion,2783
IMG_1065_aug1.jpg,https://drive.google.com/file/d/1vdLTecOgLF6221jyroYTouDsi2ngaTdT/view?usp=drivesdk,A earthy organic matter with a spherical silhouette.,223.2,Brown,Summer,Crisp,Flattened,onion,2784
IMG_1070_aug2.jpg,https://drive.google.com/file/d/1veq5iwgRbGOCewSZ4tW3K9o-ju6iBC7W/view?usp=drivesdk,This item is spherical and features a flaky appearance.,120.3,Yellow,Spring,Juicy,Flattened,onion,2785
IMG_1064_aug3.jpg,https://drive.google.com/file/d/1Vxk3zoNlX0SnCB5TWelTmP-tJx5oHPRX/view?usp=drivesdk,An organic organic matter that feels smooth to the touch and looks circular.,212,Brown,Autumn,Mild,Long,onion,2786
IMG_1064_aug1.jpg,https://drive.google.com/file/d/1cRqnXtEa_wK6YwCf8jGBcC489gS0ZYIx/view?usp=drivesdk,This object is spherical and features a layered appearance.,218.2,Yellow,Autumn,Savory,Irregular,onion,2787
IMG_1070_aug1.jpg,https://drive.google.com/file/d/1fGjO4SVsllHVT6wIPJ-pSoPYlZe26Sir/view?usp=drivesdk,An organic item that feels sleek to the touch and looks circular.,234,Yellow,Summer,Crisp,Cylindrical,onion,2788
IMG_1064_aug2.jpg,https://drive.google.com/file/d/1lhBOnwO5YGKpm2RQFV4EiUdHzyU5hvPE/view?usp=drivesdk,An organic sample that feels glossy to the touch and looks globe-shaped.,140.7,Yellow,Spring,Sharp,Globular,onion,2789
IMG_0742_aug1.jpg,https://drive.google.com/file/d/1FvOME_zB8NHxG_hDxKjH918N9WSgwh39/view?usp=drivesdk,An organic produce that feels shiny to the touch and looks circular.,133,Orange,Summer,Sharp,Flattened,onion,2790
IMG_0742_aug2.jpg,https://drive.google.com/file/d/1HHGNNZPipvaThADCVADW2bMgQHE8zfwS/view?usp=drivesdk,An organic object that feels sleek to the touch and looks round.,100.1,Yellow,Spring,Mild,Flattened,onion,2791
IMG_0756_aug1.jpg,https://drive.google.com/file/d/1Qd-nogemCFRA-fbTpOicpkfHA9llRAsu/view?usp=drivesdk,This produce is globe-shaped and features a papery appearance.,217.6,Yellow,Autumn,Savory,Asymmetric,onion,2792
IMG_0742_aug3.jpg,https://drive.google.com/file/d/1a_-kjRE20F2GbA2BU23BbsgrqkSsvTEZ/view?usp=drivesdk,This sample is circular and features a sleek appearance.,155.8,Brown,Spring,Mild,Conical,onion,2793
IMG_0756_aug2.jpg,https://drive.google.com/file/d/1r-mmrwyzoumL5wJqQNBOKks7CMx7L5Ot/view?usp=drivesdk,A brownish specimen with a circular silhouette.,177.2,Brown,Spring,Mild,Oval,onion,2794
IMG_0756_aug3.jpg,https://drive.google.com/file/d/1rCRrTLtfbvy-eBHWPSddQy6l9ORpjwqb/view?usp=drivesdk,A white object with a globe-shaped silhouette.,180.2,Brown,Spring,Earthy,Cylindrical,onion,2795
IMG_0783_aug2.jpg,https://drive.google.com/file/d/1Hr7TNzwhkWTxal5eVtoOC8kuAyJLCTf-/view?usp=drivesdk,An organic item that feels dry to the touch and looks spherical.,232.2,Yellow,Summer,Mild,Oval,onion,2796
IMG_0783_aug1.jpg,https://drive.google.com/file/d/1NlcXD5LWGPMLTu7cP2ABID9mEZuhUXBJ/view?usp=drivesdk,This sample is round and features a smooth appearance.,190.1,Green,Year Round,Juicy,Globular,onion,2797
IMG_0783_aug3.jpg,https://drive.google.com/file/d/1fhafXfda3QNb_9pus290FZuc9XlaJhQr/view?usp=drivesdk,An organic sample that feels glossy to the touch and looks spherical.,222.3,Green,Spring,Juicy,Round,onion,2798
IMG_1072_aug2.jpg,https://drive.google.com/file/d/1-in9U0FMVV5CW6BQmV0QGPpCvqIpZXzR/view?usp=drivesdk,A small round organic matter with a smooth brownish surface.,256.5,Yellow,Spring,Savory,Cylindrical,onion,2799
IMG_0740_aug2.jpg,https://drive.google.com/file/d/15214sSrv8xWm8Cn9muOQMvxUPw-vFg_b/view?usp=drivesdk,A brownish produce with a round silhouette.,226.3,Yellow,Year Round,Sharp,Globular,onion,2800
IMG_0754_aug1.jpg,https://drive.google.com/file/d/1SvNh59I13IeiBdeML_PiEGl_p7c7M25b/view?usp=drivesdk,An organic specimen that feels thin to the touch and looks globe-shaped.,211.1,Brown,Year Round,Sharp,Cylindrical,onion,2801
IMG_1072_aug1.jpg,https://drive.google.com/file/d/1XojXhisz-6D0cg-6Ia6H1Y-31XF-pCLb/view?usp=drivesdk,This item is globe-shaped and features a dry appearance.,151.4,Yellow,Autumn,Juicy,Globular,onion,2802
IMG_0740_aug1.jpg,https://drive.google.com/file/d/1aTp5i5JJMuvPBWpYerSCLj078AoPhPSl/view?usp=drivesdk,A medium spherical object with a shiny white surface.,122.8,Yellow,Autumn,Crisp,Conical,onion,2803
IMG_0740_aug3.jpg,https://drive.google.com/file/d/1gkxG3-22X9edq6lbKlMHfmGohSH9CsR_/view?usp=drivesdk,An organic object that feels smooth to the touch and looks orb-like.,220.5,Orange,Summer,Crisp,Oval,onion,2804
IMG_0754_aug2.jpg,https://drive.google.com/file/d/1tBH2p_JUfkMdicGtxeJE-RJ-Ft8NSdV-/view?usp=drivesdk,This specimen is round and features a flaky appearance.,75.2,Brown,Summer,Juicy,Oval,onion,2805
IMG_1072_aug3.jpg,https://drive.google.com/file/d/1tJD_kT_6zwYP5oJGRKLqvvqzaK4IEHFi/view?usp=drivesdk,A pale sample with a round silhouette.,149.6,Yellow,Year Round,Crisp,Globular,onion,2806
IMG_0754_aug3.jpg,https://drive.google.com/file/d/1uMbtMJfHaoC14f6czcdjCwAxYnwjVr7B/view?usp=drivesdk,An organic organic matter that feels glossy to the touch and looks globe-shaped.,256.2,Brown,Spring,Earthy,Round,onion,2807
IMG_1066_aug1.jpg,https://drive.google.com/file/d/1WpX3tIONJxewbcVRrQv4FUCRwZM1ZbJa/view?usp=drivesdk,A small sample distinguishable by its earthy hue and circular form.,188.4,Yellow,Spring,Savory,Flattened,onion,2808
IMG_1066_aug2.jpg,https://drive.google.com/file/d/1Xiqicz8CObI2R81MfOCmrVY-_KTlBCJh/view?usp=drivesdk,A medium circular object with a thin brownish surface.,260.3,Brown,Summer,Sharp,Irregular,onion,2809
IMG_1066_aug3.jpg,https://drive.google.com/file/d/1kMBIbg4nY6LxqxQOVicM8-bqlyY2bAxp/view?usp=drivesdk,This sample is round and features a smooth appearance.,101.8,Brown,Year Round,Earthy,Asymmetric,onion,2810
IMG_1067_aug2.jpg,https://drive.google.com/file/d/10loUpKKBsUAhTLYw8uV2yNJBFtv_LjrF/view?usp=drivesdk,An organic object that feels shiny to the touch and looks round.,187.3,Yellow,Summer,Mild,Flattened,onion,2811
IMG_1073_aug3.jpg,https://drive.google.com/file/d/1N1sXBcHDqt0_r86KTUV805tRNtNxBDZM/view?usp=drivesdk,A small object distinguishable by its tan hue and spherical form.,194.4,Yellow,Summer,Savory,Cylindrical,onion,2812
IMG_1067_aug1.jpg,https://drive.google.com/file/d/1aNPDN5jH9-mDprQ-BKL3Z1Hh2gcmfqw-/view?usp=drivesdk,A small sample distinguishable by its brownish hue and spherical form.,179.1,Yellow,Summer,Mild,Round,onion,2813
IMG_1067_aug3.jpg,https://drive.google.com/file/d/1zXecCoNEyQUVIDg5R2eLRjAHogKCIERL/view?usp=drivesdk,This produce is orb-like and features a layered appearance.,109.2,Brown,Spring,Mild,Round,onion,2814
IMG_0755_aug2.jpg,https://drive.google.com/file/d/1PrxP4PuE6S1VB5hopdBr8ScgQLq77kIE/view?usp=drivesdk,A purple object with a circular silhouette.,193.9,Yellow,Autumn,Earthy,Long,onion,2815
IMG_1073_aug1.jpg,https://drive.google.com/file/d/1b3ep-ntaPRuFOmRa_85nL_Ngp7E-6AAj/view?usp=drivesdk,This object is orb-like and features a papery appearance.,210.9,Brown,Spring,Juicy,Globular,onion,2816
IMG_1073_aug2.jpg,https://drive.google.com/file/d/1hBxJNxmlJXofHlhtueRo24Bi2cdQ1_z0/view?usp=drivesdk,A medium spherical item with a thin purple surface.,209.5,Yellow,Spring,Savory,Globular,onion,2817
IMG_0755_aug3.jpg,https://drive.google.com/file/d/1rksGzKiQxX0IKeMPJqR_jmTsi1k_mFkq/view?usp=drivesdk,A medium circular produce with a smooth purple surface.,177.2,Orange,Spring,Juicy,Conical,onion,2818
IMG_0741_aug1.jpg,https://drive.google.com/file/d/1e4zFM1TJtmqKRHRo4bmjhjvINJmHvQcr/view?usp=drivesdk,A medium spherical organic matter with a glossy earthy surface.,182.7,Brown,Year Round,Juicy,Conical,onion,2819
IMG_0741_aug2.jpg,https://drive.google.com/file/d/1iHFGorXciWvZQWObA6cfF1ztX77z-gNO/view?usp=drivesdk,A small globe-shaped specimen with a polished tan surface.,116.3,Yellow,Year Round,Earthy,Cylindrical,onion,2820
IMG_0741_aug3.jpg,https://drive.google.com/file/d/1lvLhjPuytYYs80bvLAgTBcbKQDlNTI61/view?usp=drivesdk,A small orb-like item with a glossy brownish surface.,187.7,Yellow,Year Round,Mild,Flattened,onion,2821
IMG_0755_aug1.jpg,https://drive.google.com/file/d/1vYB0lqKEySxfrmMlIKFnmnEonG3dHauP/view?usp=drivesdk,A small circular object with a shiny white surface.,164.2,Yellow,Summer,Mild,Conical,onion,2822
IMG_0786_aug3.jpg,https://drive.google.com/file/d/1GRG9eCvQ-bSf2zTLFhYy2enbTSl8KYZ0/view?usp=drivesdk,A small spherical item with a dry brownish surface.,181.1,Yellow,Autumn,Mild,Flattened,onion,2823
IMG_0786_aug1.jpg,https://drive.google.com/file/d/1fqOVG8o_43wkaUK0yFxUClDbPBM2hgfD/view?usp=drivesdk,A medium organic matter distinguishable by its purple hue and orb-like form.,117,Yellow,Year Round,Mild,Cylindrical,onion,2824
IMG_0786_aug2.jpg,https://drive.google.com/file/d/1vRw78dN2UUizJIO6mUKnwhWxQ-ZIB_yI/view?usp=drivesdk,A brownish item with a globe-shaped silhouette.,156.6,Green,Year Round,Earthy,Oval,onion,2825
IMG_0745_aug1.jpg,https://drive.google.com/file/d/158ZqSEtgLnbDKeC6NWxVu5ucpSncqO5O/view?usp=drivesdk,This object is globe-shaped and features a smooth appearance.,195.5,Brown,Spring,Crisp,Long,onion,2826
IMG_0745_aug3.jpg,https://drive.google.com/file/d/1JEyNyOjN9-DRjgc3m6ZxLiqgtKvSMs_1/view?usp=drivesdk,An organic item that feels polished to the touch and looks spherical.,154.3,Green,Autumn,Earthy,Oval,onion,2827
IMG_0745_aug2.jpg,https://drive.google.com/file/d/1l0mZ6K0mDhCX54vWnfu4zcQoeFT96maH/view?usp=drivesdk,A medium circular specimen with a flaky pale surface.,153,Green,Spring,Crisp,Conical,onion,2828
IMG_0751_aug3.jpg,https://drive.google.com/file/d/1oUK_ulk9xzq22Wm_5naTwN6b2OxddkpE/view?usp=drivesdk,A brownish specimen with a round silhouette.,216.1,Yellow,Autumn,Crisp,Asymmetric,onion,2829
IMG_0751_aug1.jpg,https://drive.google.com/file/d/1aWcSNOlwsE7qa27RmrfOdL2h_Io-juyu/view?usp=drivesdk,A medium produce distinguishable by its beige hue and round form.,201.9,Yellow,Year Round,Sharp,Globular,onion,2830
IMG_0751_aug2.jpg,https://drive.google.com/file/d/1c06y9zywZL2QsKbdT0KNliv2r5ZBXeTI/view?usp=drivesdk,A tan sample with a circular silhouette.,110.8,Yellow,Autumn,Sharp,Conical,onion,2831
IMG_0779_aug2.jpg,https://drive.google.com/file/d/1EPP2s3Z18AASqTXhDUSqsscMdgtAg3LL/view?usp=drivesdk,A purple organic matter with a orb-like silhouette.,114.7,Green,Autumn,Savory,Cylindrical,onion,2832
IMG_0779_aug3.jpg,https://drive.google.com/file/d/1LBMecZHp18ebxV_8nLzPlzaRCf6GvGwX/view?usp=drivesdk,A small spherical item with a papery tan surface.,184.1,Green,Spring,Juicy,Globular,onion,2833
IMG_0779_aug1.jpg,https://drive.google.com/file/d/1RM8SRn7o9nnocgg1v0LnmUAFVI9CpiRi/view?usp=drivesdk,A medium item distinguishable by its earthy hue and globe-shaped form.,184.2,Yellow,Autumn,Mild,Long,onion,2834
IMG_1077_aug3.jpg,https://drive.google.com/file/d/1LMLxjApQ2zhz8whdvZ3Qh-jq42rrc2uD/view?usp=drivesdk,This object is spherical and features a polished appearance.,179.9,Yellow,Year Round,Earthy,Conical,onion,2835
IMG_1088_aug2.jpg,https://drive.google.com/file/d/1LkHvJJvTWFtF_KH1Brj3Ebc87V7uZOkC/view?usp=drivesdk,A small item distinguishable by its tan hue and globe-shaped form.,192,Orange,Autumn,Juicy,Round,onion,2836
IMG_1077_aug2.jpg,https://drive.google.com/file/d/1N5lB8hJpIidTstli0pvoQc_FAU15sNgk/view?usp=drivesdk,This specimen is orb-like and features a dry appearance.,171.4,Brown,Summer,Juicy,Irregular,onion,2837
IMG_1077_aug1.jpg,https://drive.google.com/file/d/1TnOLXlvNl0hQWaFlKaMErcNtRcF6EsZR/view?usp=drivesdk,A beige organic matter with a globe-shaped silhouette.,129.6,Brown,Autumn,Sharp,Conical,onion,2838
IMG_1088_aug1.jpg,https://drive.google.com/file/d/1jOm_cRpltiBTL-uw4r7zdT4xYG3nTrsG/view?usp=drivesdk,A small specimen distinguishable by its white hue and globe-shaped form.,163.6,Yellow,Year Round,Savory,Cylindrical,onion,2839
IMG_1088_aug3.jpg,https://drive.google.com/file/d/1k41JVcCAFLq3gxQ4f0E9YD7GTxeY95q9/view?usp=drivesdk,A white produce with a round silhouette.,226.4,Orange,Autumn,Sharp,Round,onion,2840
IMG_1076_aug1.jpg,https://drive.google.com/file/d/1AedbvromGaFdbdtBqjmKNd037FY3qY6j/view?usp=drivesdk,This produce is spherical and features a polished appearance.,71.6,Yellow,Year Round,Sharp,Conical,onion,2841
IMG_1076_aug3.jpg,https://drive.google.com/file/d/1CHcIBaUXEmp76g6psIRLihrlm5IZHE6t/view?usp=drivesdk,An organic produce that feels shiny to the touch and looks round.,162.1,Yellow,Year Round,Earthy,Oval,onion,2842
IMG_1076_aug2.jpg,https://drive.google.com/file/d/1p_JwFH7Gjm21oZltGHJp7sMBVeL4acv3/view?usp=drivesdk,A small organic matter distinguishable by its beige hue and orb-like form.,115.7,Brown,Autumn,Juicy,Oval,onion,2843
IMG_0778_aug1.jpg,https://drive.google.com/file/d/1L5JQ4uuPJek5ut08udZwDppHm6A5lORZ/view?usp=drivesdk,This organic matter is globe-shaped and features a layered appearance.,158.1,Yellow,Summer,Crisp,Flattened,onion,2844
IMG_0778_aug2.jpg,https://drive.google.com/file/d/1U-TYQeSIx3n5Dp5PMIDLP_xCTu8q5-tG/view?usp=drivesdk,This produce is spherical and features a flaky appearance.,161,Yellow,Spring,Juicy,Round,onion,2845
IMG_0778_aug3.jpg,https://drive.google.com/file/d/1teI0zHFIMF-tY7UTtfoVX_SgXjLGOXa4/view?usp=drivesdk,A purple organic matter with a globe-shaped silhouette.,206.5,Green,Summer,Juicy,Flattened,onion,2846
IMG_0744_aug3.jpg,https://drive.google.com/file/d/19aMuJ2VsKPRG7iA6laqDjPocjZu9TCe9/view?usp=drivesdk,An organic item that feels flaky to the touch and looks orb-like.,226.5,Yellow,Autumn,Sharp,Oval,onion,2847
IMG_0750_aug2.jpg,https://drive.google.com/file/d/1JFbAaYc5gIIkPHvCM5eQdCZzTvbbJ1M8/view?usp=drivesdk,An organic specimen that feels polished to the touch and looks spherical.,110.2,Orange,Autumn,Earthy,Cylindrical,onion,2848
IMG_0744_aug1.jpg,https://drive.google.com/file/d/1SdvkA0iebupITsb7XNEEdEmNPzCwK-Ru/view?usp=drivesdk,A small object distinguishable by its pale hue and circular form.,155.9,Yellow,Summer,Sharp,Irregular,onion,2849
IMG_0750_aug1.jpg,https://drive.google.com/file/d/1_5kuQNMnO6A2L-OSmLF7Cimt_gym5rkb/view?usp=drivesdk,A medium produce distinguishable by its white hue and circular form.,118,Yellow,Summer,Juicy,Oval,onion,2850
IMG_0744_aug2.jpg,https://drive.google.com/file/d/1mBcuB_NsMeietavoHEZVi1ZCmB4FeWBi/view?usp=drivesdk,This item is globe-shaped and features a polished appearance.,157.2,Dark Red,Autumn,Savory,Oval,onion,2851
IMG_0750_aug3.jpg,https://drive.google.com/file/d/1uNBvZ_maw_ATKJTcu7nU64fmUzcM4Jdd/view?usp=drivesdk,A small globe-shaped organic matter with a layered white surface.,164.1,Yellow,Summer,Juicy,Long,onion,2852
IMG_0787_aug2.jpg,https://drive.google.com/file/d/10mHZqOYkEUDX1lo9U9b_JtLzF2CP78-r/view?usp=drivesdk,A medium spherical sample with a layered tan surface.,188.3,Yellow,Autumn,Earthy,Round,onion,2853
IMG_0787_aug1.jpg,https://drive.google.com/file/d/1CSooL0raruNPqPfe0VOLr04lH1b_Z451/view?usp=drivesdk,A medium object distinguishable by its purple hue and circular form.,149.5,Yellow,Summer,Mild,Cylindrical,onion,2854
IMG_0787_aug3.jpg,https://drive.google.com/file/d/1IdOYSlQ0HNHzrqv2Gr9FJFnyv3DA0Qmo/view?usp=drivesdk,A small orb-like sample with a sleek earthy surface.,146.1,Yellow,Spring,Juicy,Cylindrical,onion,2855
IMG_0785_aug3.jpg,https://drive.google.com/file/d/1RLREve32pCbdSeFvqzB3Z_8rwjDu3UFv/view?usp=drivesdk,A medium orb-like item with a papery white surface.,225.1,Green,Spring,Earthy,Asymmetric,onion,2856
IMG_0785_aug2.jpg,https://drive.google.com/file/d/1V3VAGhHH0flqSktF-xq0NaDOlerGNza2/view?usp=drivesdk,An organic object that feels glossy to the touch and looks orb-like.,176.6,Green,Spring,Earthy,Long,onion,2857
IMG_0785_aug1.jpg,https://drive.google.com/file/d/1qqTxLgATWU0l0Eb0M_w7oLkShN3_Qsfb/view?usp=drivesdk,A beige organic matter with a round silhouette.,135.5,Green,Autumn,Mild,Long,onion,2858
IMG_0752_aug2.jpg,https://drive.google.com/file/d/1OjSnoFAITGhgbQbdXPEi38lbVbtAmfMQ/view?usp=drivesdk,This sample is orb-like and features a shiny appearance.,169.3,Yellow,Autumn,Mild,Oval,onion,2859
IMG_0752_aug3.jpg,https://drive.google.com/file/d/1WGcckX8i6p-OXD3_Uwmb92VTbMWKmhPM/view?usp=drivesdk,An organic item that feels shiny to the touch and looks circular.,211.4,Yellow,Autumn,Sharp,Conical,onion,2860
IMG_0752_aug1.jpg,https://drive.google.com/file/d/1ctj1JiI2QlaDTYIyF5AdeFScctt6MZK2/view?usp=drivesdk,This specimen is orb-like and features a smooth appearance.,162,Yellow,Autumn,Juicy,Oval,onion,2861
IMG_0746_aug1.jpg,https://drive.google.com/file/d/179VarE_2wYCPDKq2fLFg5t1cMYiBoQ4c/view?usp=drivesdk,This produce is spherical and features a flaky appearance.,222.5,Green,Summer,Earthy,Conical,onion,2862
IMG_0746_aug2.jpg,https://drive.google.com/file/d/1SmOV8-u418zAjd_xmzKIyjmH2JnIGJ2c/view?usp=drivesdk,A tan specimen with a circular silhouette.,146.7,Brown,Autumn,Earthy,Conical,onion,2863
IMG_0746_aug3.jpg,https://drive.google.com/file/d/1q50Leonej2b2T_H8l-Q-lRiHxkPK9gxG/view?usp=drivesdk,This object is circular and features a papery appearance.,120.7,Yellow,Autumn,Earthy,Irregular,onion,2864
IMG_1074_aug2.jpg,https://drive.google.com/file/d/14PScjAMoGLUFIEIvHSxykrdzLGBoSAYd/view?usp=drivesdk,An organic sample that feels thin to the touch and looks circular.,250.7,Orange,Autumn,Juicy,Oval,onion,2865
IMG_1074_aug1.jpg,https://drive.google.com/file/d/1C-u0XdtMC9pH4Vn49an2R1DvORgj0lPY/view?usp=drivesdk,A small orb-like object with a flaky white surface.,141,Yellow,Autumn,Crisp,Irregular,onion,2866
IMG_1074_aug3.jpg,https://drive.google.com/file/d/1Rj21pO11gLBPubeFOo_naqzhfstsmFcv/view?usp=drivesdk,A small item distinguishable by its brownish hue and globe-shaped form.,110,Yellow,Autumn,Crisp,Conical,onion,2867
IMG_1075_aug3.jpg,https://drive.google.com/file/d/12olI316mSUSZCKGb7fqKNvyAc0Y8YCTp/view?usp=drivesdk,A white specimen with a spherical silhouette.,220.5,Yellow,Autumn,Sharp,Asymmetric,onion,2868
IMG_0747_aug3.jpg,https://drive.google.com/file/d/16o0SI9q4EACr6rgX3thtRFrXcLuB9bJ4/view?usp=drivesdk,A medium circular organic matter with a smooth pale surface.,160.3,Brown,Summer,Mild,Flattened,onion,2869
IMG_1075_aug2.jpg,https://drive.google.com/file/d/1BvGFE9sHPgHQ-pkf6f10EIUfCdHVKq7f/view?usp=drivesdk,A medium round item with a polished tan surface.,195.6,Brown,Summer,Mild,Asymmetric,onion,2870
IMG_0747_aug2.jpg,https://drive.google.com/file/d/1_G0oP2Q3Wby4P-ksZ7OrG4yD5lx-XGtK/view?usp=drivesdk,A small spherical object with a polished brownish surface.,133.7,Red,Year Round,Mild,Irregular,onion,2871
IMG_1075_aug1.jpg,https://drive.google.com/file/d/1Nzq1RLjaHprToJDcbICcDOo1S6MOkNT2/view?usp=drivesdk,This item is spherical and features a thin appearance.,194.1,Yellow,Year Round,Sharp,Long,onion,2872
IMG_0747_aug1.jpg,https://drive.google.com/file/d/1iscHmnjckziKZ5psfzV4T20boTBuKNeE/view?usp=drivesdk,A small globe-shaped specimen with a smooth purple surface.,105.1,Yellow,Summer,Mild,Long,onion,2873
IMG_0753_aug3.jpg,https://drive.google.com/file/d/1FQ-56nvjCQ32rX8ycQgw-PLtm9OC5prh/view?usp=drivesdk,An organic sample that feels flaky to the touch and looks spherical.,203.2,Yellow,Autumn,Savory,Flattened,onion,2874
IMG_0753_aug1.jpg,https://drive.google.com/file/d/1W9QdqOuKBIuzKQxJ1zyL1WplLZJxA4fb/view?usp=drivesdk,This produce is spherical and features a glossy appearance.,88.3,Yellow,Year Round,Savory,Asymmetric,onion,2875
IMG_0784_aug1.jpg,https://drive.google.com/file/d/1Y4QOw2RJ9n2xA9w0OixqhtB6os7_uQ_B/view?usp=drivesdk,A small orb-like object with a polished earthy surface.,211.2,Green,Year Round,Sharp,Asymmetric,onion,2876
IMG_0784_aug2.jpg,https://drive.google.com/file/d/1gmm81D5UuBquAeAHxeeiSDqxhm7Y2JFZ/view?usp=drivesdk,A medium orb-like object with a polished earthy surface.,169.1,Yellow,Year Round,Earthy,Round,onion,2877
IMG_0784_aug3.jpg,https://drive.google.com/file/d/1uVOWbqQyUIPhDHP8pEfsb3GxsFptSh6J/view?usp=drivesdk,A medium object distinguishable by its purple hue and globe-shaped form.,126.7,Green,Spring,Sharp,Long,onion,2878
IMG_0753_aug2.jpg,https://drive.google.com/file/d/1vQRYeZEpA3jiCRc42JBQRrhCHkpTK-vO/view?usp=drivesdk,An organic produce that feels flaky to the touch and looks round.,274.3,Yellow,Summer,Sharp,Round,onion,2879
IMG_0734_aug1.jpg,https://drive.google.com/file/d/1-Z81m1n1QC_EHs8AX7XItyvQygHTHc28/view?usp=drivesdk,An organic produce that feels dry to the touch and looks orb-like.,223.9,Yellow,Summer,Mild,Asymmetric,onion,2880
IMG_0734_aug2.jpg,https://drive.google.com/file/d/1MRjVvay8YDJcg90jr6rrAa_gHJqDnUu3/view?usp=drivesdk,An organic item that feels flaky to the touch and looks spherical.,142.3,Yellow,Autumn,Crisp,Long,onion,2881
IMG_0734_aug3.jpg,https://drive.google.com/file/d/1nhURMzaO_RGzwBfD2UCRFb24ihpSd998/view?usp=drivesdk,This sample is spherical and features a dry appearance.,165.6,Brown,Summer,Earthy,Irregular,onion,2882
IMG_9498_aug3.jpg,https://drive.google.com/file/d/13qrbgCLbHIzpFfkWhnfvRb-YkJvquqh3/view?usp=drivesdk,A medium round object with a polished purple surface.,150.9,Yellow,Spring,Crisp,Irregular,onion,2883
IMG_9498_aug1.jpg,https://drive.google.com/file/d/1FoMoci-Dv1w3XDMafJ2u9AOnO6wKbk45/view?usp=drivesdk,A white produce with a circular silhouette.,167.5,Yellow,Autumn,Savory,Globular,onion,2884
IMG_9498_aug2.jpg,https://drive.google.com/file/d/1ZB3T3j_Msc3PJpsHxUEgJJRwxqvVG04M/view?usp=drivesdk,A small orb-like object with a polished beige surface.,168.9,Yellow,Summer,Earthy,Oval,onion,2885
IMG_0723_aug3.jpg,https://drive.google.com/file/d/1_0qOp5jf4Q7m9iRVGxXbJvOkN-DUccMl/view?usp=drivesdk,A small circular object with a smooth purple surface.,121.1,Brown,Spring,Juicy,Globular,onion,2886
IMG_0723_aug2.jpg,https://drive.google.com/file/d/1erzliAGq_3k1sINPjCp0TPxrCbmQTHHn/view?usp=drivesdk,A earthy specimen with a round silhouette.,98.8,Yellow,Autumn,Sharp,Globular,onion,2887
IMG_0735_aug2.jpg,https://drive.google.com/file/d/1iWLnuT-bdUzk8ltjeByRW3KE9oF5BQwB/view?usp=drivesdk,A small globe-shaped object with a smooth white surface.,105.7,Yellow,Spring,Sharp,Irregular,onion,2888
IMG_0735_aug1.jpg,https://drive.google.com/file/d/1jSfXGHIuHWnUnbed-v7UmpSXgeTpF4oL/view?usp=drivesdk,An organic object that feels shiny to the touch and looks orb-like.,107,Brown,Year Round,Earthy,Flattened,onion,2889
IMG_0723_aug1.jpg,https://drive.google.com/file/d/1mUz62l3cWGCCllI423X1-OZjKiOXMDVl/view?usp=drivesdk,A purple object with a orb-like silhouette.,204.5,Orange,Year Round,Crisp,Conical,onion,2890
IMG_0735_aug3.jpg,https://drive.google.com/file/d/1zM-Ky4RtcrHHBirGVUwvGmIqV3glVXyy/view?usp=drivesdk,An organic object that feels thin to the touch and looks globe-shaped.,225.8,Yellow,Summer,Mild,Flattened,onion,2891
IMG_0722_aug3.jpg,https://drive.google.com/file/d/120BayL2v8-Aa1eCmwGfkiDyMgZCnwKTW/view?usp=drivesdk,A small organic matter distinguishable by its tan hue and orb-like form.,98.1,Yellow,Year Round,Crisp,Long,onion,2892
IMG_0737_aug3.jpg,https://drive.google.com/file/d/12q24plejT1PTDViG72sujiQPycqWSgBW/view?usp=drivesdk,A beige organic matter with a round silhouette.,129.5,Brown,Autumn,Earthy,Cylindrical,onion,2893
IMG_0737_aug1.jpg,https://drive.google.com/file/d/1Dxy6w88LNoh7--e4v5B0zZNC5CkMl9B6/view?usp=drivesdk,A earthy item with a spherical silhouette.,180,Brown,Autumn,Sharp,Conical,onion,2894
IMG_0737_aug2.jpg,https://drive.google.com/file/d/1HGjHnTKtfDGsWnCYSNPabKZc4THax-FX/view?usp=drivesdk,An organic item that feels papery to the touch and looks spherical.,199.9,Brown,Autumn,Mild,Round,onion,2895
IMG_0736_aug2.jpg,https://drive.google.com/file/d/1KK-fTHafuKC6_zKyasWB56OBZnKPMkae/view?usp=drivesdk,A purple specimen with a circular silhouette.,272.8,Yellow,Autumn,Earthy,Oval,onion,2896
IMG_0736_aug1.jpg,https://drive.google.com/file/d/1lEYkpDEBuJzKCuvVR_eYFKlDj1m_wD0B/view?usp=drivesdk,A medium circular item with a flaky purple surface.,217.2,Yellow,Spring,Juicy,Globular,onion,2897
IMG_0736_aug3.jpg,https://drive.google.com/file/d/1rrdZiCzK1VVp7bd6IvTvE3h5JtDEFWZW/view?usp=drivesdk,An organic produce that feels flaky to the touch and looks spherical.,173.5,Green,Year Round,Juicy,Globular,onion,2898
IMG_0722_aug1.jpg,https://drive.google.com/file/d/1Mcj59-a9bkhOcR4UIP_X9Ggpn76kpwD_/view?usp=drivesdk,An organic item that feels glossy to the touch and looks globe-shaped.,206,Yellow,Year Round,Sharp,Cylindrical,onion,2899
IMG_0722_aug2.jpg,https://drive.google.com/file/d/1gPLpFieNugnIVu0h4KbTCvVCZM_gQjGg/view?usp=drivesdk,This specimen is globe-shaped and features a polished appearance.,178.9,Green,Spring,Earthy,Irregular,onion,2900
IMG_0726_aug2.jpg,https://drive.google.com/file/d/155jE22AmHp4C-GDh5koV5cZMWx_4LdFq/view?usp=drivesdk,A medium round item with a smooth brownish surface.,41.9,Yellow,Summer,Savory,Irregular,onion,2901
IMG_0726_aug3.jpg,https://drive.google.com/file/d/1Ce8Ubr-oOYP6bzeAGmQvHWPJrj-pPVtD/view?usp=drivesdk,A small sample distinguishable by its purple hue and circular form.,175.9,Yellow,Spring,Savory,Round,onion,2902
IMG_0726_aug1.jpg,https://drive.google.com/file/d/1WaTXNZ9vyC0toUXd2EJS8DcuBVMzZQJ4/view?usp=drivesdk,A medium circular item with a glossy earthy surface.,56.7,Yellow,Summer,Sharp,Irregular,onion,2903
IMG_0732_aug1.jpg,https://drive.google.com/file/d/1E7C8Kyc3wD06U-fZxJMNe0tR0hQQWxCs/view?usp=drivesdk,A white organic matter with a spherical silhouette.,152.8,Yellow,Year Round,Juicy,Cylindrical,onion,2904
IMG_0732_aug2.jpg,https://drive.google.com/file/d/1S8ctYipCgsFoUzhgjukOu34yRetkZvMG/view?usp=drivesdk,A beige object with a round silhouette.,187.7,Yellow,Summer,Crisp,Flattened,onion,2905
IMG_0732_aug3.jpg,https://drive.google.com/file/d/1vakoWQklyKVaKB6qk0SXrHyEx6NzB1mB/view?usp=drivesdk,A small produce distinguishable by its earthy hue and orb-like form.,147.9,Yellow,Year Round,Mild,Conical,onion,2906
IMG_0733_aug3.jpg,https://drive.google.com/file/d/1H5ucMN7cvLV4wOB6RLHMwcvET1olHfpi/view?usp=drivesdk,A small sample distinguishable by its beige hue and circular form.,204.9,Orange,Summer,Crisp,Irregular,onion,2907
IMG_0733_aug2.jpg,https://drive.google.com/file/d/1SQZV79LNOv1pNQJ_AYZiMkDzmmv-JGoo/view?usp=drivesdk,An organic specimen that feels polished to the touch and looks spherical.,115.8,Green,Summer,Savory,Flattened,onion,2908
IMG_0733_aug1.jpg,https://drive.google.com/file/d/1yr6rO9rmkkBwWWA6qUTMIB1PmhMVi0p2/view?usp=drivesdk,A small spherical object with a sleek pale surface.,115.6,Brown,Autumn,Crisp,Oval,onion,2909
IMG_0731_aug2.jpg,https://drive.google.com/file/d/14EJOQpQkV641FI7l213CX_53_L9D29Um/view?usp=drivesdk,A small globe-shaped object with a polished tan surface.,181.3,Yellow,Spring,Savory,Long,onion,2910
IMG_0727_aug2.jpg,https://drive.google.com/file/d/1IFL_Cw2ZcEqnB9iT7dnxy_3DQPDMRdbM/view?usp=drivesdk,An organic object that feels polished to the touch and looks spherical.,119.1,Brown,Summer,Crisp,Conical,onion,2911
IMG_0727_aug3.jpg,https://drive.google.com/file/d/1N84xx-adpdlR9lwIe2hM4Joa3DykWYsO/view?usp=drivesdk,A pale specimen with a globe-shaped silhouette.,169.5,Orange,Summer,Juicy,Conical,onion,2912
IMG_0727_aug1.jpg,https://drive.google.com/file/d/1RPx_zMiRovZlZSrr3jm_dwrgNec-hCdp/view?usp=drivesdk,A medium globe-shaped specimen with a thin purple surface.,151.3,Orange,Year Round,Sharp,Irregular,onion,2913
IMG_0731_aug3.jpg,https://drive.google.com/file/d/1aakz7ODmU0b7NnsaTXIIQA1zB1EhrSEu/view?usp=drivesdk,This sample is globe-shaped and features a glossy appearance.,144.4,Yellow,Summer,Savory,Round,onion,2914
IMG_0731_aug1.jpg,https://drive.google.com/file/d/1hUAzPOzrgUbcL5xXsXttv2HnvkHwk_f0/view?usp=drivesdk,A earthy object with a orb-like silhouette.,238,Yellow,Spring,Earthy,Globular,onion,2915
IMG_0725_aug3.jpg,https://drive.google.com/file/d/1Aj74pmF79GRGkFL2FOKCwP840xBJiFF-/view?usp=drivesdk,This object is round and features a polished appearance.,219.6,Green,Summer,Mild,Irregular,onion,2916
IMG_0725_aug1.jpg,https://drive.google.com/file/d/1BPcpFVCdvLmv1pl2pjM2Mxg-_jEqblt_/view?usp=drivesdk,A beige sample with a globe-shaped silhouette.,133.4,Yellow,Summer,Earthy,Globular,onion,2917
IMG_0725_aug2.jpg,https://drive.google.com/file/d/1qG5X3fbrkRQELH_Y-6tASKSPJ_JDZ_xf/view?usp=drivesdk,A white specimen with a orb-like silhouette.,208.1,Green,Spring,Juicy,Irregular,onion,2918
IMG_9488_aug3.jpg,https://drive.google.com/file/d/1-qidgkLic30BGjnP1NsP6o6kCP3Dz0zV/view?usp=drivesdk,An organic specimen that feels layered to the touch and looks spherical.,180,Brown,Spring,Juicy,Long,onion,2919
IMG_9488_aug1.jpg,https://drive.google.com/file/d/13u3XLxoTYXIDnnzrebsx_ShaH3ARdvkA/view?usp=drivesdk,An organic item that feels dry to the touch and looks orb-like.,190.4,Yellow,Autumn,Savory,Conical,onion,2920
IMG_9488_aug2.jpg,https://drive.google.com/file/d/1_9FAyKr4W3F22tLPMAwB-BB11w3KDP-Q/view?usp=drivesdk,A medium produce distinguishable by its brownish hue and orb-like form.,217.1,Yellow,Autumn,Juicy,Globular,onion,2921
IMG_9489_aug2.jpg,https://drive.google.com/file/d/11EK849-4zc3ircAh_VGq-__sMdkZ-FOi/view?usp=drivesdk,This produce is orb-like and features a polished appearance.,266.7,Brown,Spring,Mild,Oval,onion,2922
IMG_9489_aug3.jpg,https://drive.google.com/file/d/1_VAz3Dj3lyo8hxl-87lq40OGcXiWXs0k/view?usp=drivesdk,An organic object that feels polished to the touch and looks spherical.,163.9,Yellow,Summer,Earthy,Asymmetric,onion,2923
IMG_9489_aug1.jpg,https://drive.google.com/file/d/1p_BSF8gGSOnwTkPBMAjF2J7oUqVMWKWX/view?usp=drivesdk,A small spherical object with a layered tan surface.,263.3,Brown,Year Round,Mild,Oval,onion,2924
IMG_0730_aug2.jpg,https://drive.google.com/file/d/1BrYoKSXbSmB3zaJYLUHg6kG0hRQEisHd/view?usp=drivesdk,A medium sample distinguishable by its brownish hue and circular form.,102.2,Yellow,Year Round,Juicy,Conical,onion,2925
IMG_0730_aug1.jpg,https://drive.google.com/file/d/1K4jWPpjDeUUjQyvVQjkStT4Q5c3Gh819/view?usp=drivesdk,A purple object with a circular silhouette.,188,Brown,Autumn,Earthy,Conical,onion,2926
IMG_0724_aug3.jpg,https://drive.google.com/file/d/1K9opllndLHUGpaoMu_gOYldSw2PPS2AD/view?usp=drivesdk,A brownish specimen with a circular silhouette.,203.4,Yellow,Year Round,Earthy,Flattened,onion,2927
IMG_0730_aug3.jpg,https://drive.google.com/file/d/1UW78TWj8F906fjG1hQ3qfPdi3enKCZtq/view?usp=drivesdk,A medium orb-like specimen with a shiny brownish surface.,213.2,Yellow,Autumn,Earthy,Asymmetric,onion,2928
IMG_0724_aug1.jpg,https://drive.google.com/file/d/1d2PNlxKLcuuqgrzyMbcsfyOpU6954Y5y/view?usp=drivesdk,A medium globe-shaped organic matter with a papery purple surface.,214.4,Brown,Spring,Crisp,Globular,onion,2929
IMG_0724_aug2.jpg,https://drive.google.com/file/d/1dUDb-IpptScfJ_tF48sTPLjHQoZyddb1/view?usp=drivesdk,This produce is spherical and features a layered appearance.,160.6,Yellow,Summer,Crisp,Flattened,onion,2930
IMG_0729_aug2.jpg,https://drive.google.com/file/d/154t9PuTftud-RaXue1qNbc8krLlprRxm/view?usp=drivesdk,A medium circular specimen with a glossy pale surface.,127.2,Yellow,Summer,Crisp,Long,onion,2931
IMG_0729_aug1.jpg,https://drive.google.com/file/d/1CfNC5jaa9Cgg3mkMiYYsQX2u6kuT8t-b/view?usp=drivesdk,This item is spherical and features a flaky appearance.,210.6,Yellow,Year Round,Crisp,Oval,onion,2932
IMG_0729_aug3.jpg,https://drive.google.com/file/d/1wh7SdeNH5N5Lgdi3rX2aaYvl8X2PIW_o/view?usp=drivesdk,An organic object that feels flaky to the touch and looks spherical.,207,Yellow,Spring,Savory,Irregular,onion,2933
IMG_9484_aug3.jpg,https://drive.google.com/file/d/1ANbkO0iWFpFxV9Ab9MME9xvi4IJ-Dhei/view?usp=drivesdk,A medium specimen distinguishable by its purple hue and spherical form.,238.4,Yellow,Year Round,Juicy,Round,onion,2934
IMG_9484_aug1.jpg,https://drive.google.com/file/d/1Wvq0VXnJqobi73jcoGSfnVNlwAguJNnT/view?usp=drivesdk,A beige object with a globe-shaped silhouette.,236.9,Yellow,Year Round,Earthy,Round,onion,2935
IMG_9484_aug2.jpg,https://drive.google.com/file/d/1kPI4ukPkc_EcH49Pm6u3jgMqVobcwb_R/view?usp=drivesdk,An organic sample that feels polished to the touch and looks circular.,135.6,Yellow,Year Round,Earthy,Flattened,onion,2936
IMG_9490_aug1.jpg,https://drive.google.com/file/d/18IpjttPDYTW_8pn0BlPOMxlbWo3QbBau/view?usp=drivesdk,An organic specimen that feels shiny to the touch and looks round.,84,Yellow,Spring,Crisp,Asymmetric,onion,2937
IMG_9490_aug3.jpg,https://drive.google.com/file/d/1NeIGiEOKPTQs1KNEkShpNTuN5O57yXX5/view?usp=drivesdk,An organic object that feels flaky to the touch and looks spherical.,213.5,Brown,Summer,Savory,Cylindrical,onion,2938
IMG_9490_aug2.jpg,https://drive.google.com/file/d/1R7t5u3rWzzJ5T2qjqrOr-8g_s5j_XwlX/view?usp=drivesdk,This item is circular and features a smooth appearance.,204.5,Yellow,Autumn,Sharp,Long,onion,2939
IMG_9491_aug1.jpg,https://drive.google.com/file/d/1ITw4EX2AiZCut03B0xKadaRVU76pEVqm/view?usp=drivesdk,This specimen is spherical and features a shiny appearance.,178.9,Brown,Summer,Juicy,Conical,onion,2940
IMG_9485_aug3.jpg,https://drive.google.com/file/d/1Qx6QXBehO3zVqRMVD0S2pUsa8Sd5OsAl/view?usp=drivesdk,This object is circular and features a shiny appearance.,173.8,Brown,Year Round,Mild,Globular,onion,2941
IMG_9485_aug1.jpg,https://drive.google.com/file/d/1eU2Yyt7gTQUiPVCPprPmN3nmnCNTuJJm/view?usp=drivesdk,A brownish organic matter with a round silhouette.,145.2,Brown,Spring,Crisp,Long,onion,2942
IMG_9491_aug2.jpg,https://drive.google.com/file/d/1fXog__ooONGvQOccyF4lRR3GwengprNm/view?usp=drivesdk,A beige sample with a round silhouette.,225.1,Brown,Year Round,Mild,Flattened,onion,2943
IMG_9485_aug2.jpg,https://drive.google.com/file/d/1iifwVO25vFcT2fyklRrWgHZP78-8cGtq/view?usp=drivesdk,An organic object that feels thin to the touch and looks circular.,215.8,Yellow,Autumn,Mild,Flattened,onion,2944
IMG_9491_aug3.jpg,https://drive.google.com/file/d/1s3m_0rPLfPcDsVBYi49L6YtUSmatlAk8/view?usp=drivesdk,A small produce distinguishable by its brownish hue and spherical form.,163.8,Brown,Year Round,Crisp,Flattened,onion,2945
IMG_9493_aug2.jpg,https://drive.google.com/file/d/1BzrN3fKVYQ1i9URAIPsPe9MognBVVXCg/view?usp=drivesdk,This object is round and features a glossy appearance.,69,Yellow,Spring,Savory,Long,onion,2946
IMG_9493_aug3.jpg,https://drive.google.com/file/d/1NEz3Cmhh5jFpWtOLP6NNzlb-z1GqywnR/view?usp=drivesdk,An organic organic matter that feels polished to the touch and looks spherical.,174.3,Brown,Spring,Sharp,Oval,onion,2947
IMG_9493_aug1.jpg,https://drive.google.com/file/d/1_UOQkvBAagknWvAOq3Ev3ffNZwXnyJhi/view?usp=drivesdk,This organic matter is circular and features a flaky appearance.,111.2,Yellow,Autumn,Mild,Cylindrical,onion,2948
IMG_0728_aug2.jpg,https://drive.google.com/file/d/1a4V7H1Du5hoCLr802OkHllvQ8AEqECg4/view?usp=drivesdk,An organic sample that feels papery to the touch and looks round.,153.2,Yellow,Autumn,Sharp,Asymmetric,onion,2949
IMG_0728_aug1.jpg,https://drive.google.com/file/d/1n2jSNyrqSQ5z7QmYlKwmyoKRmJLbxDsT/view?usp=drivesdk,This produce is globe-shaped and features a papery appearance.,224.2,Yellow,Year Round,Sharp,Cylindrical,onion,2950
IMG_0728_aug3.jpg,https://drive.google.com/file/d/1n8yjIGlrXm9zTYxHhv4HcEReePQexxC4/view?usp=drivesdk,A small item distinguishable by its earthy hue and round form.,279.6,Yellow,Autumn,Savory,Oval,onion,2951
IMG_9487_aug2.jpg,https://drive.google.com/file/d/13gd5HjdCIXV3RXkyp-l0XGNjSMOkNgVF/view?usp=drivesdk,A beige produce with a spherical silhouette.,135.5,Yellow,Year Round,Sharp,Globular,onion,2952
IMG_9487_aug1.jpg,https://drive.google.com/file/d/1EuyE90w_nuX-xLOf4rQ7Iyu8uZmmI4X-/view?usp=drivesdk,A white sample with a orb-like silhouette.,189.9,Orange,Year Round,Sharp,Flattened,onion,2953
IMG_9487_aug3.jpg,https://drive.google.com/file/d/1j1ByR9lxr3Ge0IJFYagJ1nFnNhpHig8m/view?usp=drivesdk,A brownish organic matter with a round silhouette.,180,Yellow,Spring,Savory,Long,onion,2954
IMG_9486_aug3.jpg,https://drive.google.com/file/d/174vZn5ebQbche3V08wyeG-zWYykakxHs/view?usp=drivesdk,A small sample distinguishable by its purple hue and round form.,149.8,Yellow,Summer,Crisp,Oval,onion,2955
IMG_9486_aug1.jpg,https://drive.google.com/file/d/1JbC1bQWhWeJeTy9W7idG5pA77I8PAYd5/view?usp=drivesdk,A beige sample with a globe-shaped silhouette.,135.9,Yellow,Summer,Sharp,Globular,onion,2956
IMG_9486_aug2.jpg,https://drive.google.com/file/d/1jQeY75d4qCq6-7m86Z8ddWPdzVuBzFK4/view?usp=drivesdk,A white produce with a orb-like silhouette.,126.5,Brown,Year Round,Juicy,Irregular,onion,2957
IMG_9492_aug3.jpg,https://drive.google.com/file/d/1_TaWg5dXWWa1VQFtoo5Nmr41q5nvP0O3/view?usp=drivesdk,This produce is globe-shaped and features a layered appearance.,185.3,Brown,Autumn,Sharp,Cylindrical,onion,2958
IMG_9492_aug1.jpg,https://drive.google.com/file/d/1h-nYJQqpamnzgYIWvUtBP1iJUvn4WMtq/view?usp=drivesdk,A small globe-shaped object with a layered earthy surface.,173.1,Yellow,Autumn,Mild,Cylindrical,onion,2959
IMG_9492_aug2.jpg,https://drive.google.com/file/d/1kOSlfTvwoZwaEzTxerhMaLo7x7z32GGL/view?usp=drivesdk,A small produce distinguishable by its earthy hue and circular form.,174.2,Brown,Summer,Earthy,Long,onion,2960
IMG_9482_aug1.jpg,https://drive.google.com/file/d/1BOd28n15zyPKZxVK1OuhnxLvW_WZtknb/view?usp=drivesdk,A small globe-shaped organic matter with a papery beige surface.,149.2,Yellow,Summer,Mild,Long,onion,2961
IMG_9482_aug2.jpg,https://drive.google.com/file/d/1BZ0W3ew2o_Vbfc5Zd6pLnfoI8MyS4ppt/view?usp=drivesdk,This specimen is spherical and features a dry appearance.,181.9,Yellow,Year Round,Savory,Globular,onion,2962
IMG_9496_aug3.jpg,https://drive.google.com/file/d/1f0_M9Q3DmrBLC1O_LXFrbhnHABOZPGDR/view?usp=drivesdk,An organic produce that feels glossy to the touch and looks orb-like.,103.5,Brown,Summer,Sharp,Flattened,onion,2963
IMG_9496_aug2.jpg,https://drive.google.com/file/d/1kEtW_-gj2LvxpeVbTz7H_ftyKpFGP205/view?usp=drivesdk,A small orb-like specimen with a glossy white surface.,99.5,Brown,Summer,Crisp,Flattened,onion,2964
IMG_9482_aug3.jpg,https://drive.google.com/file/d/1kH8QuFxJaQUU-xZBR2hakTnZ1mUaqGVM/view?usp=drivesdk,An organic object that feels papery to the touch and looks globe-shaped.,197.8,Brown,Spring,Savory,Long,onion,2965
IMG_9496_aug1.jpg,https://drive.google.com/file/d/1xXDkQeu39qKEHnVN2hH4UCpwN3rv5ZhW/view?usp=drivesdk,This object is globe-shaped and features a polished appearance.,169.8,Brown,Summer,Earthy,Round,onion,2966
IMG_9483_aug3.jpg,https://drive.google.com/file/d/13ApTDCdfeRJ9qNEPXX8PlzVXCmWjU34W/view?usp=drivesdk,An organic item that feels layered to the touch and looks globe-shaped.,245.5,Orange,Autumn,Juicy,Round,onion,2967
IMG_9497_aug2.jpg,https://drive.google.com/file/d/1HYg3lTn0kgVgSLvWk0v-Ara7nWdX6dBb/view?usp=drivesdk,An organic organic matter that feels dry to the touch and looks spherical.,97.7,Yellow,Spring,Sharp,Conical,onion,2968
IMG_9483_aug2.jpg,https://drive.google.com/file/d/1L_LADyHQZekriichxa8g-IJAhhpWDNp9/view?usp=drivesdk,A earthy sample with a circular silhouette.,138.7,Brown,Summer,Mild,Flattened,onion,2969
IMG_9497_aug1.jpg,https://drive.google.com/file/d/1fBqBXjncJRrFe7fUor-jkCgOWg5PqlDJ/view?usp=drivesdk,A medium round sample with a thin purple surface.,176.2,Brown,Year Round,Savory,Oval,onion,2970
IMG_9497_aug3.jpg,https://drive.google.com/file/d/1qLBzYWeXu9d9kFqSN66sKEGD6_LXzYMq/view?usp=drivesdk,A pale specimen with a orb-like silhouette.,203.5,Brown,Autumn,Savory,Long,onion,2971
IMG_9483_aug1.jpg,https://drive.google.com/file/d/1lGBb-oK_AkQtBrjoXCsQEEQGIdEqvMq0/view?usp=drivesdk,A beige sample with a globe-shaped silhouette.,199.2,Yellow,Year Round,Crisp,Round,onion,2972
IMG_0738_aug3.jpg,https://drive.google.com/file/d/1OvYZPSXymyRwh0dejpWsOAn6aO5z6Vl0/view?usp=drivesdk,A pale specimen with a globe-shaped silhouette.,204.5,Yellow,Autumn,Sharp,Asymmetric,onion,2973
IMG_0738_aug1.jpg,https://drive.google.com/file/d/1oOqVI97BRT7UWh8ZTfI_6JLqXnnbi-Ps/view?usp=drivesdk,This object is spherical and features a polished appearance.,192.7,Yellow,Year Round,Mild,Long,onion,2974
IMG_0738_aug2.jpg,https://drive.google.com/file/d/1zsnQD4UF7os_fA5Nf0nWCe8Lk6IzQeyc/view?usp=drivesdk,This organic matter is circular and features a polished appearance.,96.4,Yellow,Spring,Sharp,Asymmetric,onion,2975
IMG_9481_aug2.jpg,https://drive.google.com/file/d/1LEPVUOqZwhJW4ECY4XBGXn6Wh6QMZAGv/view?usp=drivesdk,A beige sample with a orb-like silhouette.,113.9,Yellow,Summer,Earthy,Flattened,onion,2976
IMG_9481_aug3.jpg,https://drive.google.com/file/d/1UwHWb3leOa2Glcnf2qHDh3JpQmtxDtgG/view?usp=drivesdk,A tan object with a round silhouette.,162.1,Yellow,Year Round,Juicy,Conical,onion,2977
IMG_9481_aug1.jpg,https://drive.google.com/file/d/1bPmSrw5vlBATO4I1TofHNDwGKeWbEKHc/view?usp=drivesdk,A medium organic matter distinguishable by its tan hue and spherical form.,202.7,Yellow,Summer,Sharp,Irregular,onion,2978
IMG_9495_aug1.jpg,https://drive.google.com/file/d/137ILb1VJk55YzHqwOUH3uDGxhX7KeIVj/view?usp=drivesdk,This specimen is globe-shaped and features a smooth appearance.,197.1,Yellow,Autumn,Crisp,Oval,onion,2979
IMG_9495_aug3.jpg,https://drive.google.com/file/d/1OmuwOIHxvZ0dwzbsM3NmF62_tbAOhmUR/view?usp=drivesdk,An organic item that feels smooth to the touch and looks orb-like.,184.7,Yellow,Summer,Mild,Asymmetric,onion,2980
IMG_9495_aug2.jpg,https://drive.google.com/file/d/1u0fxeU5tHdKspJtBq7KjMeiHvlMOOj1N/view?usp=drivesdk,A small circular item with a smooth white surface.,202.8,Yellow,Summer,Crisp,Round,onion,2981
IMG_0739_aug1.jpg,https://drive.google.com/file/d/1-togM35F-aQDVCA3FsPCjB7MuHHFMf4U/view?usp=drivesdk,An organic item that feels glossy to the touch and looks circular.,161.7,Yellow,Year Round,Crisp,Round,onion,2982
IMG_9494_aug3.jpg,https://drive.google.com/file/d/15HsrqjjBh9Ga_YdRmIANs_j_0w9RYUIE/view?usp=drivesdk,A brownish organic matter with a globe-shaped silhouette.,196.3,Yellow,Summer,Sharp,Irregular,onion,2983
IMG_0739_aug2.jpg,https://drive.google.com/file/d/1APSf5_zDQupYb4nb3qJ7jPdKdVCgtO5h/view?usp=drivesdk,A medium produce distinguishable by its earthy hue and orb-like form.,157.1,Brown,Year Round,Sharp,Asymmetric,onion,2984
IMG_0739_aug3.jpg,https://drive.google.com/file/d/1XYuMelBUNIwicIxuymgvBZiTBlShwnKj/view?usp=drivesdk,A beige produce with a spherical silhouette.,179.7,Yellow,Summer,Juicy,Flattened,onion,2985
IMG_9494_aug1.jpg,https://drive.google.com/file/d/1cU5ZUa1zQcEftvweOVlqKCnYNChLrrex/view?usp=drivesdk,An organic item that feels dry to the touch and looks globe-shaped.,215.7,Brown,Spring,Mild,Flattened,onion,2986
IMG_9494_aug2.jpg,https://drive.google.com/file/d/1iV0k8-CrwgQ0HRV_zWddYaJzupzWwLcE/view?usp=drivesdk,A tan specimen with a globe-shaped silhouette.,194.9,Orange,Year Round,Crisp,Asymmetric,onion,2987
IMG_0776_aug1.jpg,https://drive.google.com/file/d/1ANCejh5sKbZEm-69FZJZXmIaZOOTXSu2/view?usp=drivesdk,A pale specimen with a orb-like silhouette.,135.8,Yellow,Year Round,Juicy,Round,onion,2988
IMG_0776_aug3.jpg,https://drive.google.com/file/d/1EEvCF8x_vyDnkGCdmryg5Ttq0iA5UyX9/view?usp=drivesdk,This sample is spherical and features a thin appearance.,154.6,Yellow,Autumn,Savory,Conical,onion,2989
IMG_0762_aug3.jpg,https://drive.google.com/file/d/1Twci10ceTwbBsHUgjgRhSVEZtU9ZuOIj/view?usp=drivesdk,A medium globe-shaped item with a smooth brownish surface.,189.5,Yellow,Year Round,Mild,Irregular,onion,2990
IMG_0776_aug2.jpg,https://drive.google.com/file/d/1n-KprPtq6Jq9WYy0wwjdOSyfzriGicsl/view?usp=drivesdk,A tan object with a orb-like silhouette.,160.6,Green,Autumn,Earthy,Globular,onion,2991
IMG_0762_aug2.jpg,https://drive.google.com/file/d/1-Y6GJR0lyA2ohwYwuLNzFPF3_1MRSyVH/view?usp=drivesdk,A brownish organic matter with a globe-shaped silhouette.,167,Yellow,Spring,Savory,Cylindrical,onion,2992
IMG_0762_aug1.jpg,https://drive.google.com/file/d/19er_23_SzHviJ5elA0hB5ksJLv57I6yI/view?usp=drivesdk,An organic item that feels flaky to the touch and looks circular.,175.3,Yellow,Year Round,Savory,Irregular,onion,2993
IMG_1078_aug1.jpg,https://drive.google.com/file/d/159RoG-EPHKZP2jbwgPmop2G5i-M493DR/view?usp=drivesdk,A small sample distinguishable by its pale hue and orb-like form.,72.3,Yellow,Year Round,Mild,Long,onion,2994
IMG_1087_aug2.jpg,https://drive.google.com/file/d/1T2CeqdSwaN1pSZgTHdygqeTSEllBc2-A/view?usp=drivesdk,A earthy specimen with a circular silhouette.,183.1,Brown,Spring,Savory,Long,onion,2995
IMG_1087_aug1.jpg,https://drive.google.com/file/d/1g62SoAqP5qfgeXJdE6wVx1Xtegy_UXF3/view?usp=drivesdk,A small produce distinguishable by its earthy hue and spherical form.,214.3,Yellow,Summer,Crisp,Irregular,onion,2996
IMG_1078_aug3.jpg,https://drive.google.com/file/d/1hNSwmw7DDWziPNgQlWub0hvle9oJKFZk/view?usp=drivesdk,A white sample with a globe-shaped silhouette.,137.9,Yellow,Autumn,Earthy,Conical,onion,2997
IMG_1087_aug3.jpg,https://drive.google.com/file/d/1nP3X1FjVFO3B6am0X4PmmHu50ceM4PJA/view?usp=drivesdk,This item is globe-shaped and features a shiny appearance.,143.6,Brown,Autumn,Savory,Long,onion,2998
IMG_1078_aug2.jpg,https://drive.google.com/file/d/1v3zWzO8qM_QDf7_bV5QVEr6szjmufVhJ/view?usp=drivesdk,A tan produce with a spherical silhouette.,150,Brown,Autumn,Mild,Round,onion,2999
IMG_1086_aug2.jpg,https://drive.google.com/file/d/1B4deYFSIaSywLyLsrvZvF5ROF8scCd0F/view?usp=drivesdk,A beige organic matter with a circular silhouette.,111.5,Brown,Spring,Crisp,Long,onion,3000
IMG_1086_aug1.jpg,https://drive.google.com/file/d/1D99Ybw3VVFb8_lLatjZVJxYWaRxpQ2MR/view?usp=drivesdk,A earthy organic matter with a round silhouette.,242.9,Brown,Summer,Mild,Globular,onion,3001
IMG_1086_aug3.jpg,https://drive.google.com/file/d/1iVM7QNdMNIsUBErQF6qHrFdWxhHmc55G/view?usp=drivesdk,A purple item with a round silhouette.,175.5,Brown,Summer,Crisp,Conical,onion,3002
IMG_0788_aug2.jpg,https://drive.google.com/file/d/10Sszm18j_eC2YiUX7G9P_91ZTI9Nxip3/view?usp=drivesdk,This produce is orb-like and features a glossy appearance.,80.6,Yellow,Year Round,Crisp,Cylindrical,onion,3003
IMG_0749_aug2.jpg,https://drive.google.com/file/d/13DuMSGT_4WOMrQEzoIhPy285ucQW1kj3/view?usp=drivesdk,An organic specimen that feels sleek to the touch and looks spherical.,180.6,Dark Red,Year Round,Savory,Conical,onion,3004
IMG_0749_aug1.jpg,https://drive.google.com/file/d/19XLAymgTEBJCVSH_PkXm-yi8UATyXd6c/view?usp=drivesdk,A pale object with a orb-like silhouette.,122.6,Yellow,Autumn,Crisp,Irregular,onion,3005
IMG_0788_aug1.jpg,https://drive.google.com/file/d/1AUL1rR95-FBqSi7AYPY0wLhBaMF83B5R/view?usp=drivesdk,This sample is orb-like and features a glossy appearance.,151.1,Yellow,Year Round,Crisp,Oval,onion,3006
IMG_0763_aug1.jpg,https://drive.google.com/file/d/1VGQV4K0qBq1cWrEGy2A8IfdILs3Ms11Z/view?usp=drivesdk,This object is orb-like and features a flaky appearance.,95.4,Dark Red,Autumn,Earthy,Round,onion,3007
IMG_0763_aug3.jpg,https://drive.google.com/file/d/1ddWnxBV5sjQPs0fLVyhZXDOuCZlj3ZiX/view?usp=drivesdk,An organic sample that feels shiny to the touch and looks circular.,199.2,Dark Red,Autumn,Sharp,Oval,onion,3008
IMG_0788_aug3.jpg,https://drive.google.com/file/d/1nybXL2ogjVSZ47wLNuUk0B21865sGudl/view?usp=drivesdk,An organic specimen that feels thin to the touch and looks globe-shaped.,178.3,Yellow,Autumn,Crisp,Oval,onion,3009
IMG_0749_aug3.jpg,https://drive.google.com/file/d/1qoyYN76b55xvVIVucfoQ9M7xFSLGgJu-/view?usp=drivesdk,A small sample distinguishable by its pale hue and circular form.,115.6,Yellow,Autumn,Juicy,Conical,onion,3010
IMG_0763_aug2.jpg,https://drive.google.com/file/d/1v0YG59rFAl6I0Bn2bT7uCh9V94RlgOWu/view?usp=drivesdk,This object is spherical and features a dry appearance.,124.5,Dark Red,Spring,Crisp,Globular,onion,3011
IMG_0761_aug3.jpg,https://drive.google.com/file/d/10lIqtQqiev8XBHxoUQfcciUtOpV3jPkr/view?usp=drivesdk,A earthy object with a round silhouette.,201.1,Yellow,Year Round,Mild,Flattened,onion,3012
IMG_0761_aug2.jpg,https://drive.google.com/file/d/18L-N1BbnWPLSGqyQGXBkLdRx6FCguUkF/view?usp=drivesdk,This item is circular and features a thin appearance.,225.2,Yellow,Spring,Sharp,Asymmetric,onion,3013
IMG_0761_aug1.jpg,https://drive.google.com/file/d/1p5bLUyDEtn7CyNsrPpMl_nDcgalfKg52/view?usp=drivesdk,A medium circular item with a smooth pale surface.,158.1,Yellow,Summer,Earthy,Long,onion,3014
IMG_0775_aug2.jpg,https://drive.google.com/file/d/1K_wOlQ1JMC9sG1nqOf1ZRpTPPMK4zG3a/view?usp=drivesdk,This object is spherical and features a layered appearance.,141.4,Green,Summer,Juicy,Long,onion,3015
IMG_0775_aug3.jpg,https://drive.google.com/file/d/1LvgHxbpNDSH5Y3K8H6CI2X3eXX96fMJ2/view?usp=drivesdk,A small object distinguishable by its beige hue and round form.,156.8,Green,Autumn,Earthy,Oval,onion,3016
IMG_0775_aug1.jpg,https://drive.google.com/file/d/1cjI1oW0vbYQmoygdJvsdXGXYzNGD4rJi/view?usp=drivesdk,A medium orb-like specimen with a smooth pale surface.,126.1,Green,Summer,Juicy,Flattened,onion,3017
IMG_1084_aug1.jpg,https://drive.google.com/file/d/1-AZsPUrMnPCHbJOcg90CxJ7IRz3VjNaS/view?usp=drivesdk,A pale sample with a round silhouette.,118.4,Yellow,Summer,Sharp,Asymmetric,onion,3018
IMG_1085_aug3.jpg,https://drive.google.com/file/d/13fipzFk9KSn3VU7U2C0mtj-XkNe4_zkX/view?usp=drivesdk,A white object with a orb-like silhouette.,58.9,Brown,Autumn,Savory,Round,onion,3019
IMG_1084_aug2.jpg,https://drive.google.com/file/d/1_pGkpPqHavsqRvRdvegIrqUNKJR1mBux/view?usp=drivesdk,This organic matter is globe-shaped and features a thin appearance.,155.5,Yellow,Summer,Crisp,Irregular,onion,3020
IMG_1084_aug3.jpg,https://drive.google.com/file/d/1lHgEbjoKQdsEX773LOhnRt5GT9VEi9jV/view?usp=drivesdk,A medium orb-like specimen with a smooth beige surface.,120.1,Yellow,Spring,Earthy,Round,onion,3021
IMG_0774_aug2.jpg,https://drive.google.com/file/d/15CiySTXKVod_3SbVIrkBOo0QsFemKSNX/view?usp=drivesdk,A pale organic matter with a globe-shaped silhouette.,171.3,Green,Year Round,Savory,Globular,onion,3022
IMG_1085_aug2.jpg,https://drive.google.com/file/d/1Q4icaqE0H6_Kn864c67KH8SfoR0tk_5R/view?usp=drivesdk,A pale specimen with a round silhouette.,155.1,Yellow,Summer,Crisp,Long,onion,3023
IMG_0774_aug3.jpg,https://drive.google.com/file/d/1jdBmYmJLTccA5JcvDHbMGjNQcFAHNavG/view?usp=drivesdk,This object is round and features a smooth appearance.,178.4,Yellow,Summer,Juicy,Asymmetric,onion,3024
IMG_0774_aug1.jpg,https://drive.google.com/file/d/1q35AddQBY-BAohPsuErY4_vmEQVuYPkz/view?usp=drivesdk,A brownish organic matter with a round silhouette.,228.7,Green,Autumn,Sharp,Asymmetric,onion,3025
IMG_1085_aug1.jpg,https://drive.google.com/file/d/1sHBSEeblsHm-j53EHDr2oTixg4HmjS-I/view?usp=drivesdk,A pale sample with a round silhouette.,203.5,Yellow,Autumn,Earthy,Globular,onion,3026
IMG_0760_aug3.jpg,https://drive.google.com/file/d/10SLj2aitzn2UTjn8yDAq8QXBKPjPylnQ/view?usp=drivesdk,A small sample distinguishable by its beige hue and spherical form.,179.8,Dark Red,Year Round,Crisp,Oval,onion,3027
IMG_0760_aug2.jpg,https://drive.google.com/file/d/16mqRW9Oypr5N2hY07rS0mMYam2wtuK27/view?usp=drivesdk,This produce is spherical and features a sleek appearance.,180.4,Yellow,Summer,Savory,Irregular,onion,3028
IMG_0760_aug1.jpg,https://drive.google.com/file/d/1ux7Kf8pxUKvU0JdI7Q0nl0zIDTKUOVj5/view?usp=drivesdk,This specimen is spherical and features a flaky appearance.,165.1,Red,Spring,Juicy,Irregular,onion,3029
IMG_0764_aug1.jpg,https://drive.google.com/file/d/155XnGpnp8EHN-CpmeOf2cPszhBTsaHc3/view?usp=drivesdk,An organic object that feels flaky to the touch and looks circular.,74.8,Yellow,Summer,Crisp,Long,onion,3030
IMG_0748_aug1.jpg,https://drive.google.com/file/d/17H4fwGp2NtWsK0wpauFtFFt2fYh0cms2/view?usp=drivesdk,This organic matter is spherical and features a flaky appearance.,134.4,Brown,Autumn,Mild,Asymmetric,onion,3031
IMG_0764_aug2.jpg,https://drive.google.com/file/d/19Am8MB1LLKWXJM47T8cTZaMtrFa31tXx/view?usp=drivesdk,A brownish item with a spherical silhouette.,215,Dark Red,Autumn,Sharp,Asymmetric,onion,3032
IMG_0764_aug3.jpg,https://drive.google.com/file/d/1Mf15qYjToJ-4wn0WpRRqgbs6SBLl84PD/view?usp=drivesdk,An organic item that feels glossy to the touch and looks spherical.,143.6,Dark Red,Autumn,Mild,Round,onion,3033
IMG_0748_aug2.jpg,https://drive.google.com/file/d/1RK5d82o2llopc-z9HMxMa2vfzlZZguwy/view?usp=drivesdk,A small object distinguishable by its earthy hue and spherical form.,217.8,Green,Autumn,Earthy,Flattened,onion,3034
IMG_0748_aug3.jpg,https://drive.google.com/file/d/1SFScuY12XEWfSJz65S-_gH3YP29K7MFM/view?usp=drivesdk,A small orb-like specimen with a layered beige surface.,165.1,Brown,Year Round,Earthy,Asymmetric,onion,3035
IMG_1081_aug3.jpg,https://drive.google.com/file/d/18gQ204k79JhuGGS1-nua7Je0h89vlG_a/view?usp=drivesdk,A brownish sample with a globe-shaped silhouette.,143.9,Yellow,Summer,Mild,Flattened,onion,3036
IMG_0758_aug3.jpg,https://drive.google.com/file/d/1ENQSU-7TrHMHpKfi-ihXyPZ8JxM7hDQc/view?usp=drivesdk,A medium orb-like produce with a flaky white surface.,196.7,Dark Red,Summer,Earthy,Oval,onion,3037
IMG_1081_aug2.jpg,https://drive.google.com/file/d/1RzzEuhkpY44K82wV8zVDIke_3azXeIBk/view?usp=drivesdk,This organic matter is globe-shaped and features a papery appearance.,155.7,Yellow,Year Round,Crisp,Conical,onion,3038
IMG_1081_aug1.jpg,https://drive.google.com/file/d/1V607NsmIrdF6d6xFjH7CPGlOsTEMrTdB/view?usp=drivesdk,This sample is spherical and features a papery appearance.,214.5,Brown,Spring,Savory,Cylindrical,onion,3039
IMG_0758_aug2.jpg,https://drive.google.com/file/d/1VXqn-wICnRRy2OXOmd6Ay3ubOAtxEgjz/view?usp=drivesdk,An organic sample that feels flaky to the touch and looks circular.,144.4,Yellow,Summer,Mild,Conical,onion,3040
IMG_0758_aug1.jpg,https://drive.google.com/file/d/1u2aYEHwU-F_n-GWr3scaHtSuloX_WJhV/view?usp=drivesdk,A medium globe-shaped sample with a papery tan surface.,250.5,Dark Red,Year Round,Sharp,Asymmetric,onion,3041
IMG_1080_aug2.jpg,https://drive.google.com/file/d/159fCUc56BmjUZRFVZSbIzkTdsi85_FBo/view?usp=drivesdk,A white produce with a globe-shaped silhouette.,171.8,Yellow,Spring,Juicy,Long,onion,3042
IMG_1080_aug3.jpg,https://drive.google.com/file/d/1wx5j6kaBIiEaRSHq4LPrpVy7D3CW_Nfj/view?usp=drivesdk,A white produce with a circular silhouette.,143.8,Brown,Autumn,Savory,Flattened,onion,3043
IMG_1080_aug1.jpg,https://drive.google.com/file/d/1xqCdBcFnzCoxLCw_qFSTqOAhgW7y7zLM/view?usp=drivesdk,A small orb-like organic matter with a dry white surface.,225,Orange,Spring,Mild,Irregular,onion,3044
IMG_0759_aug2.jpg,https://drive.google.com/file/d/1Ez7HImCLKpnNr8cbINdu0r4PH9cSzJuL/view?usp=drivesdk,An organic sample that feels sleek to the touch and looks round.,286.2,Purple,Autumn,Earthy,Cylindrical,onion,3045
IMG_0759_aug3.jpg,https://drive.google.com/file/d/1KaM8LLL0b5MuhNYeDRM1gtXMJURl4Nfw/view?usp=drivesdk,A small spherical produce with a shiny earthy surface.,179.1,Yellow,Year Round,Mild,Flattened,onion,3046
IMG_0759_aug1.jpg,https://drive.google.com/file/d/1YzVMfH__wN7RsntUcM8nuTjwluBc76r9/view?usp=drivesdk,An organic object that feels glossy to the touch and looks spherical.,142.5,Dark Red,Summer,Juicy,Irregular,onion,3047
IMG_0771_aug3.jpg,https://drive.google.com/file/d/1r_90g2saCAwXffSJso0Yt5aK1kvlyp8O/view?usp=drivesdk,A small specimen distinguishable by its brownish hue and round form.,130.7,Dark Red,Summer,Sharp,Asymmetric,onion,3048
IMG_0771_aug1.jpg,https://drive.google.com/file/d/1JC067W45srUf84PwiU8nu4tUQN8Mo3qU/view?usp=drivesdk,An organic object that feels dry to the touch and looks spherical.,152,Dark Red,Summer,Sharp,Conical,onion,3049
IMG_0765_aug2.jpg,https://drive.google.com/file/d/1jgiEK3xbW5DVQQzUUoHiFRUUMUVpI9-O/view?usp=drivesdk,This sample is orb-like and features a flaky appearance.,197.1,Dark Red,Year Round,Juicy,Oval,onion,3050
IMG_0765_aug1.jpg,https://drive.google.com/file/d/1lCrZUbnKXvdQtyLT_qTgFBecsoDKtjhz/view?usp=drivesdk,This organic matter is round and features a layered appearance.,167.3,Yellow,Spring,Crisp,Asymmetric,onion,3051
IMG_0771_aug2.jpg,https://drive.google.com/file/d/1m1F6rhLa-P2Wqpid9ZL4Wuv1EyXju2B4/view?usp=drivesdk,This object is spherical and features a dry appearance.,167.5,Yellow,Spring,Savory,Cylindrical,onion,3052
IMG_0765_aug3.jpg,https://drive.google.com/file/d/1q3dhJ6HpXEz0yqvprWU7qafKBZr6GMgu/view?usp=drivesdk,An organic produce that feels thin to the touch and looks round.,257.3,Yellow,Spring,Earthy,Irregular,onion,3053
IMG_0773_aug1.jpg,https://drive.google.com/file/d/17i7-1SxD98TeBff2oJbjx9Wxq5cyqvPO/view?usp=drivesdk,A pale produce with a orb-like silhouette.,186.4,Green,Spring,Earthy,Oval,onion,3054
IMG_0773_aug2.jpg,https://drive.google.com/file/d/1N7loBk0mEdgKZ05D1ok0G58YJ7U5jy_9/view?usp=drivesdk,A medium spherical specimen with a sleek pale surface.,168.9,Yellow,Year Round,Savory,Oval,onion,3055
IMG_0773_aug3.jpg,https://drive.google.com/file/d/1s3C4i5LazaiDOhStD8Ae5M35qX_Vy7T3/view?usp=drivesdk,A tan organic matter with a circular silhouette.,95.7,Green,Autumn,Sharp,Flattened,onion,3056
IMG_1082_aug1.jpg,https://drive.google.com/file/d/1NEuqsHXu0syw1drpONReajLsFALNfgMZ/view?usp=drivesdk,An organic sample that feels dry to the touch and looks orb-like.,216.9,Brown,Autumn,Savory,Long,onion,3057
IMG_1082_aug3.jpg,https://drive.google.com/file/d/1arsNtS4XI-ZPAr5c_KqY-VH1aWd8J2Tn/view?usp=drivesdk,This specimen is round and features a papery appearance.,123.3,Yellow,Year Round,Savory,Globular,onion,3058
IMG_1082_aug2.jpg,https://drive.google.com/file/d/1hqgjBNt0sNfR0a1_l2ev5BdneQ3Zz8XP/view?usp=drivesdk,A earthy object with a round silhouette.,148.2,Yellow,Year Round,Mild,Conical,onion,3059
IMG_1069_aug2.jpg,https://drive.google.com/file/d/1B9ev0iTl1yhGZvQx3ufZU013CSV0kMpz/view?usp=drivesdk,This object is circular and features a polished appearance.,215.5,Yellow,Year Round,Juicy,Irregular,onion,3060
IMG_1069_aug3.jpg,https://drive.google.com/file/d/1R8uXEBAx3xbhur8gk9_bHJp81mMqieR6/view?usp=drivesdk,This organic matter is spherical and features a thin appearance.,182.9,Yellow,Year Round,Sharp,Round,onion,3061
IMG_1069_aug1.jpg,https://drive.google.com/file/d/1wG_1qB3d8n3AMWsCggweYBnNDN2TXa59/view?usp=drivesdk,A small object distinguishable by its brownish hue and globe-shaped form.,200.1,Yellow,Autumn,Crisp,Flattened,onion,3062
IMG_1068_aug2.jpg,https://drive.google.com/file/d/1rsRMmKCRhZUYbEH35Gwj0QsRpMXPJlmR/view?usp=drivesdk,This item is round and features a thin appearance.,200.4,Yellow,Autumn,Sharp,Oval,onion,3063
IMG_1068_aug3.jpg,https://drive.google.com/file/d/1tkxl_ywBgNVypgYhAe9OJ2bWoVbFDKYT/view?usp=drivesdk,A medium sample distinguishable by its tan hue and globe-shaped form.,154.1,Yellow,Summer,Savory,Flattened,onion,3064
IMG_1068_aug1.jpg,https://drive.google.com/file/d/1zm8S9tAEnl-22p_xDRjI9Qn9TRaHiOXO/view?usp=drivesdk,A small circular object with a glossy earthy surface.,198.8,Yellow,Year Round,Crisp,Round,onion,3065
IMG_0766_aug2.jpg,https://drive.google.com/file/d/19Ta7fD-y2CaVQzm9KPCftkIbXaft5wh6/view?usp=drivesdk,A medium sample distinguishable by its tan hue and round form.,194.6,Green,Summer,Mild,Globular,onion,3066
IMG_0772_aug2.jpg,https://drive.google.com/file/d/1HbLDqvliJq3MD-gS05MT-yC_YnVmy4ZG/view?usp=drivesdk,An organic item that feels layered to the touch and looks globe-shaped.,155.8,Dark Red,Year Round,Sharp,Flattened,onion,3067
IMG_0772_aug3.jpg,https://drive.google.com/file/d/1TiYF-to6Crg1-bhwZ0gBWES5jAZAxrxS/view?usp=drivesdk,An organic object that feels shiny to the touch and looks round.,191.5,Green,Autumn,Mild,Irregular,onion,3068
IMG_0766_aug1.jpg,https://drive.google.com/file/d/1oAByx9DU6Z9Jc6leIlSJ49WeJHMIHAYr/view?usp=drivesdk,A medium item distinguishable by its pale hue and round form.,206.3,Dark Red,Autumn,Crisp,Long,onion,3069
IMG_0766_aug3.jpg,https://drive.google.com/file/d/1yess384rFzzuoGucELfLAF58OawUutUH/view?usp=drivesdk,An organic item that feels layered to the touch and looks circular.,98.4,Purple,Autumn,Savory,Long,onion,3070
IMG_0772_aug1.jpg,https://drive.google.com/file/d/15QzXDc-x5b_gBhjMCbvgnj4MP0WsQ5GE/view?usp=drivesdk,This item is orb-like and features a layered appearance.,152,Dark Red,Spring,Sharp,Round,onion,3071